en	ko
A sawhorse and some tools can go a long way. Basic carpentry can be done here.	작업대와 도구 몇 개면 오래 간다. 기본 목공은 여기서 할 수 있다.
A dry looking grass, with numerous starchy seeds. Good for making bread, possibly?	말라 보이는 풀에 전분질 씨앗이 많다. 빵 만들기에 좋을지도?
A wild cocoa tree. It is very short. Cocoa tastes good, and can taste even better after it is processed into chocolate.	야생 코코아나무. 아주 작다. 코코아는 맛있고, 초콜릿으로 가공하면 더 맛있어진다.
A rock on which diamonds have grown.	다이아몬드가 자란 바위.
Space out in this bed modelled after one of the first reuseable spacecraft flown by our saviors.	구원자들이 날렸던 최초의 재사용 우주선 중 하나를 본뜬 이 침대에서 우주로 떠나라.
A small safe, and very strong. The lock is very insecure, though.	작고 아주 튼튼한 금고. 다만 자물쇠는 허술하다.
It could be a dirturchin. It is probably not an alien sea urchin, and it is definitely not an alien normal urchin.	흙고슴도치일 수 있다. 아마 외계 성게는 아니고, 확실히 외계 보통 고슴도치도 아니다.
A cold iceball dwarf planet on the outskirts of the Sol system.	태양계 변두리에 있는 차가운 얼음덩어리 왜행성.
A long bar, smooth enough to slide drinks down; right before missing the recipient and ending up un the floor, shattered as your dreams, as you are fired from the establishment.	음료를 미끄러뜨리기에 충분히 매끄러운 긴 바; 받는 이를 놓치고 바닥에서 깨지기 직전까지 — 네 꿈처럼 산산조각이 나고, 넌 가게에서 해고된다.
An egg of a cold, snowy white, the bottom of which is speckled with blue. Touching it reveals that it is very cold.	차갑고 눈처럼 하얀 알로, 바닥엔 파란 점박이가 있다. 만져보면 아주 차갑다.
Nuu cannot use this. Male Nuu have to use the stall, always.	누는 이걸 쓸 수 없다. 수컷 누는 항상 칸막이를 써야 한다.
A very hot blasted rock. The closest planet to Sol.	아주 뜨겁게 달궈진 바위. 태양에서 가장 가까운 행성.
A small rusted countertop. Dust coats the surface. You can draw smileys in it!	작고 녹슨 조리대. 표면에 먼지가 쌓여 있다. 거기에 스마일을 그릴 수 있다!
Turbines? Scrubbers? Condensers? It is difficult to surmise in this state.	터빈? 스크러버? 응축기? 이 상태로는 알기 어렵다.
A small battered console. Sediment clogs all the gaps.	작고 두들겨 맞은 콘솔. 퇴적물이 모든 틈을 막고 있다.
A short plant with a blue-rimmed reproductive organ. These are called 'flowers'.	파란 테두리의 생식 기관이 달린 낮은 식물. 이것을 '꽃'이라 부른다.
A plant with a soft metallic bulb. It is a boltbulb, surely.	부드러운 금속 구근이 달린 식물. 볼트전구가 분명하다.
A space kiwi plant, though it seems to have forgotten its domestication.	우주 키위 식물인데, 길들여진 걸 잊어버린 듯하다.
The homeworld of our saviors. It doesn't exist anymore.	우리 구원자들의 모행성. 이제 존재하지 않는다.
An orange carrot grows below this carrot plant. Shocking, is it not?	이 당근 식물 아래로 주황 당근이 자란다. 놀랍지 않은가?
A red egg, speckled with yellow. It radiates heat; touching it for too long would burn the hand.	노란 점박이의 붉은 알. 열을 내뿜어 오래 만지면 손이 델 것이다.
This chair could have, at one point, been someone's favorite. Now it is definitely not.	이 의자는 한때 누군가의 애착이었을 수 있다. 지금은 확실히 아니다.
A big whitish egg, covered in big black mottles; or is it a big black egg covered in whiteish mottles?	큰 검은 반점이 덮인 커다란 희끄무레한 알; 아니면 희끄무레한 반점이 덮인 커다란 검은 알인가?
A wild sugary cane, the sap is deliciously sweet. History of sugar cane on Earth was the very opposite of sweet.	야생의 달콤한 사탕수수. 수액이 맛있게 달다. 지구의 사탕수수 역사는 달콤함과 정반대였다.
Sugar cane requres a lot of manual labor in the burning sun to farm, but many Nuu do it anyways, despite the health risk.	사탕수수는 불타는 태양 아래 많은 수작업이 필요하지만, 건강 위험에도 많은 누가 해낸다.
I wonder what use this tiny input had. There's not much possible with eight buttons.	이 작은 입력장치가 무슨 쓸모였을까. 버튼 여덟 개로 할 수 있는 건 별로 없다.
Wires and other material hang through this punchhole in the ceiling.	전선과 다른 재료가 천장의 이 펀치 구멍을 통해 늘어져 있다.
Cotton prooduces these little balls of seeds and fluff, the latter used to spin textiles and other things. On Golchar, there was a type of mold used in the same way.	목화는 씨앗과 솜털의 작은 공을 만드는데, 후자는 직물 등을 짜는 데 쓰인다. 골차르에는 같은 용도로 쓰인 곰팡이가 있었다.
This durasteel bed is surprisingly stable, despite its appearance.	이 듀라스틸 침대는 겉모습에 비해 놀랍도록 안정적이다.
It is smart to have redundant inputs, in the case that one breaks. What should be done when they all do?	하나가 고장 날 경우를 대비해 예비 입력장치를 두는 건 현명하다. 전부 고장 나면 어떡하지?
A gas giant with impressive rings. Atmospheric conditions cause a hexagon to form at one of the poles. Most Humans will say it is their favorite planet besides Earth.	인상적인 고리를 가진 가스 거인. 대기 조건이 한 극에 육각형을 만든다. 대부분의 인간은 지구 다음으로 좋아하는 행성이라고 말한다.
A steel workbench. The exterior is scattered with tools.	강철 작업대. 겉면에 도구가 흩어져 있다.
A brightly-coloured dirturchin plant, poking out from the soil. They say it is comparable to Golchari spinewad meat, but they also say it is not even close to as good.	선명한 색의 흙고슴도치 식물이 흙에서 튀어나와 있다. 골차르 가시고기 고기에 비견된다지만, 그만큼 좋진 않다고도 한다.
Red berries on a plant. Eating a few gives one a buzz of energy. It is something approximating coffee, if not exactly that.	식물에 달린 빨간 열매. 몇 개 먹으면 에너지가 솟는다. 정확히는 아니지만 커피에 가까운 것이다.
High pressure steam once blasted through this turbine. It looks like the pressure got too high for it to handle.	고압 증기가 한때 이 터빈을 관통했다. 압력이 감당할 수준을 넘었던 모양이다.
Fluffy balls with sharp seeds grow on this plant. It is either cotton, or resembles it enough to be used similarly.	날카로운 씨앗이 달린 폭신한 공이 이 식물에서 자란다. 목화이거나, 비슷하게 쓸 만큼 닮았다.
A chandelier made from glass and brass. It burns paraffin, judging by the smell. Not safe for swinging on in a bar fight.	유리와 황동으로 만든 샹들리에. 냄새로 보아 파라핀을 태운다. 술집 싸움에서 매달려 흔들기엔 안전하지 않다.
A plant of a brilliant blue. They say these things are called 'flowers'!	찬란한 파랑의 식물. 이것들을 '꽃'이라 부른단다!
Is it an inlet, an outlet, or an engine? You decide!	입구인가, 출구인가, 엔진인가? 네가 정해라!
This small electric turbine blasts hot air at your hands to dry them quickly. It is not always easy to supply paper towels on distant planets.	이 작은 전기 터빈은 뜨거운 공기를 손에 뿜어 빨리 말려준다. 먼 행성에서 종이타월을 구하기는 쉽지 않다.
Is it an imitation plant, or just one with very waxy leaves? It is sometimes hard to tell.	모조 식물인가, 그냥 매우 밀랍질 잎을 가진 건가? 구별하기 어려울 때가 있다.
Now I have one more indescribable horror to worry about...	이제 걱정해야 할 형언할 수 없는 공포가 하나 더 늘었다...
A space kiwi plant. Kiwis always reminded me of the stuffed vermin from home, only they are sweet and contain no entrails.	우주 키위 식물. 키위는 항상 고향의 박제된 해충을 떠올리게 했는데, 달콤하고 내장이 없을 뿐이다.
A short cocoa tree. A popular Nuu snack is made from chocolate, spores, and crunchy burnt sugar.	낮은 코코아나무. 인기 있는 누 간식은 초콜릿, 포자, 바삭한 탄 설탕으로 만든다.
It seems that some of the 'R' got weathered away. Or was it supposed to say 'floop'?	'R' 일부가 풍화된 것 같다. 아니면 원래 '플룹'이라고 쓰려던 건가?
Small glowing tendrils protrude from the ceiling, lighting the way.	작은 발광 촉수가 천장에서 돌출해 길을 밝힌다.
This thing turning on at all is laudatory to its designer.	이게 켜지기라도 한다는 것만으로 설계자에게 찬사다.
This display has been beaten off its mount. The tube has a giant hole in it.	이 디스플레이는 거치대에서 두들겨 떨어졌다. 튜브에 커다란 구멍이 있다.
A metalworking anvil made from iron. These are very heavy.	철로 만든 금속 가공 모루. 아주 무겁다.
A copper lamp, hanging from a copper chain.	구리 체인에 매달린 구리 램프.
An upright piano. Someone left their drink on the top.	업라이트 피아노. 누가 위에 음료를 놓고 갔다.
A sugary, orange, brittle tuber. It is either a carrot, or something close enough.	달콤하고 주황색인 부서지기 쉬운 괴경. 당근이거나 그에 준하는 것이다.
Coffea plants produce small red drupes, the pits of which should be roasted. Afterwards, you will have coffee beans!	커피나무는 작은 빨간 핵과를 맺고, 그 씨는 볶아야 한다. 그러면 커피콩이 된다!
A plant of a bright yellow that catches the eye. It is similar in color to caution markings.	눈을 끄는 밝은 노랑의 식물. 주의 표시와 비슷한 색이다.
A plant with a soft metallic bulb. It is a boltbulb.	부드러운 금속 구근이 달린 식물. 볼트전구다.
Sol. The light that shone on our savior's homeworld. It does no longer.	솔. 우리 구원자의 모행성을 비추던 빛. 이제는 아니다.
A small rock on which diamonds have grown.	다이아몬드가 자란 작은 바위.
The skin of a single large animal is laid across this wooden bed as a blanket.	커다란 동물 한 마리의 가죽이 이 나무 침대에 담요로 깔려 있다.
A metal workbench. It is well enough equiped to make a wide variety of materials and furnishings.	금속 작업대. 다양한 재료와 가구를 만들 만큼 잘 갖춰져 있다.
Wheat, a versatile starchy grain. You can make noodles and bread out of it, just like gloom shrooms!	밀, 다재다능한 전분질 곡물. 국수와 빵을 만들 수 있다, 침울버섯처럼!
