0	버도라고 부르지 마, 버디라고 불러!
1	캐서엣의 꼬리
2	오, 왜 하필 걔네가 여기 있는 거야? 왜 우린 단둘이 사랑의 언어를 못 나누는 거야, 자기야?
3	캐서엣의 상의
4	이번엔 널 받을 준비가 됐어!
5	캐서엣의 머리/리본/왕관
6	캐서엣의 드레스
7	캐서엣의 머리/리본
8	오오오오오오.
9	부끄엣의 상의
10	부끄엣의 왕관/얼굴
11	넌 부끄부끄를 몰라.
12	부끄엣의 드레스
13	부끄엣의 얼굴
14	부끄엣의 눈
15	이건 두고 가지 마!
16	부끄엣의 뒷머리 반 가발
17	부끄엣의 가발과 얼굴
18	부끄엣의 가발
19	이거에 맞고 싶진 않다.
20	쿠파젯의 등껍질
21	인터넷이 뭘 만든 거람?
22	쿠파젯의 코르셋
23	피치저 아니었어야 하나?
24	쿠파젯의 왕관/뿔
25	이 드레스 속에 뭐가 있는지 잘 모르겠다.
26	쿠파젯의 드레스
27	너무 작다!
28	쿠파젯의 작은 등껍질
29	쿠파젯의 뿔
30	쿠파젯의 드레스 2
31	제일 귀여운 쿠파 꼬리.
32	쿠파젯의 꼬리
33	쿠파젯의 가발과 잡동사니
34	쿠파젯의 가발
35	냠냠냠!
36	멍멍엣의 상의
37	저 이빨 좀 봐!
38	멍멍엣의 왕관/머리
39	여긴 사슬이 없다!
40	멍멍엣의 드레스
41	멍멍엣의 머리
42	멍멍엣의 가발과 왕관
43	멍멍엣의 가발
44	슈퍼!
45	슈퍼 크라운
46	슈퍼 크라운 소형
47	슈퍼 크라운 소형 2
48	슈퍼 크라운 대형
49	식물이 어떻게 혀가 있는 거지?
50	뻐끔엣의 코르셋
51	뻐끔엣의 왕관/가발
52	뻐끔플라워는 가끔 뼈로 만들어지기도 한다...
53	뻐끔엣의 드레스
54	뻐끔엣의 왕관
55	이 소매는 팔 전체를 거의 가려준다.
56	헤이엣의 상의
57	헤이엣의 두건/마스크
58	킬러 부츠.
59	헤이엣의 드레스
60	헤이엣의 두건/마스크 2
61	헤이엣의 두건/마스크 3
62	헤이엣의 두건 2
63	목걸이 정말 아름답지 않아? 너무 사랑스러워서... 그냥 주워 올 수밖에 없었다!
64	비비엣의 상의
65	나... 너와 여행한 시간을 절대 잊지 않을 거야. 그러니까... 너도 날 잊지 마...
66	비비엣의 모자와 머리
67	어어... 마리오... 나... 나는... 나는 점점 널 좋아하게 된 것 같── 어, 어, 아니야... ...그-그래, 너랑 피치는 정말 잘 어울리는 커플 같아... 흠흠흠...
68	비비엣의 드레스
69	비비엣의 가슴 의상
70	비비엣의 머리
71	^red;참고: 몸을 가립니다.^reset;
72	비비엣의 유령 드레스
73	비비엣의 가발
74	비비엣의 모자
75	비비엣의 머리/왕관
76	비비엣의 왕관
77	오랫동안 안장으로 여겨져 왔다.
78	요시엣의 등껍질
79	최고의 동료를 위한 최고의 코르셋.
80	요시엣의 코르셋
81	왕관에 달걀은 좀 이상한 장식이지.
82	요시엣의 왕관
83	펄럭 점프에 완벽하다.
84	요시엣의 드레스
85	요시!
86	요시엣의 가발과 왕관
87	요시엣의 가발
