asset	field	en	ko	src
/items/throwables/CCcosmicgasbomb.thrownitem	itemName	CCcosmicgasbomb	CCcosmicgasbomb	
/items/throwables/CCcosmicgasbomb.thrownitem	shortdescription	Nebulous Bottle	성운 병	
/items/throwables/CCcosmicgasbomb.thrownitem	description	The gas in this bottle reflects the cosmos.	이 병 안의 기체는 우주를 비춘다.	
/items/throwables/CCcosmicliquidbomb.thrownitem	itemName	CCcosmicliquidbomb	CCcosmicliquidbomb	
/items/throwables/CCcosmicliquidbomb.thrownitem	shortdescription	Nebulous Vial	성운 바이알	
/items/throwables/CCcosmicliquidbomb.thrownitem	description	The liquid in this vial reflects the cosmos.	이 바이알 안의 액체는 우주를 비춘다.	
/items/throwables/CCcosmicsolidbomb.thrownitem	itemName	CCcosmicsolidbomb	CCcosmicsolidbomb	
/items/throwables/CCcosmicsolidbomb.thrownitem	shortdescription	Nebulous Marble	성운 구슬	
/items/throwables/CCcosmicsolidbomb.thrownitem	description	Compressed phase matter, reinforced with extra glass. Glows a cosmic pink!	압축된 위상 물질, 추가 유리로 보강됐다. 우주적인 분홍으로 빛난다!	
/items/throwables/CCcosmicstickybomb.thrownitem	itemName	CCcosmicstickybomb	CCcosmicstickybomb	
/items/throwables/CCcosmicstickybomb.thrownitem	shortdescription	Sticky Nebulous Marble	끈적 성운 구슬	
/items/throwables/CCcosmicstickybomb.thrownitem	description	Compressed phase matter, reinforced with extra glass. Glows a cosmic pink and sticks to surfaces!	압축된 위상 물질, 추가 유리로 보강됐다. 우주적인 분홍으로 빛나며 표면에 달라붙는다!	
/items/throwables/CCradioactivegasbomb.thrownitem	itemName	CCradioactivegasbomb	CCradioactivegasbomb	
/items/throwables/CCradioactivegasbomb.thrownitem	shortdescription	Isotopic Bottle	동위원소 병	
/items/throwables/CCradioactivegasbomb.thrownitem	description	The gas in this bottle gives off an unstable vibe.	이 병 안의 기체는 불안정한 기운을 풍긴다.	
/items/throwables/CCradioactiveliquidbomb.thrownitem	itemName	CCradioactiveliquidbomb	CCradioactiveliquidbomb	
/items/throwables/CCradioactiveliquidbomb.thrownitem	shortdescription	Isotopic Vial	동위원소 바이알	
/items/throwables/CCradioactiveliquidbomb.thrownitem	description	The liquid in this vial gives off an unstable vibe.	이 바이알 안의 액체는 불안정한 기운을 풍긴다.	
/items/throwables/CCradioactivesolidbomb.thrownitem	itemName	CCradioactivesolidbomb	CCradioactivesolidbomb	
/items/throwables/CCradioactivesolidbomb.thrownitem	shortdescription	Isotopic Marble	동위원소 구슬	
/items/throwables/CCradioactivesolidbomb.thrownitem	description	Compressed toxic waste, reinforced with extra glass. Glows a radioactive green!	압축된 독성 폐기물, 추가 유리로 보강됐다. 방사성 녹색으로 빛난다!	
/items/throwables/CCradioactivestickybomb.thrownitem	itemName	CCradioactivestickybomb	CCradioactivestickybomb	
/items/throwables/CCradioactivestickybomb.thrownitem	shortdescription	Sticky Isotopic Marble	끈적 동위원소 구슬	
/items/throwables/CCradioactivestickybomb.thrownitem	description	Compressed toxic waste, reinforced with extra glass. Glows a radioactive green and sticks to surfaces!	압축된 독성 폐기물, 추가 유리로 보강됐다. 방사성 녹색으로 빛나며 표면에 달라붙는다!	
/items/throwables/CCshadowgasbomb.thrownitem	itemName	CCshadowgasbomb	CCshadowgasbomb	
/items/throwables/CCshadowgasbomb.thrownitem	shortdescription	Void Bottle	공허 병	
/items/throwables/CCshadowgasbomb.thrownitem	description	The gas in this bottle seeps darkness into the atmosphere.	이 병 안의 기체는 어둠을 대기 속에 스며들게 한다.	
/items/throwables/CCshadowliquidbomb.thrownitem	itemName	CCshadowliquidbomb	CCshadowliquidbomb	
/items/throwables/CCshadowliquidbomb.thrownitem	shortdescription	Void Vial	공허 바이알	
/items/throwables/CCshadowliquidbomb.thrownitem	description	The liquid in this vial seeps darkness into the atmosphere.	이 바이알 안의 액체는 어둠을 대기 속에 스며들게 한다.	
/items/throwables/CCshadowsolidbomb.thrownitem	itemName	CCshadowsolidbomb	CCshadowsolidbomb	
/items/throwables/CCshadowsolidbomb.thrownitem	shortdescription	Void Marble	공허 구슬	
/items/throwables/CCshadowsolidbomb.thrownitem	description	Compressed carbon, reinforced with extra glass. Glows (??) a shadowy black!	압축된 탄소, 추가 유리로 보강됐다. 그늘진 검정으로 빛난다!(??)	
/items/throwables/CCshadowstickybomb.thrownitem	itemName	CCshadowstickybomb	CCshadowstickybomb	
/items/throwables/CCshadowstickybomb.thrownitem	shortdescription	Sticky Void Marble	끈적 공허 구슬	
/items/throwables/CCshadowstickybomb.thrownitem	description	Compressed carbon, reinforced with extra glass. Glows a shadowy black (??) and sticks to surfaces!	압축된 탄소, 추가 유리로 보강됐다. 그늘진 검정으로 빛나며(??) 표면에 달라붙는다!	
