300	^#20f080;세터니아^reset; 증강 ^#8020f0;^reset;
301	^#20f080;세터-EPP^reset;를 증강으로 압축했다.\n^#7733aa;전기 저항^reset; 25%와 ^#7733aa;전기 면역^reset;, ^#20f080;임펄스 면역^reset;을 추가한다.
302	전투 증강
303	동력과 이동 속도를 살짝 올려주는 EPP 모듈.
304	전투 동력 증강 ^#2080f0;^reset;
305	동력과 전반적인 기동성을 살짝 올려주는 EPP 모듈.
306	드리머의 증강 ^#8020f0;^reset;
307	^#8020f0;이온 구름^reset;과 ^#2080f0;자동 보호^reset;를 추가하는 EPP 모듈.
308	^#f02020;EDS^reset; 에임봇 증강 ^#2080f0;^reset;
309	물리·전기 보호를 살짝 올려주는 EPP 모듈.
310	^#f02020;EDS^reset; 증강
311	^#20f080;엘리트^reset; 증강 ^#8020f0;^reset;
312	^#20f080;자동 반발기^reset;와 ^#2080f0;응급 치유기^reset;를 추가하는 EPP 모듈.
313	^#8020f0;에터니아^reset; 증강 ^#8020f0;^reset;
314	^#8020f0;엔터-EPP^reset;를 증강으로 압축했다.\n^#7733aa;전기 저항^reset; 18%와 ^#7733aa;전기 면역^reset;, ^#8020f0;이온 면역^reset;을 추가한다.  \n^gray;스타버스트 재작업: ^reset;^#7733aa;치명적 정전기^reset;^gray; 면역.^reset;
315	헤비카 증강 ^#2080f0;^reset;
316	^#0050c0;헤비카이 상태 면역^reset;을 주고 ^#0050c0;과충전 크리스탈^reset;을 추가하는 EPP 모듈.
317	임펄스 증강 ^#2080f0;^reset;
318	주기적으로 이온 구름을 폭발시키는 EPP 모듈.
319	이온코어 증강 ^#2080f0;^reset;
320	^#4f4c46;흑요석^reset; EPP 모듈로, ^#20f080;과충전 크리스탈^reset;로 너를 채우고 ^#8020f0;이온 구름^reset;을 폭발시킨다.
321	이온 증강 ^#2080f0;^reset;
322	포스폴리온 증강
323	약하게 방사성을 띤 이 EPP 모듈은 화염 보호를 주고 너를 빛나게 해준다.
324	플라스마 증강 ^#2080f0;^reset;
325	주기적으로 플라스마를 폭발시키는 EPP 모듈.
326	뒤틀린 증강 ^#20f080;^reset;
327	^#80f020;독^reset; 보호를 주고 주기적으로 ^#9b2d3f;뒤틀린^reset; ^#80f020;독 구름^reset;을 폭발시키는 돌연변이 EPP 모듈.
328	축전 목걸이
329	애완동물을 전기 효과에 면역으로 만들고 공격받을 때 에너지 파로 적을 튕겨내는 목걸이. ^#a7e001;기트신^reset;으로 만들었다.
330	독 포자 목걸이 ^#2080f0;^reset;
331	^#3baf2f;아릭^reset; 목걸이로, 애완동물이 주기적으로 주위에 ^#80f020;독 구름^reset;을 뿜게 하고 ^#80f020;독^reset; 보호를 준다.
332	에바루스 목걸이
333	애완동물을 ^#8020f0;에터니아^reset; 효과에 면역으로 만드는 목걸이.
334	마인드프레임 목걸이
335	애완동물이 전기로 주변 적에게 피해를 입히게 하고 체력이 낮을 때 역장 실드로 보호하는 목걸이.
336	독 구름 목걸이
337	애완동물이 주기적으로 주위에 독 구름을 뿜게 하는 목걸이.
338	의식 목걸이
339	애완동물의 ^#7733aa;전기 저항^reset;을 15% 올리고 ^#7733aa;전기 면역^reset;을 주는 목걸이.
340	알타 안테나
341	용도를 알 수 없는 보호된 첨단 부속지 한 벌.
342	기록관 상의
343	알타 기록관들이 쓰는 과학 코트의 윗부분. 온갖 과학 물품을 넣을 주머니가 잔뜩 달렸다!
344	스타더스트 후드
345	스타더스트 빛으로 반짝이는 마법의 후드!
346	기록관 하의
347	알타 기록관들이 쓰는 과학 코트의 아랫부분. 온갖 과학 물품을 넣을 주머니가 잔뜩 달렸다!
348	알타 운동 투창
349	표적에 던질 수 있는 단순한 장난감 다트. 아니면 그냥 엉망으로 빗나가든가, 뭐든.
350	알타 염료
351	바이온 염료
352	티타늄 염료
353	달콤한 서프라이즈
354	절대 폭발하지 않을 것 같은 순진한 사탕. 분명 음식이다. 믿어줘. ^#f02080;"^reset;
355	루네바 알타 요리. 여제가 너를 사랑하고 아낀다! 이 케이크가 그걸 다 표현하진 못해도 이번엔 아주 가까이 갔다.
356	칼린 알타 요리. 별들의 어머니가 이 걸작 케이크 속 크리스탈 알갱이들을 통해 사랑의 눈으로 너를 바라본다.
357	야바 알타 요리. 접시 위의 풍미 꽃다발. 이 팔로피아는 그 어느 때보다 잘 구워졌다! 먹고 나서 운세를 확인해 봐!
358	니아 알타 요리. 이 정성 들인 이온 케이크는 어떤 칭찬에도 뒤지지 않는다! 알데론 사령관의 이름을 곁들일 자격이 분명하다.
359	야바 알타 요리. 존재하는 모든 알타를 위한 순수한 사랑과 정성의 겹겹이 층. 사랑의 정수로 네 마음을 녹인다.
360	루네바 알타 요리. 그때 그 맛이랑 똑같은 아주 특별한 미모사! 그때 그 맛...
361	렌의 미모사 ^#8020f0;^reset;
362	칼린 알타 요리. 음료라는 개념 자체에 대한 네 인식을 뒤틀어버릴 초월차원 음료.
363	자이로코어
364	크리스탈 패널과 에너지 선이 달린 크고 무거운 금속 공. 시험이나 대형 장치의 부품으로 쓸 수 있다.
365	아스테라의 눈물
366	^#ffa8e8;스타더스트^reset; 소행성으로 만든 발사형 창. ^#6f6c66;아스테라^reset;의 선물.
367	비신 수류탄
368	독 크리스탈 파편 폭발 장치. 2 in 1.
369	기트신 파편
370	투척용 유독 탄약으로도 제작 재료로도 쓸 수 있는 액체 ^#a7e001;기트신^reset; 크리스탈 파편.
371	헤비카 플레어
372	어두운 동굴에 뛰어들기 전에 밝히기 좋다. 60초간 지속된다.
373	헤비카 투창
374	^#0050c0;헤비카^reset; 크리스탈로 만든 투척용 창. 사냥에 쓰거나 ^#b0e0fc;알타 제작 스테이션^reset;에서 업그레이드할 수 있다.
375	임펄스 수류탄
376	충돌하거나 4초간 날아가면 농축된 전기 ^#20f080;임펄스^reset; 폭발이 방출된다.
377	이온 투창 ^#8020f0;^reset;
378	알테르니아와 에터니아 에너지가 해방되어 담긴 개량·강화형 ^#0050c0;헤비카^reset; 투창. ^#8020f0;드리머^reset;들이 흔히 사냥에 쓴다.
379	이온 수류탄
380	적을 마비시키고 피해를 입히는 국소 정전기 필드를 만드는 수류탄.
381	아이소슬라임
382	악의를 담아 누군가에게 던져 냉각 끈적이로 뒤덮을 수 있는 ^#7ddcde;아이소슬라임^reset; 덩어리. 아니면 잼을 만들어도 된다.
383	포스포네이드
384	충돌 시 방사선 파를 폭발시키는 위험한 ^#ceffd7;포스폴리온^reset; 장치.
385	플라스마 수류탄
386	충돌 시 ^#2080f0;플라스마^reset;를 폭발시키는 폭발 장치. 플라스마 덩어리로 지속 피해를 입힌다.
387	테르모프래그 수류탄
388	개조된 ^#b0e0fc;테르모믹스^reset; 수류탄으로 만든 고인화성 물질. 강변 정찰병들이 가끔 쓴다.
389	톤나
390	^#c1ebf8;톤노바^reset; 열매. 코코넛보다 가볍다. 누군가에게 던지거나 요리할 수 있다!
391	보텍스 수류탄 ^#2080f0;^reset;
392	적을 느려지게 하고 피해를 입히는 국소 소용돌이 필드를 만드는 수류탄. 상징적인 ^#ffe364;파라데아^reset; 줄무늬로 덮여 있다.
393	뒤틀린 가스
394	빠른 광원이 필요할 때.
395	뒤틀린 벌집
396	^#9b2d3f;뒤틀린 파리^reset;의 집. 이 작은 유독 생물들은 벌집이 건드려지면 꽤 위협이 될 수 있다.
397	인텐션
398	오버텐션
