0	Infantrycombathelmet
1	인간 보병용 표준 전투 헬멧.
2	고글과 측면 장갑이 달린 ACH-9
3	Infantrycombatpack
4	인간 보병용 표준 배낭.
5	FCV-11 전투팩
6	Infantrycombatpants
7	인간 병사용 전투 바지.
8	ACU-88 바지
9	Infantrycombatvest
10	인간 병사용 표준 방탄 조끼.
11	BAS 시스템
12	ffsea_PFhead
13	^green;아발리, 두구 슬롯. ^white;ADF 정찰대용 특수 헬멧.
14	패스파인더 헬멧
15	ffsea_SEAUpowerpack
16	소형 융합 원자로.
17	SEAU 동력팩
18	ffsea_SEAUchest
19	S.E.A.U는 ^#00FFFF;S^white;pecial ^#00FFFF;E^white;vent ^#00FFFF;A^white;ction ^#00FFFF;U^white;nit의 약자다.
20	S.E.A.U 흉갑
21	ffsea_SEAUhead
22	S.E.A.U 대원용 중전투 헬멧.
23	S.E.A.U 헬멧
24	ffsea_SEAUpants
25	인간 특수부대용 동력 갑옷.
26	S.E.A.U 바지
27	Infantrycombathelmet1
28	측면 장갑이 달린 ACH9
29	Infantrycombathelmet2
30	방독면이 달린 ACH-9
31	Infantrycombathelmet3
32	ACH9 전투 헬멧
33	Infantrycombathelmet4
34	고글이 달린 ACH-9
35	Infantrycombathelmet_hs
36	중전투 헬멧.
37	ACH-10 중전투 헬멧
38	Infantrycombatpants_hs
39	보병 전투 바지
40	Infantrycombatvest_hs
41	중형 방탄 조끼.
42	중전투조끼
