526	하랄드르의 룬
527	활은 중세 시대 숙련된 궁수의 손에서 매우 효과적인 발사 무기였다. 활에서 간과되는 측면은 최소 4년이 걸릴 수 있는 엄청난 훈련 요구량이다. 장궁의 당김력은 무려 160~180파운드였기에, 훈련 중인 궁수들은 차근차근 무기에 익숙해져야 했다. 유능한 궁수가 되는 데 필요한 헌신은 영국 외 국가들이 이 무기를 채택하는 것을 주저하게 했다.\n^orange;활·석궁 사용 시 및 정지 상태에서 치명타 확률 +20%.^reset;
528	매의 반지
529	''법은 병기의 소란 속에 들리기엔 너무 나지막이 말한다.''\n\n지구 로마의 군대와 정부의 역사를 공화국 이전과 이후로 나눠 상세히 기록한 책. 이 땅에서는 이상한 발견물이다...\n\n^orange;투척 무기가 이제 전장식 화기로 간주되어 그 효과를 발동한다.^reset;
530	로마의 역사
531	''놈들은 우리한테 똑같은 얘기를 했지 — 다 같이 뭉쳐서 그 미친 이단교도들과 단지에서 싸우자고. 우리가 그냥 놈들의 멍에에 순종하기만 하면 순식간에 이 세계를 벗어날 수 있을 거라고. 난 보안 조직 놈들을 한 번도 믿어본 적 없고, 이 세월이 지나도 여전히 믿지 않아. 권위주의 괴물들의 충견으로 죽느니 길 위에서 자유롭게 사는 게 낫다.''\n\n^orange;회피 돌진 능력의 무적 프레임이 0.5초에서 0.7초로 증가한다.^reset;
532	할로우의 반지
533	''후회하고, 잊는다. 인생은 그렇게 간단한 거지.''\n\n^orange;취기 효과를 상쇄한다 | 취기 단계마다 회피 +10%를 부여, 만취 시 최대 30%까지.^reset;
534	이부키의 표주박
535	오랫동안 요괴와, 시간과 적절한 재료를 갖춘 인간만이 마법사가 될 수 있었다. 자신들이 무적이라 믿는 부푼 자아를 가진 고도로 조율된 마술사들이 드물지 않았다. 환상향의 하쿠레이 결계가 무너진 것과, 줄어드는 화약 기반 탄약의 대체가 절박해진 것이 맞물려, 차세대 '보병 마법사'들을 가르치고 장비하는 학문적 추진이 급속히 이루어졌다.\n^orange;마법 숙련 +15%.
536	보병 전술 고서
537	''광기든 의지든. 어느 쪽이든 상관없으니 나는 신경 쓰지 않는다. 그리하여 나는 불사다.''\n^orange;10초마다 주사위 값을 굴린다. 굴러나온 값에 따라 기본 강화가 배가된다.^reset;\n^red;음수 배율은 착용자에게 디버프가 되지만 피해를 입히지는 않는다.^reset;\n기본: 무기 숙련 +10% | 재생 +2HP/초 | +25HP\n\n1 - -2배 | 2 - -1배 | 3 - 1배\n4 - 2배 | 5 - 3배 | 6 - 4배
538	광대의 강화 주사위
539	''모퉁이마다, 길목마다 산적과 불경한 이단교도들이 있다. 놈들은 이 세계에 스며들어 끝이 없는 듯하다. 악은 멈출 수 없고, 막아낼 수 있을 뿐이다. 하지만 우리는 보초를 설 것이다.''\n\n^orange;전투 중 중형·중량 갑옷의 무게 패널티 절반을 상쇄한다. 갑옷이 무거울수록 효과 증가.^reset; 즉 중량 부위는 슬롯당 이동 -20%·회피 -10이고, 이것이 슬롯당 이동 +10%·회피 +5로 상쇄된다.
540	기사의 반지
541	기원전 53년의 카르해 전투는 주로 중무장 로마 보병이 대부분 기마 궁수로 구성된 수천의 페르시아 기병에게 패한 대패전이었다. 초기에 로마인들은 그저 화살을 견뎌내려 했지만, 페르시아인들은 전투 중 기마 궁수들에게 간단히 재보급했다. 많은 로마인이 돌파를 시도했으나, 그저 도망치면서 노출된 보병에게 사격하는 페르시아 기병을 따라잡을 수 없었다. ^orange;방패 안정성이 부족한 20%마다 회피 +10%를 얻는다(최대 회피 보너스 40%).^reset;
542	군단병의 반지
543	''전지전능한 신이시여, 보호자이자 인도자시여, 저희의 기도를 들으시고 이 의식에 당신의 임재로 축복을 내리소서. 가즈리의 루케치 대위, 용감한 전사이자 헌신적인 지도자를 기리는 이 자리에서. 그가 2950년 8월 12일 가즈리에서 보인 용맹한 행동은 마땅히 전투 용맹 훈장을 받았습니다.''\n^orange;전투 중 7초마다 인접한 플레이어들(+자신)에게 다음 총탄 한 발을 막아내고 7초간 초당 4HP와 2MP를 주는 방어 강화를 부여한다(아군 한정).^reset;
544	용맹 훈장
545	부드럽게 흔들리는 붉은 밀랍 촛불. 자신의 힘에 대한 제어를 유지하려는 오컬티스트는 자주 명상해야 한다. 스트레스와 감정 기복이 그들이 행하는 의식을 심각하게 불안정하게 만들 수 있기 때문이다.\n\n^orange;오컬트 기력 40% 미만일 때 마법 숙련 +15%(오컬티스트 전용).
546	명상의 촛불
547	''유니탄은 미개척 세계와 반역한 성주들을 향해 전진하며 행진했다. 그들의 함대가 제압하지 못할 것은 없었다. 적이 내부에서 올 것이라고는 예견하지 못한 채.''\n\n^orange;연막 수류탄 안에 서 있으면 초당 4HP 회복.^reset;
548	안개 부적
549	금 도금과 부적으로 장식된 기묘한 40mm 유탄 탄약.\n\n^orange;하부 무기 발사 시 자신과 인접 플레이어에게 5초간 초당 10HP와 2MP를 부여한다.^reset;
550	장식 40마이크마이크
551	''방패 벽에 서 보기 전까진 진짜 사내가 아니야. 거기가 인간이 아는 가장 위험하고 무작위적이며 끔찍한 전투 조건이거든. 할 수 있는 건 빌어먹을 칼날이 닿지 않기를 바라는 것뿐이지.''\n\n^orange;부족한 체력 10%마다 방패 방어 효율 +10%와 안정성 +10(최대 50%).^reset;
552	보존의 인장
553	''어스정부 프로스펙터 유닛은 우리 후원자들이 준 최신 기술이다. 자율적이고, 독립적이며, 자치적인...''\n이 프로스펙터 유닛들은 토양 검사용 다리로 숨어다니며, 반중력 기술과 제한적인 다리 추진 덕에만 움직일 수 있다. 실험실인 만큼 자동화된 정찰 전쟁 기계이기도 하다. 다만 '홀벡의 괴수'가 무엇을 했는지는 알려지지 않았다.\n^orange;재장전 시 4~12초간 무기 숙련 +25% | 지속 시간은 무기 등급에 따라 달라진다.^reset;
554	프로스펙터 중계 장치
555	''우리의 칼날은 무뎌지고, 총알은 녹슬며, 우리의 행적에 대한 기억은 잊힐 것이다. 하지만 우리가 세운 것은 무한히 남으리라.'' - 이름 모를 유니탄의 애가\n\n^orange;출혈 상태의 적이 받는 소구경 피해 +35%.^reset;
556	녹슨 총알 부적
557	''전성기의 하랄드르는 타격을 허비하는 법이 없었다. 첫 타격이 적을 죽이지 못했다면, 그 타격이 죽이는 법을 가르쳐 주었다.''\n\n^#C5E0E0;병사 살해자: 주변의 적이 한 번의 타격으로 (피해 약점 무관) 기본 피해 90을 초과해 받으면, 해당 유닛이 출혈 피해 100을 받고 3초간 초당 25의 출혈 지속 피해를 입는다. 발동당 재사용 대기 15초.^reset;
558	병사살해자의 고리
559	''수십 년 전에 추락한 함선이던 자리, 그 핵폐기장으로 탐사대가 파견됐다. 돌아온 자는 없었다.''\n\n^orange;패링 시 투창(기본 피해 20 | 1초 파열-출혈)이 하늘에서 떨어져 40블록 이내의 인접 표적에 떨어진다.^reset;
560	스페쿨라토레스의 글라디우스
561	''광야로 나가 야생 요괴를 쓰러뜨리겠다고 자원한 자들에게는, 겨우 살아남는 데 필요한 날것의 힘을 주는 룬이 새겨졌다. 그들이 해야 할 일은 중화기 반이 설치될 시간을 버는 것뿐이었다.''\n\n^#CCD8B6;사냥의 밤: 비틀림에 걸린 인접 적이 초당 추가 90HP 출혈 피해를 받는다.^reset; 비틀림이 풀린 뒤에도 효과가 잠시 지속된다.
562	생존자의 룬
563	악령에 대한 어떤 신성한 보호를 약속하는 듯한 부적. 부적이란 만들어진 대상 개인을 보호하고, 치유하고, 해치기 위해 종교적·마법적 힘을 부여받은 물건을 말한다. 부적은 마법 문구가 새겨진 물건(의류, 무기, 양피지 등)의 형태를 취하는 경우가 많다.\n^orange;한 번의 피격을 흡수하는 ^#C8FAFA;HIT-SHIELD^orange; 층 획득 | 재사용 대기 70초 | 재사용 대기 돌입 시 사이킥 피해 50x12를 주는 부적의 대탄막을 생성한다.
564	신성 가호의 부적
565	''이 빌어먹을 걸 왜 아직도 갖고 있는지 모르겠어.''\n\n^orange;무기 재장전 시 무기 등급과 탄약 소모량에 따라 체력을 회복한다.^reset;\n\n^yellow;약한 것부터 강한 순서: 활/석궁/저격소총/산탄총/레버액션/리볼버/유탄발사기/로켓발사기 < 전장식 화기/마법 < 권총/기관단총 < 돌격소총/전투소총/경기관총.
566	참전용사의 인식표
567	''지옥의 군대를 맞아 평생을 준비해 온 민족과 싸워 깨끗한 승리를 바랄 수는 없다. 우리는 루시퍼 역을 맡았고, 우리 병사들은 그 대가를 비싸게 치렀다.''\n\n이 반지는 한 가지 일만 하지만, 솜씨가 있으면 무자비할 정도로 효과적이다.\n\n^orange;방패 안정성 +50.
568	와이몬드의 반지
569	''심연의 첫 침공 뒤, 많은 이들이 갈라져 각자의 마을을 이뤘고 원래의 '텐구 마을'은 세월에 묻혔다. 인간과 교섭하는 자들에게 이 목걸이를 주는 전통을 받아들인 이들도 있었다 — 자신들이 어디서 왔는지, 그리고 자신들의 의무를 기억하려고.''\n\n^orange;근접 반격 성공 또는 특수 근접 공격이 주변 적에게 5초간 조준 고정(피해 저항 -100%)을 건다.^reset;
570	텐구의 생득권
571	''환상향에는 바깥세상이 어찌 되든 아랑곳하지 않는 헤아릴 수 없이 많은 불사자 천 명이 살았다. 그러나 요괴나 반령이 완벽을 추구하다 제 정신을 잃는 광경도 드물지 않았다. 이 완벽을 얻을 수 없다는 것이 그들을 광기로 몰아넣었다.''\n\n^orange;반격 성공 시 체력 16% 회복.^reset;\n^red;반격 실패 시 4초간 기동력 -50%.^reset;
572	완벽주의자의 짐
573	''우리 중엔 옛 세계에 더 강하게 매달린 이들도 있었다.''\n때가 되었을 때 수백만의 영혼이 어째서 혹은 어떻게 환상향으로 신음되어 갔는지 아는 이는 없지만, 그건 중요치 않았다. 야생 요괴들이 살육의 들판을 누비며, 하쿠레이와 텐구가 나서기 전까지 수년에 걸쳐 수십만을 집어삼켰다. 그 재 자체가 약간 방사성이다.\n^orange;회피 발동 시 넓은 반경의 모든 적에게 10초간 급속 부식(피해 저항 -30% | 초당 부식 피해 10) 적용 | 회피 +5%.^reset;
574	대지의 재
575	''본토를 따라 늘어선 여러 식민지를 탈환하는 전역에서, 나는 텐구의 놀라운 책략과 회피 솜씨를 직접 목격할 수 있었다. 적들을 능숙하게 피한 뒤 결정적 일격을 가하는 그들의 능력은 그들의 전투 전문성을 증명하는 것이었다.''\n\n^orange;집결 소환물에게 회피 +25%를 부여한다.^reset;
576	텐구 전투단
577	''언니들과 나는 새로운 세계에서 생명의 흔적을 계속 찾고 있었다. 어떤 검은 바위로 된 문이 우리를 친숙하면서도 낯선 세계의 숲으로 이끌었다. 주변을 잠시 경계하고 나자 남자들의 비명이 들려 우리는 급히 다가갔다. 보통 인간에게는 순간처럼 보일 속도였다. 거기서 우리는 적대적인 요괴라 여긴 자들과 싸웠고, 흐느끼는 망가진 남자를 발견했다. 그를 거둬들인 건 우리가 할 수 있는 최소한의 일이었다.''\n^green;이동 속도 +25%.^reset;
578	백랑의 귀걸이
579	''우리는 인류를 향한 적대감을 가장했다. 우리의 관심을 받기엔 부족한 존재들이라고. 하지만 우리들 중 다수가 환상향의 명줄 짧은 인간들과 섞이고 있다는 건 비밀이 아니었다. 설령 우리의 고향이 옷니엘에게 찢겨 나간다 해도, 그들의 것이 무너지게는 두지 않는다.''\n텐구의 균형 감각은 흠잡을 데가 없어서 날이 하나뿐인 게다를 신고도 흐트러짐 없이 걷는다. 균형을 때리는 이 텐구 게다를 쓰는 것은 빠른 움직임에 걸맞은 굳건한 자세를 확언한다.\n^orange;특수 근접 공격 또는 반격 성공 시 1.5초간 피해 면역을 얻는다.^reset;
580	백랑의 텐구 게다
581	''우리가 인류와 동맹을 맺은 것 자체가 기적이다. 수백 년 동안 진짜 적과 싸워본 적이 없어서 어떤 형태의 도움도 필요 없다고 믿었다. 진짜 싸움에 대비된 자는 극히 드물었고, 자기 재료를 내놓으려는 자는 더더욱 적었다. 그 안일함 속에서 우리는 옷니엘의 요괴 군대에게 제압당하고 말았다.''\n\n^orange;요괴 산의 기억[YMM]의 무기·갑옷 제한을 해제한다.^reset;
582	기억 안정장치 [YMM]
583	여러 요괴와 신들은 인류의 산업화 이전 훨씬 전에 인간의 영역을 떠나 도망쳤다. 그들의 존재를 단순히 잊어버리는 것은 곧 그들의 죽음이었기에, 다른 신들처럼 인류의 집단 정신과 본질적으로 연결된 포켓 세계로 도피했다. 내부에서 고립된 세월 속에, 일부는 인간 영혼들과 함께 평화와 친족관계를 찾아 고대의 적의를 뒤집었다.\n\n^red;체력 80% 초과일 때 회피율 -100%.^reset;\n^green;체력 80% 미만일 때 회피율 +30%.^reset;
584	요괴 눈물석 귀걸이
585	걸프 전쟁은 이라크와 미국이 이끄는 42개국 연합군 사이의 무력 충돌이었다. 이라크에 대한 연합의 작전은 두 핵심 단계로 진행되었다: 1990년 8월부터 1991년 1월까지 군비 증강을 표시한 사막 방패 작전과, 이라크에 대한 공중 폭격으로 시작된 사막 폭풍 작전이다. - 위키백과\n\n^orange;[갈릭 플로란 특성: 기동 사격] 총성 소음 하에서 이동 속도 +30%.^reset;
586	사막 방패 작전
587	총기는 파이크와 대규모 보병이라는 새로운 조직 기법이 가져온 변화 위에 세워졌다. 이 기법들은 파이크와 결합해 전쟁의 양상을 사무라이가 거느린 기마 궁수에서 아시가루 보병의 대규모 보병 진형으로 바꿨다. 이 변화는 기마 궁수에서 대규모 보병으로의 전환이 일어난 오닌의 난 무렵에 보인다. - 엘리 골드먼\n^orange;[갈릭 플로란 특성: 화력 우위] 제압당했을 때 명중률과 적중률에 +25% 보너스를 얻는다.^reset;
588	오다의 부상
589	바이킹 시대(서기 793~1066년)는 중세에 바이킹으로 알려진 노르만인들이 유럽 전역에서 대규모 약탈, 식민화, 정복, 무역을 벌이고 북아메리카까지 이른 시기였다. 이동 시기와 게르만 철기 시대를 이어받았다. 바이킹 시대는 그들의 고향 스칸디나비아뿐 아니라 스칸디나비아인들이 유의미하게 정주한 모든 곳에 적용된다. - 위키백과\n^orange;[갈릭 플로란 특성: 발할라의 전당] 피 흠뻑 상태일 때 초당 체력 재생 +1%와 +100HP를 얻는다.^reset;
590	바이킹 시대
591	''어떤 공격의 창끝에도 보병이 있다. 보병만큼 효과적으로 지반을 지킬 수 있는 병력은 없지만, 육상전의 그 어느 병과보다 오해받는 병과이기도 하다. 대부분의 군대에서 실제 최전선 병력은 10~20%에 불과하다.''\n\n^orange;약 60블록 내에서 적을 죽이면 교리를 장착한 모든 착용자에게 15초간 일반 무기 숙련 +15% 부여^reset; | ^yellow;피해 0 효과로 간주되어, 처치 시 피격 발동 효과도 발동된다.
592	강습 전술 제1권
593	''우리는 지하철 터널로 후퇴해 생존의 위안을 찾으려 했다. 잠시 동안은 최악을 벗어났다고 생각했다. 언제나 그렇듯 완전히 틀렸지만. 남자와 여자들이... 할로우가 되어가고 있었다. 말 그대로 영혼이 뜯겨 나간 것처럼 보였다. 끊이지 않는 악몽. 환영. 광기. 강한 척하며 다시 지표로 돌아간 놈들도 있었지. 보급품보다 상처가 더 많아져서 돌아왔다.''\n^orange;비전투 시 이동 속도 +50%. 피해를 받으면 15초간 강화 비활성화.^reset;
594	자비 가지 아티팩트
595	''모든 영령이 악하지는 않았다. 많은 이들이 꿈속에서 우리를 향해 미소 지으며, 잠든 우리의 정수를 잡아먹는 사악한 세력으로부터 보호를 내렸다. 그 대가는 우리의 육신의 피였다.''\n\n^orange;피 흠뻑 상태일 때 0.25초마다 각각 피해 20을 주는 유도 영령 탄환 2발을 소환한다.^reset;
596	피의 가지 아티팩트
597	''전쟁에서는 통상의 화폐가 무가치해지고 담배와 궐련 같은 물품의 가치가 훨씬 높아진다.''\n\n^orange;통상 화폐 아이템(크레딧, 동전, 부란, 블러드 다이아몬드)을 10개 미만 소지 시 무기 숙련 +10%, 회피 +10%, 최대 체력 +25, 이동 속도 +10%.
598	총알 라이터
599	그녀의 정신은 현실 전체에 걸쳐 펼쳐져 있으며, 어떤 형태로든 인류를 구하려는 불타는 열망만이 그것을 붙들고 있다. 신성을 부여받은 그녀는 저주받은 자들을 징벌 대대로 징집해 악마의 물결을 막는다. 참회를 찾는 자들은 저 너머로 보내지거나, 악의 세력에 맞서 계속 복무하겠다고 자원할 수도 있다.\n^orange;^#C8FAFA;HIT-SHIELD^orange;가 하나라도 활성이면 영혼들을 소환해 적을 공격^reset; | ^red;HIT-SHIELD가 하나라도 재사용 대기 중이면 영혼이 플레이어를 공격하려 한다.^reset;
600	영혼의 짐
601	''괜찮을 거야! 정신 똑바로 차려, 그냥 나한테 집중해! 넌 집에 갈 거야!''\n\n^orange;[GIC] 구급상자가 더 이상 사용자를 완전히 부동시키지 않고, 대신 사용자를 둔화시키기만 한다.^reset;
602	전투 부상자 처치
603	''스무 살 넘은 어른이 인형을 산다는 게 우습다는 놈도 있겠지만, 그딴 놈들 다 엿이나 먹어라. 난 그 작은 녀석이 좋았어. 폭풍이 도시를 덮쳤을 때 이 작은 녀석이 가장 먼저 나와 함께했지. 나중엔 실수했다 싶었지만... 어느 날 그 녀석이 그냥 바닥에서 떠오르기 시작한 거야. 겁나 소름 끼쳤지. 그런데 그냥 다시 자리에 앉더라고. 모험했어. 난 그 작은 녀석을 지켰다.''\n^orange;70블록 사거리 | 0.1초 발사 간격 | 기본 사이킥 피해 2 | 25발 탄창 | 재장전 20초 | ^#A3C1FF;동상 적용^orange; | 정신병적.^reset;
604	방어 인형 아티팩트
605	''지구가 핵화염으로 뒤덮인 뒤 환상향이 사람 살 만한 곳이 되기까지 두 세대가 소멸했다. 그들의 조상이 자신들의 유산이 낳은 신맛 나는 열매를 보기 전에 죽은 건 다행이었지.''\n\n^orange;피해를 입은 지 3초 후 3초간 초당 체력 4% 회복. 지연 중 피해를 입으면 지속 시간이 갱신되어 치유가 차단된다.^reset;
606	지연 부스터
607	''그 작은 녀석은 결국 행운이었어. 작은 사람처럼 행동하기 시작했지. 집이라 부르는 작은 기차 칸에서 청소까지 하더라고. 지금 생각해도 미친 일이지만, 다시 누군가와 함께 있는 게 그렇게 기쁜 적은 없었어. 어느 날 경보가 날 깨웠고, 탁자 위에 인형 세 개가 앉아 있더라고. 며칠 뒤엔 내 바지 속에 들어오려고도 했지...''\n\n^orange;지각 있으되 정신병적인 인형 셋이 화력 지원으로 동행한다.^reset;
608	부쿠레슈티의 인형 제작자
609	결계가 차가운 전쟁이 뜨거워지며 녹아버리자, 환상향 전역에 아나키가 퍼져나갔다. 이 결계 아래 살던 많은 위대한 신들은 인류가 그토록 기꺼이 핵화염을 서로에게 던졌다는 걸 믿기를 거부했다.\n^#B1C3E2;갈라진 세계: 주변 적이 표시된다. 표시된 적이 기본 피해 50 이상을 받으면 ^#59728C;초당 냉기 피해 60^#B1C3E2;을 받고 3초간 ^#8E76B0;초당 감전 50^#B1C3E2;에 걸린다^reset; | ^yellow;유닛당 재사용 대기 3초.^reset;
610	전기-서리 귀걸이
611	''우리 국가는 적에게 사람이 아니라 납을 던져야 해. 인력은 귀중하지만 탄약은 싸다고.''\n\n^orange;적의 60블록 내에서 시야가 확보될 때 인접한 집결 소환물이 재장전 후 수류탄을 던진다 | 투척당 재사용 대기 30초.^reset;
612	화력 우위 교리
613	''어두워지고 있어. 길을 잃어도 괜찮아, 지금은. 유성을 즐기길 바라. 편히 잠들길.''\n\n^green;+50HP.^reset;\n^yellow;체력 50% 초과일 때 초당 -50HP | 체력 75% 초과일 때 초당 -50HP.^reset;\n^orange;한 번의 피격을 흡수하는 ^#C8FAFA;HIT-SHIELD^orange; 층 획득 | 재사용 대기 20초 | 다른 ^#C8FAFA;HIT-SHIELD^orange;와 중첩.^reset;
614	초월 서리 달
615	''운을 시험할 수 있다고 생각하는 자들은 곧 가장 필요할 때 운이 다하는 걸 알게 된다. 우리 같은 은하에서는 우연이 아니라 실력과 대비에 의존하는 게 낫다.''\n\n^orange;회피율 +20%.^reset;
616	도박꾼의 인식표
617	''1900년대 보병 교리를 근본적으로 바꾸는 데는 수류탄과 기관총, 대규모 포병이 함께했다. 수류탄은 두 가지 주요 형태로 갈라졌다: 막대 수류탄과 파인애플 수류탄이다.''\n\n^orange;던진 M43, M26, RGD-5 수류탄이 50% 확률로 스스로 환급된다.^reset;
618	수류탄 탄띠
619	''더 경험 많은 기관총 조들은 자기 무기의 '전술적 역량'을 잘 이해하고 무기를 더 효과적으로 배치할 수 있었다.''\n\n^orange;경기관총이나 중량 무기를 발사할 때, 이후 사격에 무기 숙련 +20%를 얻지만 발사 중에는 움직일 수 없다. 사격 정지 후 1초간 유지.^reset;
620	중화기 교리
621	공화국의 최고 군사 훈장. 지구 조상들의 전사 문화를 구현하는 자들에게 수여된다. 가장 흔한 수여자는 거의 자살적인 중무장 보병 부대인 참호 기사단의 대원들이다. 가장 사심 없고 용감한 자만이 미래의 길을 닦을 수 있다.\n\n^orange;근접 무기로 공격 시 1.5초간 피해 저항 +50% | 효과는 3초에 한 번만 발생.^reset;
622	기사의 별
623	인민당은 자국이 된 불타 버린 지옥 같은 지대에 처음 발을 디딘 자들이었다. 그들의 눈에는 자신들이 그토록 애써 세운 공산주의 사회까지 불과 몇 순간 남아 있었다. 다시 시작하면서 살아남은 장교들은 새로운 결의로 나아갔다.\n^orange;착용자의 80블록 내에서 보병이 죽으면 33% 확률로 아군 병사 스켈레톤 소환 | 각 스켈레톤은 300HP로 최대 30초 지속 | 집결 소환 효과로 강화 가능.^reset;
624	콘파쿠 아티팩트
625	''그녀가 인류와 결탁했다고 믿은 놈들이 그녀의 궁정을 습격했다. 재판도 없이, 놈들은 그녀를 십자가에 묶고 팔다리에 못을 박아, 결탁의 죄로 그녀의 몸을 태우는 지옥불 위에 올렸다. 그녀의 가장 가까운 친구가 결국 그녀를 찾았지만, 에이키는 영원히 이 행위에 고통받을 것이고, 그 상처는 그녀의 관할 아래 세계들에 걸친 그녀의 투영에까지 새겨졌다.''\n^orange;출혈 저항 +33% | 일반 무기 숙련 +5%.
626	에이키의 못
627	미지의 물질로 된 푸른 반지.\n\n^orange;장신구로 착용할 수 있다.^reset;
628	프로젝션-14
629	가시철조망은 가닥을 따라 날카로운 가시 돌기가 달린 울타리 철선의 일종이다. 참호전에서 흔한 보안 조치로서, 가시철조망은 적 병사를 죽이기 위한 것이 아니라 부상을 통해 병사들을 주저하게 하는 저렴한 수단이다.\n\n^orange;출혈 상태의 적이 초당 +30의 추가 피해를 받는다.^reset;
630	면도 철조망 고리
631	''거룩한, 무덤의 언덕. 천사, 절망한 얼굴. 무정한, 사악한 눈. 현존하는, 제물.''\n한 세대 동안 환상향의 학자들은 심연의 기원과 그것이 무엇을 의미하는지 격렬하게 논쟁했다. 그들이 찾은 것은 악의와 무존재의 공허뿐이었다. 그것이 마지막 살아남은 자들을 더더욱 맹렬히 싸우게, 매 사격을 값지게 만들었다. 명중한 사격 하나가 살아가는 또 하루였기에.\n^orange;부족한 체력 10%마다 무기 숙련 +5%(최대 체력 손실 50%까지, 최대 +25% 보너스).^reset;
632	저주받은 자들의 반지
633	노 맨스 랜드에 버려진 이름 모를 병사의 시신에서 발견된 반지.\n\n^orange;최대 체력 +50 | 능력 마나 +50과 재생률 증가 | 회피 +25% | 무기 숙련 +25%.
634	헤아릴 수 없이 귀한 반지
635	생전에 자신을 몹시 앗겼다고 여긴 자들이나 죽어서 자신을 모독한 자들을 괴롭히던 흉폭한 망령의 정화된 반지. 한때 귀한 보석이던 자리에는 무딘 은만 남았다.\n\n^orange;최대 체력 +15 | 능력 마나 +5와 재생률 증가 | 회피 +5% | 무기 숙련 +5% | 저주를 정화한다.
636	폭풍 망령의 반지
637	아주 살짝 떨리는 듯하면서 존재를 깜빡이는 부적. 참호 기사단은 이미 두려움의 대상인 습격 부대의 무서운 정예 군단으로, 대검과 루이스 기관총을 들고 적진으로 뛰어들기를 서슴지 않는다.\n\n^orange;적 보병이 재장전 시 50% 확률로 살아 있는 수류탄을 떨어뜨린다.^reset;
638	떨리는 부적
639	''아버지와 어머니의 죄는 결코 씻겨 나가지 않는다는 걸 깨닫게 될 것이다.''\n\n^orange;체력이 50% 아래로 떨어지면 참회 상태 진입: 현재 마나에 비례해 물리(근접/탄도), 출혈, 사이킥 피해 저항 증가(1MP = 1%) | 참회 활성 중 초당 -15MP와 재생 불가, 마나가 다 소모되거나 30초 후 만료 | 참회 만료 시 재사용 대기 20초.^reset;
640	죄인의 인장
641	그녀의 존엄하신 힘을 다하더라도 그녀는 여전히 어엿한 필멸의 여인일 뿐, 자신을 십자가에 못 박으려 한 배신자 요괴에게 여전히 고통받고 있다. 그녀는 악마가 움켜쥔 곳에 개입하고, 징집된 참회 군세와 자원 참회 군세를 온갖 형태로 보내 필요한 허드렛일을 시킨다. ^orange;최대 마나 +50 | 죄인의 인장의 참회가 만료되면 사면 상태 진입: 부족한 체력 20%마다 광역 사이킥 피해 200과 3초 계시(피해 저항 -25%) 발동(예: 체력 30% = 피해 800, 12초 계시).^reset;
642	야마자나두의 인장
643	''도심은 다른 식민지와 외곽 농지의 난민들로 붐볐지만, 진실은 우리가 또 한 주를 버텨내지 못할 거라는 거였다. 음식은 걱정거리 중 가장 작은 것이었다. 유령. 영령. 악마. 그것들이 위협이었다. 사방에서 와서 우리를 하나씩 속이 비게 만들며, 잠든 꿈을 먹어치웠다.''\n^orange;적에게 총탄 명중 시 사이킥 피해 30 | 재사용 대기 1초.^reset;
644	은탄 귀걸이
645	''외곽 농지에서 일이 아주 심각해졌어. 도시와는 다른 일들이 여기서 일어났지. 뭔가가... 합쳐지는 것 같았어. 있어선 안 될 것들이. 어느 날 얼어붙은 눈알들이 그냥 날아다니는 걸 봤어. 마치 평범한 벌레인 것처럼. 날개도 없이, 그냥 얼어붙은 눈알들이.''\n\n^orange;적에게 총탄 명중 시 냉기 피해 30 | 재사용 대기 1초.^reset;
646	하늘 눈 아티팩트
647	''내가 내민 운명의 붉은 실이 언젠가 엉켜버릴지도 몰라.\n그러니 숨겨온 마음을 운명의 검으로 끊어내겠어.\n솔직히, 그러길 바랐어.\n내 마음은 너에게 닿지 않아.\n벚나무는 피지 않을 거야.\n아아... 겨울이 끝나네.''\n^#96CBE7;사무라이 유령 소녀: 임시 사무라이 유령 소녀 수행원을 소환한다 | 재사용 대기 60초.^reset;
648	유령 여검객의 영혼
649	''청소부, 침입자, 모험가, 외톨이, 살인자, 탐험가, 그리고 강도들.''\n\n네가 적을 죽이거나, 적이 너를 죽인다. 어느 쪽이든 싸움에 오래 머물수록 둘 다 확률은 나빠진다.\n\n^orange;체력이 가득 찼을 때 무기 숙련 +30%.^reset;
650	S.T.A.L.K.E.R 아뮬렛
651	''하지만 진실은, 내게 비친 건 씁쓸한 거짓뿐이라는 것\n고동치는 심장을 가진 건 아름답지 않아.''\n\n숙주 없는 떠다니는 제3의 눈. 자신에게 부착하면 타인의 정신을 들여다보고, 가장 깊은 트라우마 기억을 떠올리게 해 그들의 의지를 약화시킨다.\n\n^#96CBE7;트라우마 인자: 인접한 보병이 주저하게 되어 실효 발사 간격이 0.5초 늘어난다 | 공격력 -20%도 부여.^reset;
652	복수의 제3의 눈
653	대격변 이전 유로파 인구의 압도적 다수는 구 지구 구역에서 발생한 드론 위기를 피해 도망쳐 온 난민들로, 인민군 아래 정주하도록 마지못해 허락되었다.\n^orange;패링 또는 총탄 명중이 불굴을 발동해 최대 10초간 회피 +30% | 불굴 중 다음 회피 발동이 3초간 용맹을 활성화해 피해 면역과 속도 +30% 부여 | 용맹 만료 후 재사용 대기 5초 | 용맹 또는 재사용 대기 중 회피 -100%.^reset;
654	공화국의 백십자
655	''언니, 거기 있어? 내 말 들어, 언니. 아직 기회가 있어. 여기 뭔가가 있어. 우리는 아직 서로를 찾을 수 있어.''\n\n^orange;적의 80블록 내에서 시야가 확보될 때 코이시가 적 근처에 나타난다 | 재사용 대기 30초.
656	코이시의 핫라인
657	진정한 마법은 전장에서 보기 드문 광경이고, 환상향 안에서만 체계적 수준으로 행해졌다. 3000년대 이후, 지망하는 마법사는 먼저 마법이 실재한다는 걸 자각하고 실제로 활용할 방법을 찾아야 했다. 절제력 있는 자들은 마법이 자신의 기존 장비 구성을 보완해 주는 걸 알 수 있었다.\n\n^orange;오컬트 기력 소거율 +1% | 마법 무기 사용 정지 6초 후 모든 오컬트 기력 소거(오컬티스트 전용).
658	전투 마법사 고서
659	''전차가 전선에서 하루도 못 버틴다면 무슨 소용인가? 전선에 도착하기나 한다면 말이지. 군대를 움직이는 건 좋은 기술자와 다른 전문가들이다. 징집병 만 명이 전술전을 이기고, 전문가 만 명이 전략전을 이긴다.''\n^orange;주변 차량과 포탑를 7.5초마다 수동으로 자동 수리한다.
660	보병 수리 킷
661	''누에의 삼지창은 유난히 고집 센 보병과의 결투에서 부러졌다. 그의 불알도 이어서 부러졌다.''\n\n^#C5E0E0;나는 모르지!: 주변 적이 표시된다. 표시된 적이 한 번의 타격으로 (피해 약점 무관) 기본 피해 50을 초과해 받으면 해당 유닛이 3초간 ^green;기절^#C5E0E0;한다^reset; | ^yellow;유닛당 재사용 대기 40초.^reset;
662	누에의 삼지창 뿔
663	''이런 게 필요하다는 게 믿기지가 않아. 진심으로? 드론? 게으르고, 좋지도 않잖아. 우리 같은 현대 세계에서 이게 무슨 소용이야?''\n\n^orange;장거리에서 아주 약한 유도 미사일을 계속 발사한다 | 미사일당 기본 소구경 피해 10 | 재장전 2초.
664	스마트 미사일 Mk.1
665	아마노자쿠는 잠재적 주인이 될 만한 자들에게 노골적인 적의를 보일 정도로 대단히 반항적이다. 이 종은 그리 흉폭하진 않지만, 착용자에 대해 자기만의 목적을 여전히 품고 있는 듯하다.\n^Orange;장거리 | 유도 | 0.5초 발사 간격 | 기본 소구경 피해 60 | 10발 탄창 | 재장전 3초.^reset;\n^red;배신적 거래: 발사당 10% 확률로 갈라져 무차별해지며, 뒤로 발사됐다가 앞으로 돌아온다. 반역한 사격은 지연되고 추적하지 않으며 붉게 표시된다.^reset;
