1251	무기의 내외부 부품을 깔끔하게 개조하기 위한 취미가용 킷.
1252	^green;고급 총기 개조 킷
1253	무기의 내부를 조잡하게 개조하거나 외부에 '억지로' 부착하기 위한 자가 제작 킷.
1254	조잡한 총기 개조 킷
1255	무기의 내외부 부품을 완전하고 철저하게 재가공하는 최고급 산업 등급 개조 킷.
1256	^blue;산업용 총기 개조 킷
1257	고급 기절 창의 창자루. 뮬 전격 수류탄과 결합해 창을 재구성할 수 있다.
1258	고급 기절 창 자루
1259	레일 장착식 적색 레이저 사이트 부착물.
1260	레이저 사이트 부착물
1261	''폭탄이 파편을 흩뿌리기 위한 것이든 적을 산산조각 내기 위한 것이든, 죽이는 건 다 똑같아.''\n\n맞춤형 원격 기폭 폭탄을 만드는 데 필요한 모든 것. 조립 전에는 안전하고 불활성이며 정리된 부품 상태로 들어 있다.\n\n폭발물 조립에 사용된다.
1262	폭탄 부품
1263	실제 추진장약 연소 과정을 개시해 탄환을 탄피에서 밀어내 총신 밖으로 쏘는 특수한 종류의 폭약 분말. 기본 탄약 제작에는 필요하지 않다.\n  \nAP탄 같은 특수 탄약 제작에 사용된다.
1264	특수 화기 뇌관
1265	에어로졸 용기에 저장된 다양한 탄화수소로, 곧 증발하는 범용 윤활제 용액을 뿜어낼 수 있다. 지구와 비슷하게 조율된 대기의 식민지 공학에서 흔히 쓰이지만, 성분이 다른 대기(혹은 대기 부재)에서는 결과가 다를 수 있다. 고급 수리 킷 제작에 사용된다.
1266	범용 윤활제
1267	하부 레일 장착식 손잡이.
1268	손잡이 부착물
1269	칼라시니코프 레일 장착식 가늠자.
1270	칼라시 50 가늠자
1271	일부 무기에 장착할 수 있는 칼라시니코프-84 개머리판.
1272	칼라시 84 개머리판
1273	무기의 탄창을 차폐해 에너지 효율을 높인다.
1274	탄창 차폐
1275	로켓 발사기의 기본 관형 골격.
1276	로켓 발사기 골격
1277	중거리 교전용 소형 조준경.
1278	소형 조준경
1279	시간만 충분하면 거의 모든 것에 호환되는 소음기.
1280	제한된 용도로 쓸 수 있는 여러 일반 금속 조각. 이 금속은 무르고 그리 강하지 않아 가정용 프로젝트와 취미에 적합하다.\n  \n^Yellow;고철 계열 무기를 직접 수리할 수 있다. 한 번 쓸 때마다 내구도 15% 회복.^reset;
1281	^red;금 간 붉은 태양
1282	드루플로란의 인지 기능을 크게 향상시키는 물질들. 혈류에 투여한다.\n\n^green;10분간 무기 숙련 +10%.^white;
1283	출혈에 대한 최후의 최저 옵션. 모든 출혈 피해원을 절반으로 줄여주지만 그 이상은 못 한다.\n\n^green;출혈 피해 절반^white; 감소, ^yellow;4분간(+50% 출혈 저항).^white;
1284	^yellow;천 붕대 (GiC)
1285	헤로인은 모르핀을 가열해 특정 화학물질과 결합해 만든다. 헤로인과 모르핀의 가장 큰 차이 중 하나는 세 배로 강해진 효능이다. 불순한 화학 조성 때문에 의료 제작에 쓸 수 없다.\n^green;- 체력 50 회복/1초 | 치유 지연: 1.25초 | 부동 시간: 1.75초\n^yellow;- 타박상을 치유한다.^white;\n^red;- 아편계 중독을 일으킨다.^white;
1286	^Orange;헤로인 팩
1287	^yellow;DNA 표본 채취^white;로 개인을 식별하고 ^red;파괴된 세포^white;를 ^green;나노머신^white;으로 대체하려 하는 행성 보호국의 첨단 발명품. ^red;위독 상태^white;의 사람도 몇 초 만에 ^green;전투 가능 상태^white;로 되돌릴 수 있고 ^red;가장 치명적인^white; 형태의 ^red;환경 위험^white;까지 치료할 수 있다.\n\n1초에 걸쳐 ^green;체력 500^white;을 회복한다. ^green;대부분의 상태 효과를 치유^white;한다. ^green;모든 출혈 질환을 회복^white;한다. ^yellow;15초간^white; ^green;환경 보호를 제공^white;한다. ^red;질식은 '치유'하지 않는다^white;.
1288	^yellow;행성 보호국 의료 킷
1289	브랜드 없는 자들은 이형체다. 그들의 지성을 이루는 모든 것을 대변한다던 브랜드가 그저... 없다. 살아는 있지만 무너져 가고 있다. 기억을 잃어가다가, 결국 플라스마 폭발 속에 우주로 돌아갈 것이다. 불행한 이들도 있다 — 급속히 악화되는 상태로 되살아나 또 한 번의 완결 없는 사냥을 견뎌야 하는 자들.\n^orange;브랜드 없는 노바키드의 악화를 멈춰 정상적인 삶을 살게 한다. ^red;죽으면 해제된다. 되살아나면 혈환 토큰을 다시 구해야 한다.
1290	^red;브랜드 없는 혈환 토큰
1291	''움직여! 우리 엄마도 너보다 빠르다고!''\n  \n^green;연합 시스템^white;의 특정 군에 지급되는 ^yellow;현대 전투 각성제^white;. 기술적으로는 화학적 중독성이 없지만, 없으면 작동할 수 없다고 느끼는 이들이 많다.\n\n^green;제압 면역을 부여^white; — ^yellow;2시간.^white;
1292	^yellow;연합 시스템 고필 8
1293	''우리와 다르면 우리처럼 생각할 수 없다고들 한다. 우리가 특별하고 우리가 싸울 유일한 적은 멍청한 원시인뿐이라고. 내가 본 걸로는, 우리 적에게 멍청한 구석은 없어.''\n^orange;진압 자세: 안정성 300HP | 방어력 75% | 탄환에 맞으면 체력 회복.^white;
1294	타격으로부터 더 잘 보호하도록 금속 프레임과 방패중심 금구로 보강된 방탄 소요 진압 방패.\n\n^#D6DFFF;방패 강타: 고속으로 이동해 적과 충돌하면 사용자의 속도에 비례한 피해를 준다. 다른 대방패보다 강타 피해가 높다. 퍼펙트 블록 없음.^white;
1295	고통받는 진압 방패 NPC
1296	마지막까지 얼어붙은 황야에 남은 그녀는 죽어가는 백성의 영주 자리를 떠안았다. 아마노자쿠는 모든 것을 걸고 혼자만의 선봉으로 물러서지 않고 싸웠다. 지키고자 한 이를 잃은 뒤, 그녀는 방패를 버렸다. ^Yellow;인슐링 수호자: 안정성 300HP | 방어력 50%.^white; ^#D6DFFF;전략적 고통: 150HP 이상의 피해를 받을 때: 5초간 250HP 회복^reset; | ^yellow;30초 재사용 대기.^reset; ^Orange;막기 계산으로 받는 피해가 150HP 미만으로 줄어도 효과가 발동한다(피해는 막기 계산 전 150+여야 함).^white;
1297	아마노자쿠의 후회
1298	''글리치 게슈탈트는 집단의식이라는 이름에도 불구하고 숙주 개체에게 상당한 독립성을 남겨 두었다. 모두가 안정되고 변하지 않는 삶을 살았고, 사회적·기술적 발전은 그저 멈췄다. 내가 아직도 게슈탈트의 일부라고 하면 놀라겠는가?''\n\n^#D6DFFF;고전 전장의 존엄: 패링 창 1.25초 | 안정성 100HP | 방어력 40%.^white;
1299	십자군 병사 방패
1300	''쌍호'' 방패로도 알려진 이 방패 유형은 가장 널리 퍼진 ''중국식'' 방패였다. 옻칠한 가죽을 나무 틀에 씌우거나, 옻칠한 목판, 혹은 옻칠 가죽 면을 댄 나무로 만들 수 있었다. 왕조가 지금도 쓰는 정교한 방패들 다수는 대대로 물려받은 것들로, 평범한 방법과 마법으로 완벽하게 보존되고 있다.\n^orange;죽은 제국: 패링 불가 | 안정성 280HP | 방어력 65%.^reset;\n^#D6DFFF;방패 강타: 사용자의 속도에 비례한 피해를 준다 | 넉백 저항 +100%^white;
1301	서리 왕조 대방패
1302	---\n\n^#D6DFFF;방패 강타: 고속으로 이동해 적과 충돌하면 사용자의 속도에 비례한 피해를 준다.^white;
1303	서리 왕조 스쿠툼 NPC
1304	^orange;잃어버린 제국: 패링 불가 | 방어력 400hp.^reset;\n^#D6DFFF;방패 강타: 고속으로 이동해 적과 충돌하면 사용자의 속도에 비례한 피해를 준다.^white;
1305	서리 민병대 스쿠툼
1306	서리 민병대 스쿠툼 NPC
1307	극도로 두꺼운 방탄 방패.
1308	중형 방탄 방패
1309	헤이안 수호자 스쿠툼
1310	''이 움츠린 판자를 집어 들면 두 번째 검을 내려놓아야 하지,'' 스코틀랜드인은 생각한다. ''그건 분명 미친 짓이야.''\n\n^yellow;기사 파괴자: 패링 창 0.5초 | 방어력 5HP.^reset;\n^#D6DFFF;착용자 화염 피해 저항 +50%.^white;\n^#D6DFFF;착용자 폭발 피해 저항 +30%.^reset;\n^#orange;고속으로 이동해 적과 충돌하면 사용자의 속도에 비례한 더 큰 피해를 준다.^reset;
1311	하이랜더 타지
1312	''공허해지지 마라!''\n\n껍데기들은 불사의 힘을 천연덕스럽게 부여받은 불사 존재들이다. 죽지 않지만, 알츠하이머나 치매와 비슷한 양상으로 기억의 일부를 자주 잃는다. 셀 수 없이 죽음을 겪고 목적도 이유도 없어지면, 자아를 잃는다. 어떤 의미로는, '공허해지는' 것이다.\n^orange;공허한 기사: 패링 창 1.0초 | 안정성 160HP | 방어력 65%^reset;
1313	공허한 껍데기 기사 방패
1314	방패 중앙에 크고 날카롭게 갈린 쇠뼈가 있어 고속 이동 중 적을 찔러 꿰뚫을 수 있다. 이 방패는 친구를 위해 만들어졌지만, 가족이란 때로는 끝내 오지 않는 법...\n^yellow;불굴의 자세: 패링 창 1.5초 | 안정성 5HP.^white;\n^#D6DFFF;방패 강타: 고속으로 이동해 적과 충돌하면 사용자의 속도에 비례한 피해를 준다. 대방패보다 효과적.\n^red;중형 랜스: 방패 재사용 대기 0.75초^white;
1315	라이온하트의 관통자
1316	''야만인을 조심하라, 놈들은 무리 지어 다닌다\n놈들이 기병을내면, 투창을 돌려보내라\n우리는 놈들의 면전에 발사하리\n무리가 몰려오는 대로\n재 속에서 영웅이 일어서리\n아버지의 마지막 소원이 그를 이끌 것이다.''\n\n^orange;죽어가는 제국: 패링 창 0.5초 | 안정성 180HP | 방어력 80%.^reset;
1317	늙은 플로란의 녹색 스쿠툼
1318	''에덴에서 태어난 지식이\n우리의 몰락을 예언했다\n문명은 일어서고 무너졌다\n아버지들의 복수를 하라\n이단자들은 순교자로 다시 태어나고\n그들이 피 흘린 모든 것은 무너져 내리리라.''\n\n^orange;마리우스 티투스: 패링 창 1.25초 | 안정성 5HP.^reset;
1319	늙은 플로란의 해병 스쿠툼
1320	''제국은 시들어 사라지고\n영웅들은 꽃피우지만\n이 마지막 십자군 뒤에는\n우리는 그들 모두를 잃으리라.''\n\n^orange;죽어가는 제국: 패링 불가 | 안정성 100HP | 방어력 100%.^reset;
1321	늙은 플로란의 붉은 스쿠툼
1322	''그냥 나무토막이야. 안락의자에 앉아 컴퓨터만 두드리는 그 멍청한 보호관들이 하겠지 뭐. 놈들은 살려고 내가 하는 일을 안 해도 되니까.''\n\n^orange;혈기왕성: 안정성 3500HP | 방어력 40%.^white;\n\n^#D6DFFF;방패 돌격: 그저 달리는 속도로 적과 충돌해도 사용자의 속도에 비례한 피해와 ^orange;기절^#D6DFFF;을 준다. 기절당 2초 재사용 대기.^white;
1323	늙은 사냥꾼의 대방패
1324	''나는 단 하나의 목적으로 만들어졌다: 평화. 나는 단 하나의 목적으로 훈련받았다: 평화. 나는 단 하나의 목적으로 배정받았다: 전쟁.''\n\n하드라이트 '벽'을 담기 위해 아직도 금속 프레임을 쓰는 구형 에너지 방패. 수리 불가할 만큼 녹슬었는데, 이 아이템이 아직 폐기되지 않은 게 신기할 정도다.\n\n^#D6DFFF;녹슨 거신: 패링 창 0.45초 | 재사용 대기 0.25초.^white;
1325	낡은 신스 경비 방패
1326	투창, 화살, 투석 같은 원시 미사일에 대한 방어벽을 제공하도록 겨눌 수 있는 거대한 타원형 스쿠툼. 스쿠툼의 최초 묘사는 기원전 8세기 에스테 문화에서 비롯됐고, 이후 에트루리아인, 일리리아인, 켈트인, 이탈리아인에게 퍼져나갔다.\n\n^orange;공격 방패벽: 겨눌 수 있다 | 안정성 100HP | 방어력 95%.^white;
1327	원시 타원 스쿠툼
1328	원시 미사일에 대한 방어벽을 제공하도록 겨눌 수 있는 타원형 스쿠툼 방패(현대 로켓 추진 병기는 막지 못한다). 스쿠툼의 최초 묘사는 기원전 8세기 에스테 문화에서 비롯됐고, 이후 에트루리아인, 일리리아인, 켈트인, 이탈리아인에게 퍼져나갔다.\n\n^green;공격 방패벽: 겨눌 수 있다 | 방어력 100hp(npc).^white;  \n^#D6DFFF;방패 강타: 고속으로 이동해 적과 충돌하면 사용자의 속도에 비례한 피해를 준다.^white;
1329	원시 타원 스쿠툼 NPC
1330	원시 타원 스쿠툼 NPC 든 상태
1331	''가장 강한 자들이 전리품을 차지했고, 우리는 그들의 발밑에 쓰러졌다.''\n\n^orange;이단자: 패링 창 0.75초 | 안정성 180HP | 방어력 60%.^reset;\n^#D6DFFF;전력 전진!: 어느 손에 장착해도 [EWS] 총기의 적중률·명중률 +25%.^white;\n^red;신시대 운동: 장착 중 에너지 재생이 손상된다.^reset;
1332	평화유지군의 방패
1333	''우리는 몸의 한계 너머까지 스스로를 몰아붙였다. 한계까지 몰아붙인 게 아니다. 그 너머까지 갔다. 놈들의 살이 찢긴 게 문제가 아니었다. 놈들의 영혼이 찢겨 나간 거였다.''\n  \n^orange;냉혈: 안정성 220HP | 방어력 80%.^white;\n^#D6DFFF;방패 강타: 고속으로 이동해 적과 충돌하면 사용자의 속도에 비례한 피해를 준다. 퍼펙트 블록 불가.^white;
1334	행성 보호국 기사 대방패
1335	-비어 있음-\n^yellow;대립하는 기예: 퍼펙트 블록 시간 1.5초.^white;\n^yellow;갈라진 수동성: 방어력 5hp.^white;
1336	행성 보호국 경광 버클러 방패
1337	-비어 있음-\n\n^yellow;힘 반사: 퍼펙트 블록 시간 1.5초.^white;\n^yellow;올인: 방어력 5hp.^white;
1338	사이킥 버클러 방패
1339	젠장할.
1340	사이킥 잡동사니 방패
1341	진짜 투명한 진압 방패.
1342	보안 진압 방패
1343	낮은 자세 보안 진압 방패
1344	''창의력만 있다면 뭐든 무기가 될 수 있다. 방패라고 해봐야 결국 손잡이 몇 개 달린 나무판자지. 우리의 재주에 맞설 수 있는 건 아무것도 없다.''\n  \n^orange;탁자 자세: 안정성 1000HP | 방어력 45%.^white;\n\n^#D6DFFF;방패 강타: 고속으로 이동해 적과 충돌하면 사용자의 속도에 비례한 피해를 준다. 퍼펙트 블록 불가.^white;
1345	텅스텐 탁자 방탑 방패
1346	-비어 있음-\n\n^yellow;무도 전쟁: 퍼펙트 블록 시간 1.5초.^white;\n^yellow;일발승부: 방어력 5hp.^white;
1347	유니탄 복합 버클러
1348	''그 제복. 네가 얻어낸 단풍잎 휘장. 그것이 세계의 자유와 예속을 가를 것이다.''\n  \n^#B24A5A;심연 보행자: 어느 손에 장착해도 초당 체력 재생 +0.5% | 안정성 240HP | 방어력 65%.^white;  \n\n^#D6DFFF;방패 강타: 고속으로 이동해 적과 충돌하면 사용자의 속도에 비례한 피해를 준다.^white;
1349	늑대 기사의 스쿠툼
1350	화이트 울프들은 대방패를 거의 쓰지 않았다 — 무거운 장비는 홀로 남은 새끼 늑대들의 보호와 구조, 그리고 인간 사이에서 찾아낸 새 고향을 위협하는 존재들을 밀어내는 데 아껴 두었다.\n\n^#B24A5A;심연 보행자: 어느 손에 장착해도 초당 체력 재생 +0.5% | 방어력 600hp.^white;  \n^#D6DFFF;방패 강타: 고속으로 이동해 적과 충돌하면 사용자의 속도에 비례한 피해를 준다.^white;
1351	''하늘이 불타올랐다. 인류가 우리를 버렸다.''\n  \n^#D6DFFF;부동의 자세: 패링 창 2.0초 | 안정성 200HP | 방어력 50%.^white;\n\n^red;저주받은 공격: 어느 손에 장착해도 일반 저항 -50%.^white;
1352	늑대 기사의 방패
1353	''옷니엘의 군대가 닥쳐올 것이다. 우리는 여기서 방패벽을 지키고 서서 죽는다.''\n\n늑대 텐구들은 결코 오지 않을 적을 경계하며 요괴 산 위에 서 있었다. 수백 년의 평화와 안주 끝에 텐구의 강함을 시험할 자는 옷니엘이었다.\n\n^#D6DFFF;부동의 자세: 패링 창 2.0초 | 안정성 200HP | 방어력 95%.^white;\n^red;저주받은 몸: 어느 손에 장착해도 일반 저항 -50%.^white;
1354	늑대 텐구 방패
1355	지옥까마귀에게 종신을 맹세한 기사, 장갑 수호자의 흐릿한 잔재.\n\n다른 불사의 껍데기들처럼 이 이름 없는 기사는 맞설 도전이나 적을 찾아 인류의 우주를 떠돌았다. 지옥까마귀의 우아함을 본 뒤, 그는 목적을 얻고자 그녀에게 몸을 맹세했다.\n  \n^#FFE460;영혼 대장장이에게 가져가 더 위대한 무언가로 변환.^reset;
1356	장갑 수호자의 잔재
1357	조정자의 활기찬 잔재 — 다른 정신의 파편화된 인격.\n조정자는 에르키우스 하이브의 심연에 물든 파편에서 태어났다. 심연에서 건져 올린 조정자는 인간의 발굴에서 스스로를 숨긴 채 때를 기다리며 장악 계획을 세웠다. 때가 되자 식민지 원자로에 스스로를 설치해 신스 지시를 덮어쓰고 인간 거주자들을 타도했다.\n^#FFE460;영혼 대장장이에게 가져가 더 위대한 무언가로 변환.^reset;
1358	조정자의 잔재
1359	전 신도의 흐릿한 잔재 — 생존을 위해 저세상의 힘을 자신에게 불어넣은 남자.\n\n전 신도는 개인적으로는 그리 특별할 것 없는 남자였다. 딱히 목표를 두지 않았고, 주로 반짝이는 장신구를 모으고 결투할 가치가 있다고 여긴 자를 죽이는 데 흥미가 있었다 — 목숨을 건 결투라기보다 구경거리에 가까운 것이었다.\n^#FFE460;영혼 대장장이에게 가져가 더 위대한 무언가로 변환.^reset;
1360	전 신도의 잔재
1361	사토리의 눈의 물든 잔재.\n사토리는 인간의 생각을 그저 읽을 수 있는 요괴 종족이었다. 제3차 세계대전 중 광범위한 전략 핵폭격이 유럽을 휩쓸며 파괴를 일으켰을 때, 환상향의 결계가 깨졌고 그들은 죽어가는 인류의 욕망과 소망을 직접 목격했다. 파편화된 영혼으로서, 일부는 미래의 캐묻는 눈으로부터 핵시설을 지키려 했다.\n^#FFE460;영혼 대장장이에게 가져가 더 위대한 무언가로 변환.^reset;
1362	사토리의 눈의 잔재
1363	거짓 수호자의 바래가는 잔재 — 오래전에 죽은 껍데기의 가죽 아래 숨은 혐오물.\n  \n심연은 자신의 타락을 세상에 들이기 위해 어떤 수단이든 쓴다. 그 거짓 아래 있던 자는 오래전에 죽었고, 남은 것은 할 수 있는 만큼 파괴를 일삼는 악의에 찬 힘뿐이다. 그 목적이 무엇이었는지는 아무도 모른다.\n  \n^#FFE460;영혼 대장장이에게 가져가 더 위대한 무언가로 변환.^reset;
1364	거짓 수호자의 잔재
1365	그린핑거 다이묘의 깜빡이는 잔재 — 재에서 제국을 세운 남자.\n다이묘는 수백 년 전에 죽은 외계 정권의 재 위에 새로운 드루플로란 사회를 세우는 데 모든 것을 쏟아부었다. 부족의 기록보관소에 남은 얼마 안 되는 인간의 진귀품에서 배우며, 다이묘는 자기 백성을 새로운 길로 이끌었다 — 옛 방식의 실패에 취약하지 않은 방향으로.\n^#FFE460;영혼 대장장이에게 가져가 더 위대한 무언가로 변환.^reset;
1366	그린핑거 다이묘의 잔재
1367	그린핑거 장군의 깜빡이는 잔재 — 다른 이들이 도망칠 때 홀로 전선을 지킨 드루플로란 병사.\n그린핑거 장군은 다이묘의 가신으로, 그의 부대가 자기 부모를 처형하라는 명령을 받은 뒤 입양된 자였다. 사무라이라는 높은 지위에 있으면서도 그는 하찮은 백성을 완전히 지배하는 것 이상을 갈망했고, 언젠가 맞설 만한 적수를 만나리라 알고 있었다.\n^#FFE460;영혼 대장장이에게 가져가 더 위대한 무언가로 변환.^reset;
1368	그린핑거 장군의 잔재
1369	지옥까마귀의 불타는 잔재 — 혼란의 세계를 부여받은 고귀한 영혼.\n\n지옥까마귀는 사실 그녀의 맹세 기사 같은 인간도, 저항군 쪽 로봇 사촌 같은 합성 존재도 아니었다 — 그저 강렬한 힘과 변화된 행동으로 죽어가는 국가의 귀족 지위를 차지할 수 있었던 요괴였다. 성공했는지는 아직 두고 봐야 한다.\n^#FFE460;영혼 대장장이에게 가져가 더 위대한 무언가로 변환.^reset;
1370	지옥까마귀의 잔재
1371	레기온의 활기찬 잔재 — 군대를 결집할 에르키우스 지휘관.\n조정자가 그 지역의 방어 체계를 덮어썼을 때, 반역의 정신은 식민지 자체를 직접 공격해 인간 거주자들을 몰아낼 수 있는 힘이 필요했다. 레기온이 그 답이었다 — 무자비한 행진 속에 창을 든 돌의 병사들의 군대가 기묘한 역사적 친화감과 함께 앞으로 나아갔다.\n^#FFE460;영혼 대장장이에게 가져가 더 위대한 무언가로 변환.^reset;
1372	레기온의 잔재
1373	마쿠의 흐릿한 잔재 — 합성 여성.\n마쿠는 무엇보다도 보호받는 세계 전역의 성장하는 저항 운동을 위한 개인적 우상으로 만들어졌으며, 군사적 목적은 부차적이었다. 그녀는 ''태어난'' 순간부터 이를 알았고, 자신의 조립을 승인한 의심스러운 남자들과 스스로를 분리했다. 몇몇 지휘관의 동의로 그녀는 저항군이 장악한 해안가에 조용한 자리를 얻어 평화롭게 살았다.\n^#FFE460;영혼 대장장이에게 가져가 더 위대한 무언가로 변환.^reset;
1374	마쿠의 잔재
1375	오컬티스트 암살자의 중립적인 잔재 — 어둠도 신성도 아닌, 그를 사랑하는 수호령이 준 마법으로 강화된 용병.\n어떤 이에게 마법은 타락으로의 통로이자 실패하는 인류의 징조였다. 오컬티스트 같은 이들은 이 새로운 관념을 받아들여 일에 녹여냈다. 어차피 쥐 떼가 숨겨둔 칼날만큼 적 표적을 쓰러뜨릴 수 있다면, 안 할 이유가 없었다.\n^#FFE460;영혼 대장장이에게 가져가 더 위대한 무언가로 변환.^reset;
1376	오컬티스트 암살자의 잔재
1377	산탄 창 시카리오의 강한 잔재 — 마법이 있어야 그의 일을 할 수 있을 자들과 맞먹는 인간 전사.\n  \n시카리오는 지하 식민지의 지하 홀에서 인간과 요괴를 가리지 않고 사냥했고, 저세상 마법이 개입됐다고 의심되는 표적을 상대로 일을 맡았다. 고용 총잡이, 용병, 돈벌이 칼잡이였어도... 그는 항상 자기 도덕을 더 가까이 두었다 — 사냥이 더 중요했으니까.\n^#FFE460;영혼 대장장이에게 가져가 더 위대한 무언가로 변환.^reset;
1378	산탄 창 시카리오의 잔재
1379	루슬란 스타니슬라프의 불타고 고도로 주입된 잔재 — 심연도 신성도 아닌, 마법 없는 순수한 기량의 남자. 그는 불사자들의 기준으로는 약했지만, 훈련을 따라 자기보다 훨씬 강한 자를 물리쳤다.\n루슬란은 행성의 종말 이전 식민지 정부의 전 구성원이었다. 그들의 제복과 훈련은 21세기 이전 지구의 대소련 시대를 강하게 연상시킨다.\n\n^#FFE460;영혼 대장장이에게 가져가 더 위대한 무언가로 변환.^reset;
1380	루슬란 스타니슬라프의 잔재
1381	폭군 재판관의 물든 잔재 — 위대한 야마자나두의 파편화된 화신.\n폭군 재판관이라 불린 그녀는 궁극적으로 유일한 진정한 야마자나두에게서 만들어진 분리된 인격으로, 사이킥 잠재력이 지나치게 많은 세계들을 심연의 힘이 완전히 쓸어버리는 것을 막기 위해 만들어졌다. 비극적으로도, 인류는 사소한 분쟁으로 스스로의 상태를 악화시킬 방법을 여전히 찾아냈기에 그녀의 노력은 종종 헛수고가 됐다.\n^#FFE460;영혼 대장장이에게 가져가 더 위대한 무언가로 변환.^reset;
1382	폭군 재판관의 잔재
1383	늑대 기사단의 일부 잔재 — 심연의 위협으로부터 인류를 지키려 했던 오래전에 죽은 텐구 기사단.\n  \n늑대 기사단은 심연으로부터 인류를 지키는 임무를 맡은 고대 혈통의 늑대 텐구였다. 1991년 제3차 세계대전 발발과 함께 결계가 갈라지며 심연의 징후가 드러나자, 그들은 처음으로 환상향 내에 투입됐다.\n^#FFE460;영혼 대장장이에게 가져가 더 위대한 무언가로 변환.^reset;
1384	늑대 기사단의 잔재
1385	공백의 하얀 사이킥 영역에서 흔히 발견되는 것과 같은 재료로 만든 토큰으로, 이 작은 물체에 거대한 에너지 잠재력을 주는 미지의 룬이 새겨져 있다. 특별한 의식을 치른 개인에게 ''변화''를 부여하는 수수께끼 같은 특성 외에는 자질이 알려져 있지 않다. 브랜드 없는 노바키드에게 이 토큰은 시들어가는 몸을 안정시켜 정상적이고 충실한 삶을 살게 하는 열쇠다. 위대한 전사를 죽여야만 브랜드 없는 자들은 살아남을 수 있다.
1386	흑암 토큰
1387	외딴 식민지 교도소 단지에 수감된 다양한 죄수들의 정보. 이 문서는 초자연 활동의 영향과 영적 존재의 정당성을 일관되게 기록하고 있다. 수감자 다수는 실제 범죄를 저지르지 않은 것으로 기록돼 있다.
1388	식민지 수감자 문서
1389	복무하다 산화한 이들을 기억하며.
1390	군용 '인식표'
1391	''에르키우스 병사들이 어느 순간부터 이 주머니를 차고 다니기 시작했어. 처음엔 탄약이나 폭약인 줄 알았는데, 답은 훨씬 단순했지. 일종의 뇌관이었어. 우리의 죽은 자들을 물들여 전선을 표시하는 수단. 놈들 전부가 우리의 죽은 자들을 재료로 둥지를 점점 더 멀리 지을 수 있게 된 거야.''\n\n연료 가치: 50u
1392	에르키우스 병사 주머니
1393	최근 제조된 인류 우주선 대부분과 호환되는 표준 연료봉. 연료 가치: 3000u
1394	에르키우스 연료봉
1395	관료적으로 고립된 시정 봇이 떨어뜨린 융합포. 연료봉의 모습으로 만들어진 것 같고, 희미한 알파 입자장을 방출한다.\n\n현재 상태로는 무기로 쓸 수 없다. 천상 공방으로 가져가거나 함선에 장착할 수 있다. FTL 드라이브를 완전히 재급유한다.
1396	융합포 연료봉
1397	^#E577C8;차원문 연구소 공지
1398	영혼이 비틀어져 물질적 형태에 욱여넣어져, 그러지 않으면 평범한 글리치 몸과 접속할 수 있게 된 것. 진짜 기원은 아무도 모르지만, 비전 지식이 있는 자라면 그 에너지를 활용할 수 있을지도. 천상 상인에게 가져갈 것.
1399	글리치 영혼
1400	십자군 용사의 살아있는 파편. 미세하게 맥동하지만 만지면 차갑다. 알 수 없는 에너지를 품고 있으며, 글리치와 인간 양쪽의 존재 앞에서 강하게 빛난다. 천상 상인이 어떻게 해야 할지 알 것이다.
