244	COPSC '팔콘' DMR 7발 탄창
245	COPSC '코모도' 제식 소총용 30발 7.7x56mm 탄창.
246	COPSC '코모도' 제식 소총 30발 탄창
247	COPSC '바이퍼' 기관단총용 대용량 43발 9x19mm 탄창.
248	COPSC '바이퍼' SMG 43발 탄창
249	수천 달러짜리 보병 화기에 쓰이는 고성능 파워 팩. 대개는 더 작은 개인 화기에 쓰인다.
250	파워 팩 C형
251	수천 달러짜리 보병 화기에 쓰이는 고성능 파워 팩. '곡선형' 탄창 방식은 실탄 화기와 비슷해서 훈련하기 쉽다.
252	파워 팩 C형 탄창
253	M20H5 고폭 수류탄. 20세기에 유래했다는 기원과 H5라는 특정 장약 형식에서 명명된 제식명이다. 이 형식은 무유도 발사 수류탄이다.
254	M20H5 고폭 수류탄
255	M20H9 고폭 로켓. 20세기에 유래했다는 기원과 H9라는 특정 장약 형식에서 명명된 제식명이다. 주로 활강 로켓 발사기 24에 쓰인다. 현재 이 탄약을 생산하는 회사는 없으며, 마지막 생산은 USCM-플로란 전쟁 시기였다.
256	M20H9 고폭 로켓
257	장갑 차량의 파괴나 심층 요새 관통에 쓰이는 Mk483 대기갑 고폭탄.\n  \n이 로켓은 HEDP형에 비해 장약이 훨씬 적지만, 그 덕에 부수 피해를 적극적으로 최소화한다.
258	벙커, 요새, 경장갑의 파괴에 쓰이는 Mk483 고폭 겸용탄.\n  \n이 로켓은 막대한 충격 폭발로 벽 너머에도 상당한 피해를 입히면서 대전차 능력까지 유지한다.
259	AKE-40과 그 변형에 장착. 탄창당 차지 28발.
260	AKE-40 탄창
261	US 모델 EM2에 장착. 탄창당 8발.
262	모델 EM2 탄창
263	PPsH-2600에 장착. 탄창당 28발.
264	PPsH-2600 탄창
265	SCAR-17과 콜로니얼 전투소총 71에 장착. 탄창당 20발.
266	SCAR-17형 탄창
267	SCAR-18에 장착. 탄창당 20발.
268	SCAR-18형 탄창
269	사이버 M4와 그 변형에 장착. 탄창당 28발.
270	사이버 M4 탄창
271	USCM-4에 장착. 탄창당 30발.
272	USCM-4 탄창
273	소바 5.45x39mm에 장착.
274	USM47B545형 탄창
275	USM47A2, USM47P, USM60, 바스타드 건에 장착. 탄창당 30발.
276	USM47A2형 탄창
277	XME-8과 그 변형에 장착. 탄창당 차지 20발.
278	XME-8 탄창
279	유효 적 표적 상공에서 기폭해 파편의 우박을 적들에게 쏟아붓는 특수 ^#FFDD00;근접신관^reset;을 단 제작 로켓. 당연히 HEAT형과 달리 ^#FFDD00;장갑 차량을 효과적으로 공략할 수 없다.^reset; 이 탄약은 적을 간접 타격할 때 훨씬 예측 가능한 탄도를 그릴 수 있는 개활지 전투에서 효과를 발휘한다. ^#FFDD00;RPG-7 발사기에만 호환.^reset;
280	RPG-7 ^#FFDD00;[공중폭발]^reset;
281	1단 고폭 대전차 로켓탄.\n  \n믿음직한 주력탄으로, 준수한 대전차 능력과 효과적인 파편 살상 덕에 좀처럼 실망시키는 법이 없어 거의 모든 장거리 상황에 알맞다. 적어도 보병을 상대로는 그렇다.
282	^#8FAED3;60발 충전. 조율된 스태프라면 실탄 돌격소총에 버금가는 성능.^reset;\n옛 스펠카드와 달리, 개인이 자신의 마법 지팡이에 맞춰 미리 정성스럽게 준비해 두는 이 조율 카드 덕에 전투 전에 충전을 준비해 둘 수 있다. 격전 중에는 탄약처럼 스펠카드를 꺼내 집중하면, 전통적인 마도서를 지참했을 때보다 훨씬 빠르게 마법 잠재력을 재충전할 수 있다.
283	스펠카드 '돌격'형
284	^#8FAED3;16발 충전. 조율된 스태프라면 자동 산탄총에 버금가는 성능.^reset;\n왕조 초기 치세에 처음 개척된 조율. 이 스펠카드는 염력으로 붙들어 둔 소수의 투사체(납 산탄이 선호되지만 자갈이나 모래도 쓸 수 있다)에 극도의 운동 에너지를 집중시킨다. 원할 때 투사체가 엄청난 속도로 발사되어 파괴적인 파편의 원뿔을 이룬다. 빙의체든 노동조합 결성 시도든, 떼거리를 상대로 효과적이다.
285	스펠카드 '블래스터'형
286	^#8FAED3;지팡이를 폭발시키도록 조율하여 거대한 반경 안의 모든 것에 큰 피해를 준다.^reset;\n\n^red;소지자와 주변 아군도 면역이 아니며, 십중팔구 그 과정에서 죽는다.^reset;\n\n''왕조는 살아남아야 한다. 우리가 살아남는 건 어디까지나 반가운 덤일 뿐.''
287	스펠카드 '폭발'형
288	^#8FAED3;곡사탄 2발 충전. 조율된 스태프라면 쌍발 소이 발사기에 버금간다.^reset;\n기초 조율을 치명적인 수준까지 강화한 것. 더 오래되고 약한 '화염구' 계열이 강경 전통주의 마법사들의 주력으로 남아 있겠지만, 이 곡사 화염탄은 적합한 마술사가 지팡이를 충전하기만 하면 야전 포병 못지않은 살상력을 입증해 왔다. 기가 약한 수련생이라면 사거리 50미터가 고작이라 공성 포격엔 맞지 않지만, 근거리 화력 제압에는 충분하다.
289	스펠카드 '곡사'형
290	최초의 AR 탄창. 당대의 기술적 제약 때문에 미국-베트남 전쟁에서 널리 쓰였다. 지금은 표준이 된 30발 탄창이 널리 보급된 건 전쟁이 끝나고 한참 뒤인 70년대 중후반의 일이다. 이 탄창은 아직도 극심한 예산난의 소규모 식민지군과 치안 조직에서 종종 모습을 드러낸다. XM177 코만도에만 호환.
291	STANAG NATO 5.56 20발
292	여러 민간 화기 제조사가 채택한 5.56x45mm 탄창. 드럼 탄창당 50발.
293	STANAG NATO 5.56 드럼
294	여러 민간 화기 제조사가 채택한 5.56x45mm 탄창. 탄창당 30발.
295	STANAG NATO 5.56 탄창
296	형식: STANAG NATO\n구경: 5.56x45mm\n장탄수: 30발\n\n효과: 급속 부식(피해 저항 -30%/10초)\n\n호환: DCDR516, M16A3
297	5.56x45mm ^#FFDD00;[부식]^reset;
298	형식: STANAG NATO\n구경: 5.56x45mm\n장탄수: 30발\n\n효과: 과충전(공격력 -50%/10초)\n\n호환: DCDR516, M16A3
299	5.56x45mm ^#FFDD00;[과충전]^reset;
300	호환되는 7.7x56mm 구경 CCR 플랫폼 무기 전체에 장착. 20발 탄창.
301	형식: STANAG-콜로니야\n구경: 7.7x56mm\n장탄수: 20발\n\n효과: 추적(빗나갈 확률을 무시하고 표적을 추적함)\n\n호환: CCR71
302	7.7x56mm ^#FFDD00;[유도]^reset;
303	[레거시 아이템] 이 아이템의 새 버전을 찾으시오. 감사합니다.
304	[레거시 아이템]
305	호환되는 5.45x39mm 구경 AK 플랫폼 무기 전체에 장착. 30발 탄창.
306	AK 5.45x39mm 탄창
307	.36구경 지질 탄약을 발사하며 각 4발씩 장전. .36구경 프리먼 리볼버가 사용한다.
308	.36구경 프리먼 실린더
309	6P41MG용 100발 7.62x54mm 탄약 상자.
310	6P41MG 7.62x54mm 박스
311	스캐빈저의 바스타드 건용 탄창. 30발.
312	바스타드 건 5.45x15mm 탄창
313	DCMK51용 200발 5.56x45mm 탄약 상자.
314	DCMK51 5.56x45mm 박스
315	DCMK51용 200발 7.62x51mm 탄약 상자. 폐기됨(더 이상 사용 안 함)
316	DCMK51 7.62x51mm 박스 탄창
317	DShK 계열 무기용 50발 12.7x108mm 탄약 드럼 탄창.
318	DShK 12.7x108mm 50발 박스 탄창
319	에메리아 마켓 화기용 8발 9x18mm 탄창.
320	에메리아 마켓 9x18mm 탄창
321	ILWS 탄창을 빠르게 재충전할 수 있는 야전 배터리. ''레이저''는 유도 방출에 의한 광 증폭의 두문자어다. 레이저 빔이 강철을 자를 수 있고 손전등은 그러지 못하는 이유는 레이저광이 간섭성을 가지기 때문이다. 즉 빔 안의 모든 광자가 서로 ''발을 맞추고'' 있는 것이다. 비유하자면, 발맞춰 행진하는 군대는 부주의하게 다리를 무너뜨릴 수 있지만, 같은 수의 사람들이 제멋대로 다리를 건너면 아무 일도 일어나지 않는다.\n  - 프로젝트 로
322	ILWS 야전 배터리
323	그랜틀 화기용 17발 9x19mm 더블스택 권총 탄창.
324	그랜틀 9x19mm 탄창
325	소형 ILW 시스템용 파워 팩으로, 삽탄 클립이나 시판 배터리처럼 무기에 통째로 장전하도록 설계됐다. 5.56x45mm의 탄도 성능을 내도록 조율된 사격으로, 배터리 하나에 400발 분량의 탄약을 제공한다.
326	ILWS 파워 팩 2형
327	케드르-게파르트 Mk18 기관단총용 35발 9x18mm 더블스택 탄창.
328	케드르 9x18mm 탄창
329	MG 계열 무기용 200발 7.7x56mm 탄약 상자. 레거시 아이템, 더 이상 사용 안 함.
330	MG2750 7.7x56mm 박스 탄창
331	MG 계열 무기용 75발 7.7x56mm 탄약 드럼 탄창. 일반적인 LMG 박스와 달리 슬롯당 3개까지 휴대할 수 있어 MG2750은 이동 중 공격적인 속사 화기로 적합하다. 레거시 아이템, 더 이상 사용 안 함.
332	MG2750 7.7x56mm 75발 드럼 탄창
333	M1A1 톰프슨용 30발 11.43x23mm(.45) 탄창.
334	M1A1 탄창
335	Mk.3 2055(B) 권총용 13발 탄창.
336	Mk.3 9x19mm 탄창
337	MR42용 20발 탄창.
338	MR42 7.92x57mm 20발 탄창
339	''우리한텐 괴물들 같은 발톱이나 이빨은 없지만, 우리만의 이빨을 만들 지능은 있지.''\n  \n트럭처럼 세게 때리고 폭발 능력까지 갖춘 특수 석궁 볼트.
340	올빼미 사냥꾼의 석궁 볼트
341	8발 11.43x23mm 탄창.
342	스컴백 권총 11.43x23mm 탄창
343	SOVA-GB 전용 10발 민수용 탄창. 5.45x15mm 구경.
344	SOVA-GB 5.45x15mm 탄창
345	호환되는 스톰 스터버 무기 전체에 장착. 20발 탄창.
346	스톰 스터버 12.7x108mm 20발 탄창
347	T60 "타보르" 중기관총용 40발 12.7x108mm 탄약 상자.
348	T60 중기관총 박스 탄창
349	ROKS U-500 화염방사기용 고압 연료 탱크 시스템.
350	ROKS U-500 탱크
351	호환되는 USM12형 무기 전체에 장착. 20발 드럼 탄창.
352	USM12 20발 드럼 [벅샷]
353	호환되는 USM12형 무기 전체에 장착. 10발 탄창.
354	USM12 10발 [벅샷]
355	USM12 20발 드럼 [슬러그]
356	USM12 10발 [슬러그]
357	M1911 권총용 7발 .45구경 탄창.
358	M1911 탄창
359	40발 5.45x15mm 비히형 탄창. 레거시 아이템, 더 이상 사용 안 함.
360	비히 40발 5.45x15mm 탄창
361	쿠르츠 마시넨피스톨레 5 기관단총용 35발 더블스택 9x19mm 쿠르츠형 탄창.
362	쿠르츠 35발 9x19mm 탄창
363	구·현 연합 시스템의 현대 군대에서 흔히 쓰이는 기본형 Type III-E28 세라믹 방탄판. 무게 대비 최고 수준의 방탄 보호를 제공한다. 화기가 갑옷의 전반적인 효과를 떨어뜨렸을지 몰라도, 개인 방호는 언제나 핵심이다. 누구도 죽고 싶지 않으니까.\n\n^green;소구경·근접·물리 저항 +20%.^reset;\n^green;중간 출혈 방지^reset; | ^red;이동 속도 -20%.
364	Type III-E28 세라믹 플레이트
365	얇은 강철 고리를 서로 엮은 쇄자갑을 현대 방탄판 프레임에 끼운 갑옷. 만들기 쉽고(시간은 걸리지만) 제법 괜찮은 피해 흡수와 가벼운 무게 덕에 인기 있는 듯하다. 실제로 목적에 맞게 제작된 갑옷과 비교하면 완전히 무용지물이지만.\n\n^green;소구경 저항 +5%.^reset;\n^green;근접·물리 저항 +20%.^reset;
366	현대식 쇄자 방어판
367	손발처럼 동상에 걸리기 쉬운 말단 부분까지 커버하는, 플레이트 캐리어에 끼울 수 있는 몸에 밀착되는 히터. 일반 단열은 체열을 가두는 방식이라, 땀이나 비에 젖거나 활동을 멈추면 체온을 유지하지 못할 수 있다. 발열 의류라면 휴식 중이라 체열을 내지 않거나 외투가 땀에 젖어 있어도 따뜻함을 유지할 수 있다. ^green;쿠르토비나 서리와 추운 날씨로부터 보호.^reset;
368	발열 플레이트
369	일반적인 군용 등급 판재에 비해 더 넓은 면적에 충격을 분산시키는 데 중점을 둔 판금. 대부분의 방탄복은 이미 가해지는 힘을 완충하지만(피해 흡수의 원리), 여기 쓰인 ''기피술''은 다소 이례적이다. 힘의 전이가 특정 부위의 출혈을 막지만, 그건 총에 맞았을 때 온몸으로 더 많은 고통을 느낀다는 뜻이기도 하다.\n\n^green;경미·중간 출혈 방지.^reset;
370	Type XIIV 충격 플레이트
371	몸통에 가해지는 둔탁·폭발 외상을 막는 것을 목표로 한 기본 패딩 갑옷으로, 경미한 출혈의 시작을 막는 데 효과적이다. 사실상 Type III-E28 세라믹 플레이트의 경량판으로, 보호력은 약간 낮지만 기동성이 높고, 세라믹 플레이트가 못 막는 경미한 출혈도 막는다.\n\n^green;근접·물리 저항 +15%\n^green;경미한 출혈 방지.^reset;
372	패딩 방어판
373	플레이트 슬롯이 있는 일반 조끼에 끼울 수 있는 장비. 스턴 스피어 자벨린이나 에너지 디스럽터에서 나오는 것처럼 확산되는 집중 전기 충격을 막아내는 독립 완결형 장치로, 적을 공격하는 데 필요한 근육과 파워 아머 시스템의 마비를 방지한다.\n^green;근접 저항 +15% | 전기 저항 +60%.\n강한 국부 전기 충격과 과충전으로부터 보호.^reset;
374	뮬 자가유지 전기 플레이트
375	스파이크-스탭 플레이트는 자찌·찌르기 방어판의 결합체다. 큰 칼의 강한 찌르기와 마체테류의 베기 모두에 저항력을 지닌 현대식 스파이크-스탭 플레이트는 대부분의 근접 범죄 무기에 대해 높은 방어력을 제공한다. 이 찌르기 방지판은 인정된 방탄 성능이 없어, 대부분의 민간인 거주 지역에서 법적 문제 없이 판매할 수 있다.\n^green;근접 저항 +30% | 물리 저항 +25%.^reset;
376	스파이크-스탭 플레이트
377	기본 병사를 보호하는 기본 장비를 담은 기본 헬멧 키트. 기본적으로. 헬멧 패딩, 기본 바이저, 귀마개가 포함된다. 서류상으로는 훌륭해 보인다.\n\n^green;소구경·근접 저항 +5%.\n^green;과도한 총성 소음 면역.^reset;
378	기본 헬멧 키트
379	일부 항성의 자외선을 일반적으로 차단하고 거친 환경을 견디는 기본 범용 개인보호구. 먼지가 눈에 들어가는 건 막아주지만 그 자체로는 완전히 쓸모없다. 원하면 헬멧과 함께 쓸 수는 있다.\n\n^yellow;감독관이 나타났을 때 기본 안전 점검표를 충족한다.^reset;
380	기본 보호 바이저
381	*이이이이이이이이이이이이이이이이이이이이이이이이이이이이이이이이이이이이이이이이이이이이이이이이이이이이이이이이이이이이이이이이이이이이이이이이이이이이이이이이이이이이이이이이이이이이이이이이이이이이이이이이이이이이이이이이이이이이이이이이이이이이이이이이이이이이이이이이이이이이이이이이이이이이이이이이이이이이이이이이이이이이이이이이이이이이이이이이이이이이이이이이이이이이이이이이이이이이이이이이이이이이이이이이이이이이이이이이이이이이이이이이이이이이이이이이이이이이이이이이이이이이이이이이이이이이이이이이이이이이이이이이이이이이이이이이이이이이이이이이이이이이이이이이이이이이이이이이이이이이이이이이이이이이이이이이이이이이이이이이이이이이이이이이이이*\n\n^green;과도한 총성 소음 면역.^reset;
382	귀마개
383	헬멧 앞이나 옆에 다는 간단한 헤드램프. 휴대 랜턴, 손전등, 무기 부착 조명 같은 다른 광원을 쓸 수 없거나 부적합한 곳에서 기본 조명을 제공한다. 야간투시경 대신 이걸 쓰냐고? 그럼 고급 야간투시경의 내부가 어떻게 돌아가는지 직접 알아보시길.\n\n^green;조명을 달아 빛을 제공한다.^reset;
384	헬멧 헤드램프
385	대부분의 헬멧에는 병사들이 자기 장비에 고통받지 않도록 라이너가 들어 있지만, 이 키트로 헬멧이나 머리장비 안쪽에 패딩을 더 덧댈 수 있다. 착용감이 조금 나아지긴 하지만, 머리를 관통하는 총알이나 할버드엔 별 도움이 안 된다.\n\n^green;소구경·근접 저항 +5%.^reset;
386	헬멧 패딩
387	먼지가 눈에 들어가는 걸 막는다. 원거리 파편을 견딜 수 있는 추가 방어판을 갖췄다. 제공하는 추가 방호는 기껏해야 미미해서, 장기적으로는 형편없는 선택이다.\n\n^green;소구경 저항 +5%.^reset;
388	강화 전투 바이저
389	''그녀는 이 콜로니의 유일한 희망이다. 나는 그녀의 보호자이고, 그녀는 곧 우리의 보호자다.''\n기갑 보호자의 다리 지지대. 나노복합 직물로 만들어 대부분의 갑옷 하의에 매끄럽게 맞으며, 놀라울 정도로 편안하게 강화된 힘을 제공한다.\n^green;^red;붉은 태양의 기동 살상^green;을 무효화하여, 붉은 태양 아티팩트가 주는 +400HP 상승을 받으면서도 완전한 기동력을 유지한다.^reset;\n^red;에너지 -50%.^reset;
390	기갑 보호자 다리 지지대
391	쇄자갑은 작은 금속 고리를 무늬대로 엮어 그물을 이룬 갑옷의 일종이다. 지구에서는 기원전 3세기부터 서기 16세기까지 당시 유럽, 아시아, 북아프리카로 불리던 지역의 군사적 용도로 널리 쓰였다. 이 조각들은 현대 하의에 라이닝하는 용도로, 가난하지만 발전된 사회에서 만들어진 대체로 조잡한 재현품이다. 진짜 고품질 쇄자갑에는 상대가 되지 않는다.\n\n^green;근접·물리 저항 +10%.^reset;
392	현대식 쇄자 레깅스
393	''근사한 에너지 방패는 아니지만, 진흙을 바르고 다니는 것보단 낫지.''\n\n노멕스, 케블라, 모다크릴릭은 방염 의류에 흔히 쓰이는 소재다.\n\n^green;화염 저항 +25%.^reset;\n^green;일반 화상 상태이상 면역.^reset;
394	방염 직물
395	''한번은 자갈밭에서 무릎이 심하게 까진 적이 있어. 적병들이 우리한테 사격을 시작해서 엄폐해야 했지. 여기저기서 총질이 오갔는데 그날 죽은 사람은 없었던 것 같아. 몇 분 만에 싸움이 끝났고, 전우가 당황해서 괜찮냐고 묻더라고. 아래를 보니 내 다리에서 피가 강물처럼 흐르고 있었어. 근처에 의무병이 있어서 소독약을 뿌려줬지만, 그 뒤로 난 피부를 가리고 다녔지.''\n현대 대부분의 병사에게 흔한 기본 규격 다리 패드.\n^green;근접·물리 저항 +5%.^reset;
396	다리 패딩
397	신발류에 개조 장착해 다양한 요소에 대한 각종 안전 조치를 제공하는 강철 선두 신발 개조 키트. 강철 선두마다 보호 수준이 다르며(보통 제조 단계에서 내장되지 사후 부착되지 않는다) 대전 방지, 연료 저항, 물 침투·흡수 저항, 밑창 관통 저항, 온도 단열, 절단·미끄럼 저항 등의 요소가 있다. ^green;근접·물리·화염·냉기·전기·독 저항 +5%.^reset; | ^green;넉백 저항 +10%.^reset;
398	강철 선두 신발 개조
399	내부 추진체로 갈고리를 물속에서 움직일 수 있게 해 특정 어종을 유인하기 쉬운, 약하지만 균형 잡힌 모터식 모듈. ^orange;A/D로 줄을 좌우로 움직인다.^reset;\n제원\n조작 속도 - 10u\n조작력 - 20u\n^orange;빛을 낸다.
400	1등급 모터식 갈고리
401	모터식 갈고리의 개량형. 추진 시스템이 황당할 정도로 업그레이드되어 낚시 갈고리에 있어선 안 될 수준의 기동력을 제공한다. ^orange;A/D로 줄을 좌우로 움직인다.^reset;\n제원\n조작 속도 - 20u\n조작력 - 25u\n^orange;빛을 낸다.
402	2등급 모터식 갈고리
403	특별한 것 하나 없이 단순한 원시 갈고리.\n\n- 능력 없음.
404	원시 갈고리
405	스풀 길이를 늘려 낚싯대가 심해어를 걸 수 있게 한다.\n\n릴 제원  \n릴 길이 - 50u\n릴 속도 - 16u\n파단 시간 - 0.75초
406	심해 릴
407	믿을 수 없을 만큼 빠른 감기 속도지만 힘은 없는 릴. 물고기가 언제 저항할지는 알아서 짐작해야 한다.\n\n릴 제원  \n릴 길이 - 50u\n릴 속도 - 40u\n파단 시간 - 0.1초
408	도박사의 릴
409	저토크 고속 기어비로 조율된 중거리 릴. 릴 길이가 약간 늘어나 심해층 상부까지 훑을 수 있다.\n\n릴 제원  \n릴 길이 - 30u\n릴 속도 - 20u\n파단 시간 - 0.75초
410	물총새 릴
411	대부분의 현대 낚싯대용 표준 릴. 평균적인 제원이지만 심해어를 걸 만한 길이가 부족하다.\n\n릴 제원  \n릴 길이 - 20u\n릴 속도 - 14u\n파단 시간 - 0.75초
412	표준 릴
413	수동 릴을 심해 낚시와 상당한 부하 견딤이 가능한 긴 모터식 변형으로 교체한다.\n\n릴 제원  \n릴 길이 - 50u\n릴 속도 - 10u\n파단 시간 - 0.9초
414	거북이 릴
415	신발 밑창을 최신 소재와 액체 완충 기술로 교체하면 침습적 신체 개조 없이도 더 오래 빠르게 달릴 수 있다.\n\n^orange;경·중화기 소지 시: 질주 충전이 더 이상 능력 마나를 소모하지 않는다 | 발동에는 여전히 예비 마나 필요 | 중갑이나 무거운 LMG에는 작동 안 함.^reset;
416	첨단 밑창
417	''사지가 칼날을 막아낼 때, 우리는 그것이 희생했다고 말하지 않는다. 몸은 하나이며, 사지의 목적은 전체를 지키는 것이기에.''\n\n^Orange;피해 30 이상을 받으면 2초간 최대 체력의 2%/초 회복(추가 피격 시 갱신). 회복 강화가 만료되면 5초간 착용자가 받는 모든 피해가 15% 증가하며, 다음 방어 강화 발동이 차단된다.
418	공격자의 재앙
419	''우리가 얼마나 분전했고 얼마나 용감했는지는 중요치 않았다. 우리 측 죽음 하나하나가 뒤틀린 그들의 병사가 되어 바닥에서 긁어모여 끝없이 불어나는 군대에 합류할 뿐이었다.''\n\n^orange;무기 공격에 기절하지 않음 | 넉백 저항 +200%.^reset;
420	굳은 살의 망토
421	''연막 뿌려, 그다음 놈들을 구워. 알겠어?'' - 신원 미상의 USCR 병사.\n\n^orange;연막 은폐에서 벗어날 때: 1초간 피해 무적, 3초간 무기 숙련 +25% | 재사용 대기 15초.^reset;
422	강습 전술 제2권
423	''가장 오래 사는 자들이 가장 잘 배운다. 가장 잘 배우는 자들이 가장 오래 산다.''\n\n대중에게 보여진 과학적 위장극을 꿰뚫어 본 이들은 많았다. 이 이세계의 힘에 대한 거대한 연구에서 좋은 게 나올 리 없었다.\n\n^orange;적을 처치할 때마다 무기 숙련 +10%. 단계당 15초 지속, 최대 +30% 보너스까지 중첩.^reset;
424	명사수의 머리장식
425	''심연과의 싸움에서 우리는 뭐든 썼다. 각성제, 방패, 심지어 전투 우위를 얻으려고 우리 유전자까지 손댔다. 드론 떼거리보다 더 집요한 적을 상대로 싸움을 이어가기 위해서는 뭐든.''\n\n^orange;한 번의 피격을 흡수하는 ^#C8FAFA;HIT-SHIELD^orange; 층 획득 | 재사용 대기 20초 | 다른 ^#C8FAFA;HIT-SHIELD^orange;와 중첩.^reset;\n\n^red;재사용 대기 중 최대 체력 -20%.^reset;
426	방어 전환기
427	''돌판 같은 의지를 지닌 자들이 남아 밀려드는 마물들을 막아냈다. 닿는 대로 장비를 걸치고 다시 난전으로 돌아간 그들은, 어쩌면 우리 도움 없이 침략 자체를 끝내려 했는지도 모른다. 몸은 뒤틀리고 마음은 산산조각 났겠지만, 그들은 우리 마음속에 영원히 살아 있다. 언젠가 우리는 돌아가 이 난장판을 치울 것이다.''\n^orange;전투 중 착용자의 갑옷 중량 등급에 따라 최대 체력 증가.^reset;\n부위당 | 중형: +25HP | 중량형: +40HP.
428	돌기사의 부적
429	''반격을 준비하려면 시간이 필요했다. 보안팀이 가장 먼저 당했고, 그다음은 기술자 계열이었다. 봉쇄하고 놈들의 장악을 막으려면 시간이 더 필요했다.''\n\n^orange;회피 발동 시 다음 7.5초간 회피율 +15%와 체력 재생 +1 증가.^reset;
430	생존자의 회중시계
431	심연의 꿈틀거리는 살점에 꿰뚫린 오래된 책. 삶과 죽음에서 뜯겨 나온 자들의 고통받는 정신으로 만들어졌다. 적에게 무모하게 사격하는 행위는 모든 생명을 혐오하는 엘드리치 존재의 총애를 어느 정도 얻게 한다.\n\n^orange;오컬트 기력 40% 이상일 때 마법 숙련 +15%.
432	증오의 고서
433	''우리 연구원들은 눈앞의 심연을 오래 들여다보았다. 건네진 모든 질병을 고칠 만큼 강한 생명력이었다. 위험은 알고 있었다. 무언가가 건너올 것에도 대비돼 있었다. 우리는 잠망경으로 그 새 세계를 내려다보았고, 그 세계는 우리를 응시하고 있었다. 그것은 우리를 증오했다.''\n\n^green;전투 중 갑옷 이동 패널티 무효화.^reset;\n^orange;피해를 받으면: 강화가 5초간 비활성화된다.^reset;
434	공허의 반지
435	대부분의 요괴가 그렇듯 아야의 탄생은 비교적 알려지지 않은 일이다. 알려진 부모도 없고 그녀의 정신에서 기억을 끌어올릴 수도 없다. 그녀가 과거로 기억하는 전부는 기자로서의 삶이다. 그런 삶이 거의 완벽한 조화를 이루던 환상의 땅에서, 기사거리를 얻으려고 남들을 귀찮게 하며 살았다.\n\n^orange;달리는 동안 회피 +20%.^reset;
436	아야의 오래된 깃털
437	아야는 요괴-텐구로 태어났다. 신들의 경지에는 미치지 못하지만 보통 인간을 크게 능가하는 힘을 가진 존재다. 그녀는 일본 땅에서, 나아가 환상의 땅 환상향 자체에서 벌어진 수백 번의 전쟁을 지켜보았다. 하지만 그녀 자신이 어느 분쟁의 최전선에 선 적도, 인간 곁에 산 적도 없다. 다른 텐구들과 함께 산속 거처에 남는 것을 선호했으니까.\n^orange;특수 근접 공격 사용 시 까마귀 텐구 영혼이 앞으로 돌진해 큰 피해를 준다 | 재사용 대기 20초.^reset;
438	아야의 핏빛 깃털
439	''모든 게 다 보여!'' - 틸리안 펀즈비\n\n^orange;무기 조, 장교, 지원 보병 같은 우선 표적이 노란 조준점으로 표시되고 피해 +50%를 받는다.^reset;\n^yellow;보스는 절반 효과로 표시된다(빨간 조준점).^reset;\n^orange;가장 가까운 적이 조준점으로 표시되고 탄도 피해 +25%를 받는다.\n주변 모든 적도 초록색 핑으로 표시된다.^reset;
440	첨단 AR 광학기
441	기존 갑옷이나 제복 아래에 설치하는 추가 보호 완충재. 아주 평범하지만, 어쩌면 다소 실용적일 수도 있다.\n\n^orange;출혈 발동 저항 +15% | 최대 체력 +15.^reset;
442	갑옷 패딩
443	첨단 복합소재가 갑옷에 직조되어 뛰어난 출혈 저항을 제공한다. 다만 갑옷 패딩보다 약간 더 무겁다.\n\n^orange;출혈 발동 저항 +40% | 이동 속도 -10%.^reset;
444	탄도 직물
445	필연적으로 쌓이게 될 스크랩 더미를 위한 추가 가방. 쌓이고 또 쌓여 끝이 없는 더미들.\n\n^orange;금속혈 스크라운러의 패시브 스크랩 드롭률을 추가로 10% 증가시킨다 | 갑옷을 최소 한 부위 착용해야 한다.
446	추가 수거 가방
447	교전 중 탄약에 빠르게 손이 닿도록 벨트 따위로 엉덩이에 부착하는 화살통 가방. 여기엔 뭐가 아주 많이 들어 있는 모양이다. 이 빌어먹을 것이 비는 꼴을 본 적이 없으니까.\n\n^orange;화살·볼트 발사 시 50% 확률로 목재 화살·볼트 회수.^reset;
448	엉덩이 화살통
449	기존 갑옷이나 제복 아래에 설치하는 추가 금속 장갑판. 본질적으로 즉석 갑옷이다. 이걸 끼면 더 많은 타격을 버틸 수 있고 몇몇 공격은 아예 튕겨낼 수도 있지만, 그 과정에서 확실히 몸이 무거워진다.\n\n^orange;피해를 받으면 패링 효과 발동 | 최대 체력 +25 | 이동 속도 -20%.^reset;
450	금속 장갑판
451	''현대 의학은 야전 의무 텐트에서 쌓아 올린 수천 년의 의료 과학과, 헤아릴 수 없이 오래된 작업장에서 정제된 복잡한 약초 배합 위에 성립한다.'' - 익명의 연구원\n^orange;체력 70% 미만일 때: 20초간 초당 2HP(40HP) 부여, 초당 마나 2 소모(40 AM) | 기본 마나 재생률이 캡슐의 소모량을 앞지름 | 마나가 고갈되면 치유 중단 | 재사용 대기 30초.^reset;
452	달빛 캡슐
453	''그대의 겨눌 상대는 나다, 귀족 양반.'' - 『풋랜서 이야기』, 제1권\n\n마상창 방패로도 알려진 이 장비는 기마 상태에서 무거운 랜스의 타격을 흘려내도록 판갑에 부착하던 것이었다.\n\n^orange;근접전 중 인접한 적과 자신을 50% 둔화 | 근접전 중 착용자 최대 체력 +40.^reset;
454	귀족의 에크랑셰
455	가방에서 집어낼 탄약이 항상 더 있을 것만 같지만, 총격 아래서 재장전해야 하는 걱정에 비하면 탄약 걱정 따위는 사소한 것이다.\n^orange;특정 무기 발사 시 탄약 회수 확률:^reset;\n표준 - 35%\n.57구경 미니에 - 35%\n.60구경 지질탄 - 30%\n.577구경 스나이더 - 25%\n.36구경 지질탄 - 25%
456	화약 가방
457	''비침습적 컴퓨터 하드웨어로 병사 장비를 증강해 기껏 5%의 전투 성능 향상을 노리느라 헤아릴 수 없이 많은 돈이 쓰였다. 뭐, 어떻게든 되긴 됐지.'' - USCR 군수부 대표\n\n^orange;적들이 초록색 핑으로 표시된다.^reset;\n\n^orange;기술 해금: 표준 AR 광학기^reset;
458	시제 AR 광학기
459	''자동 주사기라고 부를 수가 없었어. '그냥' 주사기라고 하면 사람들이 떠올리는 게 바로 그런 물건들이거든.'' - 자동 치유기 연구원\n\n^orange;체력 50% 미만일 때: 10초간 초당 5HP(50HP) 부여, 초당 능력 마나 7 소모(70 AM) | 마나가 고갈되면 치유 중단 | 재사용 대기 30초.^reset;\n\n^orange;기술 해금: 표준 자동 치유기^reset;
460	시제 자동 치유기
461	''선은 투창이 꽂힌 자리에 그어진다.''\n\n네가 걸었던 세계의 땅에서 퍼온 모래. 모든 것은 필경 시간의 모래로 돌아간다는 걸 일깨우는 물건이다.\n\n^orange;투척 무기 명중률 +75%.^reset;
462	모래 약병
463	각종 산탄을 가득 채운 탄띠. 이 탄띠가 비는 걸 본 적은 없지만, 굳이 캐묻지 않는 게 좋을 것이다.\n\n^orange;특정 무기 발사 시 산탄 회수 확률:^reset;\n20게이지 - 50%\n12게이지 - 35%\n6게이지 (23x75mmR) - 20%\n\n^red;파이프 무기에는 작동하지 않는다.
464	산탄 탄띠
465	''광학 증강은 한때 과거의 잘 갖춰진 군대 대부분에서 제법 흔한 광경이었다. 지금은 부유한 용병이나 외로운 늑대 같은 자들이 아니면 쓰는 걸 찾기 어렵다.'' - 신원 미상의 USCR 망명 군수관\n\n^orange;가장 가까운 적이 조준점으로 표시되고 탄도 피해 +25%를 받는다 | 주변 모든 적도 초록색 핑으로 표시된다.^reset;\n^orange;기술 해금: 첨단 AR 광학기^reset;
466	표준 AR 광학기
467	''사람들은 별것 아니라 생각할지 모르지만, 초기 모델은 방아쇠에 맞춰 찔러 넣는 작은 기계를 사람들 팔에 매단 수준이었지. 진짜로 어려운 건 방아쇠 쪽이었어. 병사의 직접 입력 없이 어느 시점에 강화 약물을 찔러 넣어야 하는지를 도대체 어떻게 알아내느냐고.'' - 자동 치유기 연구원\n^orange;체력 40% 미만일 때: 5초간 초당 20HP(100HP) 부여, 초당 능력 마나 25 소모(125 AM) | 마나가 고갈되면 치유 중단 | 재사용 대기 20초.^reset;
468	표준 자동 치유기
469	''우리 같은 암살자들은 그 모든 것 사이의 묘한 중간지대에 있었다. 엘리트 대 인민. 자유사상가 대 게슈탈트. 우리는 누구에게서든 품삯을 받았다. 엘리트는 동전으로 치렀고, 인민은 술과 여자로 치렀다. 게슈탈트조차 우리의 손을 빌렸고 그 대가로 보상을 받곤 했다. 놈들은 동전도, 술도, 여자도 제시했다. 전부 한꺼번에.''\n\n^green;낙하 피해 배율 0.1배.^reset;
470	암살자의 비약
471	''사냥꾼에게서는 숨을 수 없다! 바람에 실린 너희의 이단 냄새를 맡았다!''\n글리치 헌터는 전쟁에 낯선 자들이 아니며, 많은 입문자들이 게슈탈트 크루세이더 군세의 정찰과 파괴 공작에 투입된다. 크루세이더를 충분히 오래 사냥하고 나면 많은 글리치 헌터가 비슷한 열광을 품게 되고, 골치 아픈 독립 세력을 제거하는 반게슈탈트 선전 강행에 그 열광을 쏟아붓는다.\n^green;이동 속도 +25%.^reset;
472	열정의 인장
473	''총이든 지팡이든, 싸움은 즉시 끝내야 한다. 그러지 않으면 우리 모두 쓰러진다!''\n향 자체가 축복받은 경우도 있어, 변화된 공기에 노출된 자들에게 강화 효과를 준다. 전투의 전율을 선호하는 이들도 있는데, 자신의 마법을 최대한으로 활용할 기회를 주기 때문이다.\n^orange;발사당 오컬트 기력 축적량 추가 +3% | 마법 무기 재장전 시 오컬트 기력 추가 -15% 소거 | 오컬티스트 전용.
474	가속의 향
475	''이 요새는 함락되면 안 돼. 그러지 않으면 누가 우리한테 술을 갖다 주겠어?''\n\n신의 가호를 준다고 하는 작은 궤짝. 이건 전투에서 쓰러진 이름 모를 아시가루의 소지품이었다.\n\n^orange;전장식 화기 발사 시 플레이어를 최대 30초간 충전한다. 특수 근접 공격을 쓰거나 근접 반격에 성공하면 플레이어 주위로 베기 회오리를 뿜어낸다(측면당 최대 400 피해). 발동 시 강화 소모.^reset;
476	아시가루의 오마모리
477	알려지기로는 마을에서 너무 멀리 떨어진 곳에 사는 이들을 사냥했던, 진정으로 악마 같은 요괴들의 두개골 중 하나다. 환상향의 '요괴'들은 자신들의 조상이 인류의 집단적 공포에서 태어난 기형 짐승이었다는 걸 결코 헤아릴 수 없었다.\n\n^orange;피해를 받으면 이후 3초간 받는 피해 50% 감소(추가 피격 시 갱신). 방어 강화가 만료되면 5초간 착용자가 받는 모든 피해가 15% 증가하며, 다음 방어 강화 발동이 차단된다.
478	요괴 두개골
479	막부 사회는 봉건 일본의 모습을, 적어도 그 어떤 판본을 꽤 충실하게 본뜨고 있다. 무술 중시는 막부가 주변의 근대화를 시작한 뒤에도 그들의 상류 사회를 지배하고 있다. 실제 일본과 달리, 개혁은 대외 무역이 아니라 내부에서 일어났다.\n\n^orange;출혈 상태의 적이 받는 근접 피해 +33%.
480	피묻은 두루마리
481	영혼석의 힘을 좀 더 실용적인 수단으로 활용하려던 창의적인 이들이 한 무리 있었다. 헛간과 약간의 여유 시간을 가진 소수의 아시가루 소총수들이 조준 시스템을 고안해, 어떤 총에도 쓸 수 있는 적응형 철조준기 체계가 탄생했다. 이미 철조준기를 갖추고 나오는 신형 소총들에 밀려났지만.\n\n^orange;무기 숙련 +5% | 무기 명중률 +75%(투사체 분산 감소).
482	결정질 조준 시스템
483	막부는 자국 전란기가 끝난 뒤 영토에서 얻어낸 영혼석을 무기화하는 여러 방도를 시도했다. 초기 연금술 실험과 기계장치는 그저 '무슨 일이 일어나나 보자'는 식으로 돌과 결합되었다. 대부분의 경우 답은 싱겁게도 '아무것도'였다.\n\n^orange;오컬트 기력 축적으로 발동되는 염력 근접 베기의 요구 수치를 +60%에서 +20%로 낮춤(오컬티스트 전용) | 능력 마나 -50.
484	에너지 전환 수정
485	''인류의 전설적인 무기들이 결국 하나의 같은 존재라고 하는 이들도 있다. 전설의 엑스칼리버 검은 역사 속에서 여러 형태를 취했다는 것이다. 그런 위력의 무기가 이미 평범한 리볼버의 형태를 하고 있지 않다고 누가 장담하겠는가?''\n\n^orange;리볼버 숙련 +25%. 재장전 시 7초간 이 보너스 상실.^reset;
486	건슬링어의 반지
487	^#C24500;베기 무기로 순 타치시게를 처형했다.^reset;\n\n일본 문화는 늘 무엇보다도 충성을 중시해 왔고, 많은 옛 병사들은 국가나 영주를 위해 자신의 모든 것을 희생함으로써 자신의 명예 규약을 드러내곤 했다.\n\n^orange;근접 반격 성공 1초 후 두 번째 공기 베기를보내 최대 400 베기 피해를 준다.^reset;
488	충직한 병사의 반지
489	신성 마키나리우스 제국은 '마키나리우스 교리'에 동조하는 여러 별개 왕국의 연합체로, 과학적 진보야말로 신을 향한 유일한 참된 기도라고 믿는 종교다. 나무나 금속처럼 '기술적으로 진보적'이라 여겨지는 것으로 아이들에게 교리의 십자가를 조립하게 하는 것이 하나의 의식이다.\n^orange;기본 수치를 초과해 얻은 무기 숙련 보너스 15%마다 +10HP와 +1HP/초를 추가로 부여, 최대 5배 보너스 | 화기를 들고 있을 때만 효과 적용.^reset;
490	마키나리우스 십자가
491	''별들이 하늘에서 사라졌을 때, 우리에게 남은 것은 우리를 이끌어 줄 자기 극뿐이었다.''\n한때 해적이었고 마키나리우스 해군의 제독이었던 토마스 베인의 나침반. 그는 막부 해군과의 참담한 해전에 임했다가 최초의 마키나리우스 전함을 잃은 죄로 반역죄 판결을 받았다.\n^orange;패링 성공 시 플레이어 주위에 닿는 적에게 수동으로 피해를 주는 별을 생성한다. 각 별은 6초 후 소멸.
492	해군 장교의 나침반
493	''우리 조상은 잃어버린 땅에서 해 없는 하늘을 건너왔다. 일곱 불경한 현자는 완벽하지만 정체된 세계를 약속하며 우리에게 거짓 약속을 했다. 우리를 교리로 이끈 것은 그분이었다. 우리는 바다를 건너 분투하며 우리만의 제국을 세웠다. '완벽한' 정체가 아닌, 날것의 인류 진보의 제국을. 우리의 신을 향한 진보를.''\n\n^orange;방패 방어 효율 +33% | 안정성 +15.^reset;
494	마키나리우스 토르콰타
495	신센구미의 장교 타쿠치 모야가 지녔던 카타나 칼집. 타쿠치는 자기 일의 성격에도 불구하고 조국에 지극히 충성스러웠다. 기만, 첩보, 암살. 번영하는 국가라면 어떤 수단이든 정당화됐다. 통일을 위해서라면.\n\n^orange;반격 성공 시 주변 적들을 3초간 약화시켜 근접 피해 +50%, 출혈 피해 +100%^reset;
496	장식 카타나 칼집
497	''악을 행하지 말라, 선을 닦으라, 자기 마음을 정화하라 - 이것이 모든 부처의 가르침이다.''\n\n부처에게 기도할 때 쥐는 작은 구슬 꿰미.\n\n^orange;80블록 내의 적이 받는 사이킥 피해 +25%.^reset;
498	염주
499	불운의 여신 히나는 이국의 땅에서 왔다. 들판이 피로 물들자 불운을 쫓던 소박한 기도는 자비를 구하는 애원으로 바뀌었다. 포악한 짐승들에게 버려진 세계에서 노인과 아이들의 울부짖음은 누구에게나 향했다. 동정심이 그녀의 마법적 존재를 배신했고, 그녀는 성녀의 모습을 취했다.\n^orange;체력 100 미만일 때 피격당 능력 마나 30을 소모해 근접 피해에 저항 | 탄도 피해는 부분 저항(80%) | 마나가 고갈되면 작동 안 함 | 방어 중이고 마나 30 이상일 때 패링 시 마나 5 회복.
500	모성 수호자의 리본
501	''좋은 계획의 가장 큰 적은, 완벽한 계획의 꿈이다.''\n\n19세기 지구 프로이센의 군대와 정부의 역사를 상세히 기록한 책. 이 땅에서는 이상한 발견물이다...\n\n^orange;저격소총이 이제 전장식 화기로 간주되어 그 효과를 발동한다.^reset;
502	프로이센 군사 이론
503	''쥐들은 우리 아래를 재빠르게 오가지만, 모든 것을 듣고 본다. 놈들을 이해하면, 놈들도 너를 이해할 것이다.'' - 나즈린\n\n^orange;순간 암살 발동 시 당신을 위해 싸울 작은 쥐 무리를 소환 | 마나 소모 +20 | 재사용 대기 5초.
504	쥐 두개골
505	''시아버지의 발자취를 따라가, 우리 가문의 명예를 지켜내겠습니다!''\n신의 가호를 준다고 하는 작은 궤짝. 막부의 국가 발전에 기술적으로 뒤처진 오지 지역에 배속된 사무라이 순 타치시게의 소지품이었다.\n^orange;근접 반격 성공 또는 특수 근접 공격 사용 시 다음 한 발에 무기 숙련 +100% 부여 | 30초 내에 발사하지 않으면 만료.^reset;
506	사무라이의 오마모리
507	역사적으로 애완동물 거래는 과거에 드문 일이 아니었는데, 특히 외래 동물종에 대한 규제 부재를 생각하면 그랬다. 곤충과 거미류도 다르지 않아서, 외래종이 새로운 환경을 받아들이는 광경은 그리 보기 힘든 일이 아니었다.\n^orange;60블록 내 연막 수류탄 연무 안의 적에게 ^#6FB55F;급속 부식(피해 저항 -30% | 초당 부식 피해 10)^reset; 부여 | ^#D85D5D;연무 안의 적에게 초당 출혈 피해 20을 가하고, 벗어나도 5초간 지속.
508	전갈의 침
509	''소위 명예로운 사무라이 한 명 아래에는 고용된 시노비 열 명이 있다.''\n\n막부 국가의 적들에 대한 암살에 쓰인 적이 있는 의식용 단도.\n\n^orange;주변의 적이 죽으면 사망 시 피 연무 폭발로 터진다^reset; | ^#D85D5D;피 연무는 4초간만 지속. 일반 연막 효과를 발동한다.^reset;
510	시노비 혈도
511	''야만인을 쫓아내라.''\n전성기의 역사 속 일본 신센구미는 약 300명의 대원을 두었고 사무라이가 아닌 자들의 입대도 허용했다. 다만 비사무라이 신센구미는 규칙이 아니라 예외였고, 대다수는 태생적 사무라이였음이 유의되어야 한다.\n\n^orange;특수 근접 공격이 물리 계열 공격에 대한 피해 저항 +100%와 5초간 초당 10HP를 부여하지만, 모든 특수 근접 공격의 최소 재사용 대기 시간을 35초로 늘린다.^reset;
512	신센구미 깃발
513	''기록될 수 없는 여인, 그러나 그녀는 처음으로 행복을 알았다. 종말을 두려워하는 자들의 눈을 배신하는 붉은 뺨. 남편을 그리워하는 눈은 여인의 것. 작별 인사도 없이, 그녀는 나라를 지키기 위해 사라졌다.''\n\n^orange;주변 20블록 내 적의 사이킥 저항 -50%.
514	무녀의 반지
515	''자네의 존재를 위협하는 힘 아래에서도 유지해야 할 어느 정도의 절제라는 게 있다네. 이 힘을 올바르게 배출하는 법을 배우게. 솟아오르는 수증기가 되고 떨어지는 물이 되는 법을 배우게.''\n\n^orange;최대 체력 +15, 능력 마나 +15.
516	절제된 분노의 고서
517	야전에서 엄폐와 은폐를 활용하는 법에 관한 소박한 야전 교범. 하지만 몸을 숨길 엄폐물이 없다면 자기 윤곽을 줄이고 빌어먹을 바닥에 엎드려야 한다.\n\n^orange;엎드려! - 피격 중 웅크리면 최대 5초간 탄도 저항 +80% | 일어서면 만료 | 발동당 재사용 대기 15초.^reset;
518	전투 생존 교범
519	''세계가 목적이다. 목적은 스테이션에 이르는 것이다. 목적은 계속되어야 한다. 골은 목적의 끝이다. 골에는 닿아서는 안 된다. 왕국은 무너지지 않는다. 함선은 오지 않는다. 우리는 완성될 것이다.''\n\n^orange;원거리·근접 무기로 공격 시 75 찌르기 + 75 출혈 피해를 주는 유도 볼트를 쏠 확률이 있다. 확률은 무기 등급에 따라 달라진다.^reset;
520	저주받은 볼트
521	''완벽을 추구하며.''\n\n^orange;패링 시 2초간 초당 2HP 회복.^reset;
522	결투사의 문장
523	''좁은 문으로 들어가라. 멸망으로 이끄는 문은 넓고 길은 널찍하여 거기로 들어가는 자가 많고, 생명으로 이끄는 문은 좁고 길은 좁아 찾는 이가 적도다.'' - 마태복음 7:13-14\n뉴 홀벡의 이름 모를 청년이 너와 카사에게 준, 금으로 만든 십자가.\n^orange;한 번의 피격을 흡수하는 ^#C8FAFA;HIT-SHIELD^orange; 층 획득 | 재사용 대기 55초 | 재사용 대기 돌입 시 1초 피해 면역 발동 | 다른 ^#C8FAFA;HIT-SHIELD^orange;와 중첩.^reset;
524	황금 십자가
525	''소는 죽고, 친족도 죽고, 사람은 누구나 죽는다: 다만 잘 행한 자의 좋은 이름은 결코 죽지 않는다.''\n\n종의 감시자 하랄드르에게 새겨져 있던 룬. 자기 몸에 새겨 익히면 힘을 얻는 듯하다.\n\n^orange;특수 근접 공격 사용 시 콤보 4초 후 재사용 대기 갱신 | 재사용 대기 40초.
