0	물품을 넣어 다니는 가방.
1	백팩
2	루카리오 서바이벌 유닛. 물속과 우주 탐사에 좋다.
3	오라 테크가 주입된 장갑판 꼬리 덮개다.
4	오라클 테일
5	오라 테크가 주입된 부속지 덮개가 달린 장갑판 꼬리 덮개다.
6	물품을 넣어 다니는 가방. 이제 조명도 달렸다.
7	여행 가방
8	오치루 유키의 소매, 그런 취향의 사람들을 위해.
9	오치루 팔
10	이제 너도 오치루 유키가 될 수 있다... 그의 머리를 쓰면 0.0...
11	오치루 머리
12	오치루 유키의 코트를 입어라
13	오치루 몸통
14	잔쿠노의 팔..... 잘려 나온 건 아니겠지?...
15	잔쿠노 팔
16	이제 너도 잔쿠노가 될 수 있다... 그의 머리를 쓰면 0.0...
17	잔쿠노 머리
18	잔쿠노의 셔츠를 입어라... 털은 밀어놓고...
19	잔쿠노 몸통
20	표준 지급 지휘관 소매.
21	지휘관 소매
22	표준 지급 지휘관 제복.
23	지휘관 제복
24	^red;|중성 스파이크 있음|^white;\n  표준 지급 지휘관 소매.
25	^orange;|NCU|^white;지휘관 소매 
26	^red;|중성 스파이크 있음|^white;\n  표준 지급 지휘관 제복.
27	^orange;|NCU|^white;지휘관 제복
28	^red;|중성 발 스파이크 없음|^white;\n  표준 지급 지휘관 소매.
29	^orange;|NCNPSU|^white;지휘관 소매 
30	^red;|중성 발 스파이크 없음|^white;\n  표준 지급 지휘관 제복.
31	^orange;|NCNPSU|^white;지휘관 제복
32	^red;|유성 발 스파이크 없음|^white;\n  표준 지급 지휘관 소매.
33	^cyan;|GCNPSU|^white;지휘관 소매 
34	^red;|유성 발 스파이크 없음|^white;\n  표준 지급 지휘관 제복.
35	^cyan;|GCNPSU|^white;지휘관 제복
36	^red;|중성 가슴 스파이크 없음|^white;\n  표준 지급 지휘관 소매.
37	^orange;|NCNSU|^white;지휘관 소매 
38	^red;|중성 가슴 스파이크 없음|^white;\n  표준 지급 지휘관 제복.
39	^orange;|NCNSU|^white;지휘관 제복
40	^red;|중성 스파이크 없음|^white;\n  표준 지급 지휘관 소매.
41	^orange;|NCNSNPSU|^white;지휘관 소매 
42	^red;|중성 스파이크 없음|^white;\n  표준 지급 지휘관 제복.
43	^orange;|NCNSNPSU|^white;지휘관 제복
44	^red;|유성 가슴 스파이크 없음|^white;\n  표준 지급 지휘관 소매.
45	^cyan;|GCNSU|^white;지휘관 소매 
46	^red;|유성 가슴 스파이크 없음|^white;\n  표준 지급 지휘관 제복.
47	^cyan;|GCNSU|^white;지휘관 제복 
48	^red;|유성 스파이크 없음|^white;\n  표준 지급 지휘관 소매.
49	^cyan;|GCNSNPSU|^white;지휘관 소매 
50	^red;|유성 스파이크 없음|^white;\n  표준 지급 지휘관 제복.
51	^cyan;|GCNSNPSU|^white;지휘관 제복 
52	루카리오에 맞게 제작된 표준 지급 에이펙스 지휘관 재킷.
53	지휘관 재킷 
54	루카리오에 맞게 제작된 표준 지급 에이펙스 지휘관 바지.
55	에이펙스 지휘관 바지 
56	^red;|중성 스파이크 있음|^white;\n  루카리오에 맞게 제작된 표준 지급 에이펙스 지휘관 재킷.
57	^orange;|NCU|^white;지휘관 재킷 
58	^red;|중성 다리|^white;\n  루카리오에 맞게 제작된 표준 지급 에이펙스 지휘관 바지.
59	^orange;|NLU|^white;에이펙스 지휘관 바지
60	^red;|중성 발 스파이크 없음|^white;\n  루카리오에 맞게 제작된 표준 지급 에이펙스 지휘관 재킷.
61	^orange;|NCNPSU|^white;지휘관 재킷 
62	^red;|유성 발 스파이크 없음|^white;\n  루카리오에 맞게 제작된 표준 지급 에이펙스 지휘관 재킷.
63	^cyan;|GCNPSU|^white;지휘관 재킷 
64	^red;|중성 가슴 스파이크 없음|^white;\n  루카리오에 맞게 제작된 표준 지급 에이펙스 지휘관 재킷.
65	^orange;|NCNSU|^white;지휘관 재킷 
66	^red;|중성 스파이크 없음|^white;\n  루카리오에 맞게 제작된 표준 지급 에이펙스 지휘관 재킷.
67	^orange;|NCNSNPSU|^white;지휘관 재킷 
68	^red;|유성 가슴 스파이크 없음|^white;\n  루카리오에 맞게 제작된 표준 지급 에이펙스 지휘관 재킷.
69	^cyan;|GCNSU|^white;지휘관 재킷
70	^red;|유성 스파이크 없음|^white;\n  루카리오에 맞게 제작된 표준 지급 에이펙스 지휘관 재킷.
71	^cyan;|GCNSNPSU|^white;지휘관 재킷
72	루카리오에 맞게 제작된 표준 지급 에이펙스 해군 재킷.
73	루카리오에 맞게 제작된 표준 지급 에이펙스 해군 바지.
74	에이펙스 해군 바지
75	^red;|중성 스파이크 있음|^white;\n  루카리오에 맞게 제작된 표준 지급 에이펙스 해군 재킷.
76	^orange;|NCU|^white;해군 재킷
77	^red;|중성 다리|^white;\n  루카리오에 맞게 제작된 표준 지급 에이펙스 해군 바지.
78	^orange;|NLU|^white;에이펙스 해군 바지
79	^red;|중성 발 스파이크 없음|^white;\n  루카리오에 맞게 제작된 표준 지급 에이펙스 해군 재킷.
80	^orange;|NCNPSU|^white;해군 재킷
81	^red;|유성 발 스파이크 없음|^white;\n  루카리오에 맞게 제작된 표준 지급 에이펙스 해군 재킷.
82	^cyan;|GCNPSU|^white;해군 재킷
83	^red;|중성 가슴 스파이크 없음|^white;\n  루카리오에 맞게 제작된 표준 지급 에이펙스 해군 재킷.
84	^orange;|NCNSU|^white;해군 재킷
85	^red;|중성 스파이크 없음|^white;\n  루카리오에 맞게 제작된 표준 지급 에이펙스 해군 재킷.
86	^orange;|NCNSNPSU|^white;해군 재킷
87	^red;|유성 가슴 스파이크 없음|^white;\n  루카리오에 맞게 제작된 표준 지급 에이펙스 해군 재킷.
88	^cyan;|GCNSU|^white;해군 재킷
89	^red;|유성 스파이크 없음|^white;\n  루카리오에 맞게 제작된 표준 지급 에이펙스 해군 재킷.
90	^cyan;|GCNSNPSU|^white;해군 재킷
91	루카리오에 맞게 제작된 표준 지급 에이펙스 장교 재킷.
92	루카리오에 맞게 제작된 표준 지급 에이펙스 장교 바지.
93	에이펙스 장교 바지 
94	^red;|중성 스파이크 있음|^white;\n  루카리오에 맞게 제작된 표준 지급 에이펙스 장교 재킷.
95	^orange;|NCU|^white;장교 재킷
96	^red;|중성 다리|^white;\n  루카리오에 맞게 제작된 표준 지급 에이펙스 장교 바지.
97	^orange;|NLU|^white;에이펙스 장교 바지 
98	^red;|중성 발 스파이크 없음|^white;\n  루카리오에 맞게 제작된 표준 지급 에이펙스 장교 재킷.
99	^orange;|NCNPSU|^white;장교 재킷
100	^red;|유성 발 스파이크 없음|^white;\n  루카리오에 맞게 제작된 표준 지급 에이펙스 장교 재킷.
101	^cyan;|GCNPSU|^white;장교 재킷
102	^red;|중성 가슴 스파이크 없음|^white;\n  루카리오에 맞게 제작된 표준 지급 에이펙스 장교 재킷.
103	^orange;|NCNSU|^white;장교 재킷
104	^red;|중성 스파이크 없음|^white;\n  루카리오에 맞게 제작된 표준 지급 에이펙스 장교 재킷.
105	^orange;|NCNSNPSU|^white;장교 재킷
106	^red;|유성 가슴 스파이크 없음|^white;\n  루카리오에 맞게 제작된 표준 지급 에이펙스 장교 재킷.
107	^cyan;|GCNSU|^white;장교 재킷 
108	^red;|유성 스파이크 없음|^white;\n  루카리오에 맞게 제작된 표준 지급 에이펙스 장교 재킷.
109	^cyan;|GCNSNPSU|^white;장교 재킷 
110	루카리오에 맞게 제작된 표준 지급 에이펙스 전문가 재킷.
111	^red;|유성 다리|^white;\n  루카리오에 맞게 제작된 표준 지급 에이펙스 전문가 바지.
112	^cyan;|GLU|^white;에이펙스 전문가 바지
113	^red;|중성 스파이크 있음|^white;\n  루카리오에 맞게 제작된 표준 지급 에이펙스 전문가 재킷.
114	^orange;|NCU|^white;전문가 재킷
115	^red;|중성 다리|^white;\n  루카리오에 맞게 제작된 표준 지급 에이펙스 전문가 바지.
116	^orange;|NLU|^white;에이펙스 전문가 바지
117	^red;|중성 발 스파이크 없음|^white;\n  루카리오에 맞게 제작된 표준 지급 에이펙스 전문가 재킷.
118	^orange;|NCNPSU|^white;전문가 재킷
119	^red;|유성 발 스파이크 없음|^white;\n  루카리오에 맞게 제작된 표준 지급 에이펙스 전문가 재킷.
120	^cyan;|GCNPSU|^white;전문가 재킷
121	^red;|중성 가슴 스파이크 없음|^white;\n  루카리오에 맞게 제작된 표준 지급 에이펙스 전문가 재킷.
122	^orange;|NCNSU|^white;전문가 재킷
123	^red;|중성 스파이크 없음|^white;\n  루카리오에 맞게 제작된 표준 지급 에이펙스 전문가 재킷.
124	^orange;|NCNSNPSU|^white;전문가 재킷
125	^red;|유성 가슴 스파이크 없음|^white;\n  루카리오에 맞게 제작된 표준 지급 에이펙스 전문가 재킷.
126	^cyan;|GCNSU|^white;전문가 재킷
127	^red;|유성 스파이크 없음|^white;\n  루카리오에 맞게 제작된 표준 지급 에이펙스 전문가 재킷.
128	^cyan;|GCNSNPSU|^white;전문가 재킷
129	갑옷이 완성될 때까지의 임시 조치다.
130	5티어 가속장치 임플란트
131	갑옷이 완성될 때까지의 임시 조치다!
132	5티어 조작장치 임플란트
133	5티어 분리장치 임플란트
134	6티어 가속장치 임플란트
135	갑옷이 완성될 때까지의 임시 조치다..
136	6티어 조작장치 임플란트
137	6티어 분리장치 임플란트
138	내면의 자연과 하나가 되어라.
139	장비 없음
140	폭신한 귀를 자랑스러워하라!
141	모자 없음
142	발바닥 아래 대지를 느껴라.
143	바지 없음
144	훈련용으로 단순한 흉갑과 장갑 한 벌.
145	시종 흉갑
146	앞으로 닥칠 일을 위한 단순한 훈련용 갑옷.
147	시종 헬멧
148	훈련용으로 다소 보호되는 고관갑과 장화 세트..
149	시종 고관갑 세트
150	^red;|중성 스파이크 있음|^white;\n  훈련용으로 단순한 흉갑과 장갑 한 벌.
151	^orange;|NCU|^white;시종 흉갑 
152	^red;|중성 다리|^white;\n  훈련용으로 다소 보호되는 고관갑과 장화 세트..
153	^orange;|NLU|^white;시종 고관갑 세트 
154	^red;|중성 발 스파이크 없음|^white;\n  훈련용으로 단순한 흉갑과 장갑 한 벌.
155	^orange;|NCNPSU|^white;시종 흉갑 
156	^red;|유성 발 스파이크 없음|^white;\n  훈련용으로 단순한 흉갑과 장갑 한 벌.
157	^cyan;|GCNPSU|^white;시종 흉갑 
158	^red;|중성 가슴 스파이크 없음|^white;\n  훈련용으로 단순한 흉갑과 장갑 한 벌.
159	^orange;|NCNSU|^white;시종 흉갑 
160	^red;|중성 스파이크 없음|^white;\n  훈련용으로 단순한 흉갑과 장갑 한 벌.
161	^orange;|NCNSNPSU|^white;시종 흉갑 
162	^red;|유성 가슴 스파이크 없음|^white;\n  훈련용으로 단순한 흉갑과 장갑 한 벌.
163	^cyan;|GCNSU|^white;시종 흉갑 
164	^red;|유성 스파이크 없음|^white;\n  훈련용으로 단순한 흉갑과 장갑 한 벌.
165	^cyan;|GCNSNPSU|^white;시종 흉갑 
166	오라 수호자의 제복이 이제 갑옷이 되었다.
167	수호자 튜닉 
168	오라 수호자의 제복과 꽤 튼튼한 모자.
169	수호자 모자
170	오라 수호자의 제복이 하의 갑옷이 되었다.
171	수호자 제복 
172	^red;|중성 스파이크 있음|^white;\n  오라 수호자의 제복이 이제 갑옷이 되었다.
173	^orange;|NCU|^white;수호자 튜닉
174	^red;|중성 다리|^white;\n  오라 수호자의 제복이 하의 갑옷이 되었다.
175	^orange;|NLU|^white;수호자 제복 
176	^red;|중성 발 스파이크 없음|^white;\n  오라 수호자의 제복이 이제 갑옷이 되었다.
177	^orange;|NCNPSU|^white;수호자 튜닉 
178	^red;|유성 발 스파이크 없음|^white;\n  오라 수호자의 제복이 이제 갑옷이 되었다.
179	^cyan;|GCNPSU|^white;수호자 튜닉
180	^red;|중성 가슴 스파이크 없음|^white;\n  오라 수호자의 제복이 이제 갑옷이 되었다.
181	^orange;|NCNSU|^white;수호자 튜닉
182	^red;|중성 스파이크 없음|^white;\n  오라 수호자의 제복이 이제 갑옷이 되었다.
183	^orange;|NCNSNPSU|^white;수호자 튜닉
184	^red;|유성 가슴 스파이크 없음|^white;\n  오라 수호자의 제복이 이제 갑옷이 되었다.
185	^cyan;|GCNSU|^white;수호자 튜닉
186	^red;|유성 스파이크 없음|^white;\n  오라 수호자의 제복이 이제 갑옷이 되었다.
187	^cyan;|GCNSNPSU|^white;수호자 튜닉
188	오라 파를 추적하며 험악한 환경에서 살아남기 위해 설계된 갑옷.
189	추적자의 슈트
190	오라 추적용 시각 표시로 모든 위험을 보여준다.
191	추적자의 헬멧
192	다리를 덮는 추가 장갑으로 어떤 추적자든 작은 장애물을 털어낼 수 있다.
193	추적자의 바지 
194	^red;|중성 스파이크 있음|^white;\n  오라 파를 추적하며 험악한 환경에서 살아남기 위해 설계된 갑옷.
195	^orange;|NCU|^white;추적자의 슈트 
196	^red;|중성 다리|^white;\n  다리를 덮는 추가 장갑으로 어떤 추적자든 작은 장애물을 털어낼 수 있다.
197	^orange;|NLU|^white;추적자의 바지 
198	^red;|중성 발 스파이크 없음|^white;\n  오라 파를 추적하며 험악한 환경에서 살아남기 위해 설계된 갑옷.
199	^orange;|NCNPSU|^white;추적자의 슈트 
200	^red;|유성 발 스파이크 없음|^white;\n  오라 파를 추적하며 험악한 환경에서 살아남기 위해 설계된 갑옷.
201	^cyan;|GCNPSU|^white;추적자의 슈트
202	^red;|중성 가슴 스파이크 없음|^white;\n  오라 파를 추적하며 험악한 환경에서 살아남기 위해 설계된 갑옷.
203	^orange;|NCNSU|^white;추적자의 슈트
204	^red;|중성 스파이크 없음|^white;\n  오라 파를 추적하며 험악한 환경에서 살아남기 위해 설계된 갑옷.
205	^orange;|NCNSNPSU|^white;추적자의 슈트
206	^red;|유성 가슴 스파이크 없음|^white;\n  오라 파를 추적하며 험악한 환경에서 살아남기 위해 설계된 갑옷.
207	^cyan;|GCNSU|^white;추적자의 슈트 
208	^red;|유성 스파이크 없음|^white;\n  오라 파를 추적하며 험악한 환경에서 살아남기 위해 설계된 갑옷.
209	^cyan;|GCNSNPSU|^white;추적자의 슈트 
210	오라를 기술과 융합한 루카리오의 흉갑.
211	오라클 흉갑
212	우주 시대에 오라 테크에 영향을 주도록 설계된 헬멧.
213	오라클 헬멧
214	오라 테크로 착용자는 생명 오라로 험악한 지역에서 살아남을 수 있다.
215	오라클 슈트
216	^red;|중성 스파이크 있음|^white;\n  오라를 기술과 융합한 루카리오의 흉갑.
217	^orange;|NCU|^white;오라클 흉갑
218	^red;|중성 다리|^white;\n  오라 테크로 착용자는 생명 오라로 험악한 지역에서 살아남을 수 있다.
219	^orange;|NLU|^white;오라클 슈트
220	^red;|중성 발 스파이크 없음|^white;\n  오라를 기술과 융합한 루카리오의 흉갑.
221	^orange;|NCNPSU|^white;오라클 흉갑
222	^red;|유성 발 스파이크 없음|^white;\n  오라를 기술과 융합한 루카리오의 흉갑.
223	^cyan;|GCNPSU|^white;오라클 흉갑
224	^red;|중성 다리 폭신 꼬리|^white;\n  오라 테크로 착용자는 생명 오라로 험악한 지역에서 살아남을 수 있다.
225	^orange;|NLU||FTUN|^white;오라클 슈트
226	^red;|중성 다리 폭신 꼬리 A|^white;\n  오라 테크로 착용자는 생명 오라로 험악한 지역에서 살아남을 수 있다.
227	^orange;|NLU||FTUN|^white;오라클 슈트 A
228	^red;|중성 다리 루카리오 꼬리|^white;\n  오라 테크로 착용자는 생명 오라로 험악한 지역에서 살아남을 수 있다.
229	^orange;|NLU||LTUN|^white;오라클 슈트
230	^red;|중성 다리 루카리오 꼬리 A|^white;\n  오라 테크로 착용자는 생명 오라로 험악한 지역에서 살아남을 수 있다.
231	^orange;|NLU||LTUN|^white;오라클 슈트 A
232	^red;|중성 가슴 스파이크 없음|^white;\n  오라를 기술과 융합한 루카리오의 흉갑.
233	^orange;|NCNSU|^white;오라클 흉갑
234	^red;|중성 스파이크 없음|^white;\n  오라를 기술과 융합한 루카리오의 흉갑.
235	^orange;|NCNSNPSU|^white;오라클 흉갑 
236	^red;|중성 다리 리오르 꼬리|^white;\n  오라 테크로 착용자는 생명 오라로 험악한 지역에서 살아남을 수 있다.
237	^orange;|NLU||RTUN|^white;오라클 슈트
238	^red;|중성 다리 리오르 꼬리 A|^white;\n  오라 테크로 착용자는 생명 오라로 험악한 지역에서 살아남을 수 있다.
239	^orange;|NLU||RTUN|^white;오라클 슈트 A
240	^red;|유성 다리 폭신 꼬리|^white;\n  오라 테크로 착용자는 생명 오라로 험악한 지역에서 살아남을 수 있다.
241	^cyan;|GLU||FTU|^white;오라클 슈트 
242	^red;|유성 다리 폭신 꼬리 A|^white;\n  오라 테크로 착용자는 생명 오라로 험악한 지역에서 살아남을 수 있다.
243	^cyan;|GLU||FTU|^white;오라클 슈트 A
244	^red;|유성 다리 루카리오 꼬리|^white;\n  오라 테크로 착용자는 생명 오라로 험악한 지역에서 살아남을 수 있다.
245	^cyan;|GLU||LTU|^white;오라클 슈트
246	^red;|유성 다리 루카리오 꼬리 A|^white;\n  오라 테크로 착용자는 생명 오라로 험악한 지역에서 살아남을 수 있다.
247	^cyan;|GLU||LTU|^white;오라클 슈트 A
248	^red;|유성 스파이크 없음|^white;\n  오라를 기술과 융합한 루카리오의 흉갑.
249	^cyan;|GCNSU|^white;오라클 흉갑
250	^cyan;|GCNSNPSU|^white;오라클 흉갑
251	^red;|유성 다리 리오르 꼬리|^white;\n  오라 테크로 착용자는 생명 오라로 험악한 지역에서 살아남을 수 있다.
252	^cyan;|GLU||RTU|^white;오라클 슈트
253	^red;|유성 다리 리오르 꼬리 A|^white;\n  오라 테크로 착용자는 생명 오라로 험악한 지역에서 살아남을 수 있다.
254	^cyan;|GLU||RTU|^white;오라클 슈트 A
255	이제 너도 사람들이 될 수 있다.
256	속옷
257	먹나열매 조명
258	먹나열매에 저장된 에너지로 만든 휴대 조명. 일시적으로 어두운 곳을 밝힐 수 있다.
259	오라사이트 모루
