Akaname	아카나메
Alice	앨리스
Alraune	알라우네
Amazoness	아마조네스
Angel	천사
Ant Arachne	앤트 아라크네
Anubis	아누비스
Apophis	아포피스
Apsara	압사라
Arachne	아라크네
Arch Imp	아크 임프
Atlach-Nacha	아트락나차
Automaton	오토마톤
Banshee	밴시
Baphomet	바포메트
Barometz	바로메츠
Basilisk	바실리스크
Beelzebub	베엘제붑
Bicorn	비콘
Black Harpy	블랙 하피
Blue Oni	청오니
Bogey	보기
Bubble Slime	버블 슬라임
Bunyip	버닙
Cait Sith	캣시
Cancer	캔서
Centaur	켄타우로스
Charybdis	카리브디스
Cheshire Cat	체셔 고양이
Chimaera	키메라
Chochin-Obake	초친오바케
Cockatrice	코카트리스
Creeping Coin	크리핑 코인
Crow Tengu	까마귀 텐구
Cu Sith	쿠 시스
Cupid	큐피드
Cursed Sword	저주받은 검
Cyclops	사이클롭스
Dark Angel	타천사
Dark Elf	다크 엘프
Dark Mage	다크 메이지
Dark Matter	다크 매터
Dark Priest	다크 프리스트
Dark Slime	다크 슬라임
Dark Valkyrie	다크 발키리
Demon	데몬
Devil	데빌
Devil Bug	데빌 버그
Dhampir	댐피르
Doppelganger	도플갱어
Dormouse	도마우스
Dorome	도로메
Dragon	드래곤
Dragon Zombie	드래곤 좀비
Dryad	드라이어드
Dullahan	듀라한
Dwarf	드워프
Echidna	에키드나
Fairy	페어리
Familiar	패밀리어
Flow Kelp	플로우 켈프
Gandharva	간다르바
Gargoyle	가고일
Gazer	게이저
Genie	지니
Ghost	고스트
Ghoul	구울
Giant Ant	자이언트 앤트
Giant Slug	자이언트 슬러그
Girtablilu	기르타브릴
Glacies	글라시에스
Gnome	노움
Goblin	고블린
Golem	골렘
Greenworm	그린웜
Gremlin	그렘린
Griffon	그리폰
Grizzly	그리즐리
Gyoubu-Danuki	교부 다누키
Hakutaku	하쿠타쿠
Harpy	하피
Hellhound	헬하운드
High Orc	하이 오크
Hinezumi	히네즈미
Hobgoblin	홉고블린
Holstaur	홀스타우스
Honey Bee	꿀벌
Hornet	말벌
Houri	후리
Humpty Egg	험프티 에그
Ice Queen	아이스 퀸
Ignis	이그니스
Inari	이나리
Ittan-Momen	잇탄모멘
Jabberwock	재버워크
Jiangshi	강시
Jinko	진코
Jinn Of The Jar	항아리의 진
Jorou-Gumo	조로구모
Jubjub	쥽쥽
Kakuen	카쿠엔
Kamaitachi	카마이타치
Kappa	캇파
Karakasa-Obake	카라카사오바케
Kejourou	케조로
Kesaran Pasaran	케사란파사란
Khepri	케프리
Kikimora	키키모라
Kitsune-Bi	키츠네비
Kitsune-Tsuki	키츠네츠키
Kobold	코볼트
Kraken	크라켄
Kunoichi	쿠노이치
Lamia	라미아
Large Mouse	큰 쥐
Lava Golem	라바 골렘
Leanan Sidhe	리아난 시
Lesser Succubus	레서 서큐버스
Lich	리치
Lilim	리림
Liliraune	리리라우네
Living Armor	리빙 아머
Living Doll	리빙 돌
Lizardman	리자드맨
Mad Hatter	매드 해터
Mandragora	만드라고라
Manticore	만티코어
Mantis	맨티스
March Hare	3월 토끼
Matango	마탕고
Medusa	메두사
Mermaid	인어
Merrow	메로우
Mershark	머샤크
Mimic	미믹
Mindflayer	마인드플레이어
Minotaur	미노타우로스
Mothman	모스맨
Mucus Toad	뮤커스 토드
Mummy	미이라
Myconid	마이코니드
Nekomata	네코마타
Nereid	네레이드
Night Gaunt	나이트 건트
Nightmare	나이트메어
Nurarihyon	누라리횬
Nureonago	누레오나고
Ocelomeh	오셀로메
Ochimusha	오치무샤
Ogre	오우거
Oomukade	오오무카데
Otohime	오토히메
Owl Mage	아울 메이지
Papillon	파피용
Parasite Slime	파라사이트 슬라임
Phantom	팬텀
Pharaoh	파라오
Pixie	픽시
Queen Slime	퀸 슬라임
Raiju	라이주
Ratatoskr	라타토스크
Red Oni	적오니
Red Slime	레드 슬라임
Redcap	레드캡
Ren Xiongmao	렌 슝마오
Roper	로퍼
Sahuagin	사후아긴
Salamander	샐러맨더
Sandworm	샌드웜
Satyros	사티로스
Scylla	스킬라
Sea Bishop	시 비숍
Sea Slime	시 슬라임
Selkie	셀키
Shirohebi	시로헤비
Shoggoth	쇼고스
Siren	세이렌
Skeleton	스켈레톤
Slime	슬라임
Soldier Beetle	솔저 비틀
Sphinx	스핑크스
Succubus	서큐버스
Sylph	실프
Tentacle	텐타클
Thunderbird	선더버드
Titania	티타니아
Trading Card Stamp	트레이딩 카드 스탬프
Tritonia	트리토니아
Troll	트롤
Trumpart	트럼파트
Tsurara-Onna	츠라라온나
Umi Osho	우미오쇼
Unagi Joro	우나기 조로
Undine	운디네
Unicorn	유니콘
Ushi-Oni	우시오니
Valkyrie	발키리
Vamp Mosquito	뱀프 모스키토
Vampire	뱀파이어
Wendigo	웬디고
Werebat	웨어뱃
Werecat	웨어캣
Wererabbit	웨어래빗
Weresheep	웨어쉽
Werewolf	웨어울프
Whitehorn	화이트혼
Wight	와이트
Will-O-The-Wisp	윌오위스프
Witch	위치
Wonderworm	원더웜
Wurm	웜
Wyvern	와이번
Yeti	예티
Youko	요코
Yuki-Onna	유키온나
Zombie	좀비
Alp	알프
Elf	엘프
Imp	임프
Orc	오크
Ryu	류
