0	제법 갖춰 입은 셔츠. 소행성 사무실에서 일하는 데 꼭 필요할까?
1	오드리의 드레스 셔츠
2	벨 카탈루어의 캐주얼 하의. 침대에서도 양말은 벗지 않는다고~
3	벨의 스커트 & 양말
4	매듭 셔츠 위에 걸친 고급 가죽 재킷.
5	NPC 컨트리 상의
6	파트너, 그 '이-호'는 이게 마지막이야.
7	NPC 컨트리 모자
8	평생 무시 목장 일만 해왔으면서 뭐가 더 필요하겠어?
9	NPC 컨트리 복장
10	땀 좀 나?
11	사막 로브 상의
12	이 아래가 유난히 바람이 잘 통하네.
13	사막 로브 하의
14	우주 카우보이를 꿈꾸는 이에게 완벽한 모자!
15	분노의 챙
16	배드 문 모양의 꽤 소름 끼치는 모자.
17	배드 문 모자
18	크고 섬뜩한 가면.
19	민속 가면
20	가볍지만 튼튼해서 탐험하기 좋은 헬멧.
21	탐험가의 헬멧
22	머리 위에 올려두는 귀여운 작은 꽃.
23	예쁜 꽃
24	즉석 수프 그릇으로도 쓸 수 있고, 머리 위 햇빛도 막아주는 모자.
25	닫힌 웅덩이 모자
26	스웨그 선글라스
27	그럴듯하게 만든 가짜 상어 꼬리. 포식자 뭐 어쩌고.
28	소품 상어 꼬리
29	용병의 흉갑 (대체)
30	잘 보이는 재킷. 그리고 그냥 재킷일 뿐.
31	형광 안전 재킷 (대체)
32	바이저가 달린 보호 헬멧.
33	광부의 헬멧 (대체 헤어)
34	이거... 고장 난 건가? 작동이 안 되는데? 배터리가 없는 모양이다.
35	차원 워프 팩
36	고무 수트의 상반신. 오른쪽 장갑에서 해산물 냄새가 나는데...
37	차원 여행자의 상의
38	너무 번쩍여서 안에 누가 있는지도 안 보여!
39	차원 여행자의 헬멧
40	고무 바지 한 벌. 점프, 수영, 그리고 추상적 무한 속으로 떠내려가기에 최적.
41	차원 여행자의 바지
42	그냥 갑옷.
43	코발트의 흉갑
44	코발트의 하의
45	엄청나게 꽉 끼는 갑옷.
46	네오나의 흉갑
47	우와.
48	네오나의 하의
49	대체로 꽉 끼는 갑옷. 대부분에겐 가슴 부분이 좀 크다.
50	보디수트의 상반신. 멋진 초박형 기술이 잔뜩 박혀 있다.
51	설퓨라의 수트 상의
52	보디수트의 하반신과 똑같이 꽉 끼는 부츠.
53	설퓨라의 수트 하의
54	온 우주의 왕자에게 어울리는 펭귄 사이즈 모자.
55	펭귄 코스모스 왕자 모자
56	펭귄용 가발.
57	펭귄 오피스 가발
58	(여기에 웃긴 레퍼런스 인용 삽입.)
59	애퍼처 탱크톱
60	비싸도 너무 비싸지만, 이 발 기반 갑옷은 네가 머리부터 착지하지 않게 해준다.
61	롱 폴 부츠
62	번쩍이는 부속이 잔뜩 달린 금속판 갑옷, 크고 벌레같이 괴상한 이들을 위해.
63	스태그볼트의 흉갑
64	개조한 부식성 사슴 헬멧. 안전 모드로 잠겨 있다.
65	스태그볼트의 헬멧
66	누군가를 완전히 박살 낼 거라면, 멋지게 해라.
67	스태그볼트의 스커트
68	밝은 민소매 상의. 여우털로 뒤덮인 듯하다.
69	동물학자의 상의
70	동물학자의 귀
71	야외 장시간 활동용 바지. 뒤에 작은 구멍이 뚫려 있는데, 꼬리용인가?
72	동물학자의 바지
73	"완전 진짜야, 잡아당기면 아프거든" 소리.
74	동물학자의 꼬리
75	좋은 모자네. 이제 네 거다, 늘 꿈꾸던 개발자가 돼 봐.
76	엄청 큰 후드티! 입으면 어린아이가 된 기분이다.
77	오버사이즈 후드티
78	누구 가질 사람? 조건 하나 - 트롤 사절. 트롤은 차단.
79	19$ 스타바운드 카드
80	아볼라이트 염료
81	알파 아머 염료
82	배드 문 파란 염료
83	배드 문 빨간 염료
84	배드 문 노란 염료
85	기본 검은 염료
86	기본 파란 염료
87	기본 디폴트 염료
88	기본 초록 염료
89	기본 주황 염료
90	기본 보라 염료
91	기본 빨간 염료
92	기본 흰 염료
93	기본 노란 염료
94	사막 천 염료
95	벌집 염료
96	이 신비한 염료는 갑옷이나 옷에 우클릭으로 발라 쓸 수 있다.
97	^cyan;드렁크 염료^reset;
98	밝은 분홍 염료
99	골판지 염료
100	카탈루어 분홍 염료
101	배터리 염료
102	짙은 구리 염료
103	구리 염료
104	탁한 보라 염료
105	크리스탈 염료
106	짙은 초록 염료
107	짙은 올리브 염료
108	옅은 데님 염료
109	짙은 데님 염료
110	더 짙은 데님 염료
111	탁한 파란 염료
112	엘븐 주홍 염료
113	에르키로사이트 염료
114	플로란 뼈대 염료
115	파운드리 염료
116	서리 염료
117	정동석 염료
118	이 발광 염료는 갑옷이나 옷에 우클릭으로 발라 쓸 수 있다.
119	^cyan;글리치 파란 염료^reset;
120	^cyan;글리치 청록 염료^reset;
