id	file	issues
387	translations\customrace_batch_0020.tsv	possible-untranslated
511	translations\customrace_batch_0010.tsv	possible-untranslated
529	translations\customrace_batch_0021.tsv	possible-untranslated
539	translations\customrace_batch_0021.tsv	possible-untranslated
570	translations\customrace_batch_0021.tsv	possible-untranslated
585	translations\customrace_batch_0021.tsv	possible-untranslated
589	translations\customrace_batch_0021.tsv	possible-untranslated
655	translations\customrace_batch_0022.tsv	possible-untranslated
671	translations\customrace_batch_0022.tsv	possible-untranslated
710	translations\customrace_batch_0022.tsv	possible-untranslated
712	translations\customrace_batch_0022.tsv	possible-untranslated
734	translations\customrace_batch_0022.tsv	possible-untranslated
739	translations\customrace_batch_0022.tsv	possible-untranslated
751	translations\customrace_batch_0022.tsv	possible-untranslated
777	translations\customrace_batch_0022.tsv	possible-untranslated
797	translations\customrace_batch_0023.tsv	possible-untranslated
810	translations\customrace_batch_0023.tsv	possible-untranslated
824	translations\customrace_batch_0023.tsv	possible-untranslated
825	translations\customrace_batch_0023.tsv	possible-untranslated
829	translations\customrace_batch_0023.tsv	possible-untranslated
882	translations\customrace_batch_0023.tsv	possible-untranslated
905	translations\customrace_batch_0023.tsv	possible-untranslated
935	translations\customrace_batch_0023.tsv	possible-untranslated
944	translations\customrace_batch_0024.tsv	possible-untranslated
962	translations\customrace_batch_0024.tsv	possible-untranslated
976	translations\customrace_batch_0024.tsv	possible-untranslated
992	translations\customrace_batch_0024.tsv	possible-untranslated
1018	translations\customrace_batch_0024.tsv	possible-untranslated
1079	translations\customrace_batch_0024.tsv	possible-untranslated
1131	translations\customrace_batch_0025.tsv	possible-untranslated
1154	translations\customrace_batch_0010.tsv	possible-untranslated
1199	translations\customrace_batch_0025.tsv	possible-untranslated
1216	translations\customrace_batch_0025.tsv	possible-untranslated
1244	translations\customrace_batch_0026.tsv	possible-untranslated
1246	translations\customrace_batch_0026.tsv	possible-untranslated
1247	translations\customrace_batch_0026.tsv	possible-untranslated
1249	translations\customrace_batch_0026.tsv	possible-untranslated
1412	translations\customrace_batch_0027.tsv	possible-untranslated
1422	translations\customrace_batch_0027.tsv	possible-untranslated
1426	translations\customrace_batch_0027.tsv	possible-untranslated
1441	translations\customrace_batch_0027.tsv	possible-untranslated
1444	translations\customrace_batch_0027.tsv	possible-untranslated
1446	translations\customrace_batch_0027.tsv	possible-untranslated
1454	translations\customrace_batch_0027.tsv	possible-untranslated
1461	translations\customrace_batch_0027.tsv	possible-untranslated
1462	translations\customrace_batch_0027.tsv	possible-untranslated
1823	translations\customrace_batch_0029.tsv	possible-untranslated
1996	translations\customrace_batch_0030.tsv	possible-untranslated
1997	translations\customrace_batch_0030.tsv	possible-untranslated
2312	translations\customrace_batch_0032.tsv	possible-untranslated
2318	translations\customrace_batch_0032.tsv	possible-untranslated
3302	translations\customrace_batch_0037.tsv	possible-untranslated
3330	translations\customrace_batch_0037.tsv	possible-untranslated
3770	translations\customrace_batch_0013.tsv	possible-untranslated
4224	translations\customrace_batch_0006.tsv	possible-untranslated
7798	translations\customrace_batch_0058.tsv	possible-untranslated
