id	kind	detail	src	dst
577	LATIN	['Praesis', 'imperes', 'prosis'] | ^#DC4173;무패 대검 | ''Praesis ut prosis ne ut imperes''^white;	^#DC4173;Nonpareil Greatsword | ''Praesis ut prosis ne ut imperes''^white;	^#DC4173;무패 대검 | ''Praesis ut prosis ne ut imperes''^white;
735	LATIN	['BIRB'] | [가즈리 BIRB 사냥]	[Gazri BIRB Hunt]	[가즈리 BIRB 사냥]
928	LATIN	['Scientia', 'tenebras', 'vincere'] | ^#DC4173;무패 건랜스 | ''Scientia vincere tenebras''	^#DC4173;Nonpareil Gun-Lance | ''Scientia vincere tenebras''	^#DC4173;무패 건랜스 | ''Scientia vincere tenebras''
930	BRACKET	{'[Experimentals]': 1} -> {}	Fantesar Arena [Experimentals]	판테사르 아레나 [실험체들]
1405	LATIN	['Legibus', 'armisque', 'devoti'] | ^#DC4173;무패 소총 | ''Legibus armisque devoti''^reset;	^#DC4173;Nonpareil Rifle | ''Legibus armisque devoti''^reset;	^#DC4173;무패 소총 | ''Legibus armisque devoti''^reset;
1575	UNTRANSLATED	Qi lai! Bu yuan zuo nu li de ren men!	Qi lai! Bu yuan zuo nu li de ren men!	Qi lai! Bu yuan zuo nu li de ren men!
1576	UNTRANSLATED	Ba wo men de xue rou zhu cheng wo men xin de chang cheng!	Ba wo men de xue rou zhu cheng wo men xin de chang cheng!	Ba wo men de xue rou zhu cheng wo men xin de chang cheng!
1577	UNTRANSLATED	Mei ge ren bei po zhe fa chu zui hou de hou sheng!	Mei ge ren bei po zhe fa chu zui hou de hou sheng!	Mei ge ren bei po zhe fa chu zui hou de hou sheng!
1580	UNTRANSLATED	Wo men wan zhong yi xin!	Wo men wan zhong yi xin!	Wo men wan zhong yi xin!
1582	UNTRANSLATED	Qian jin!	Qian jin!	Qian jin!
1583	UNTRANSLATED	Qian jin! Jin!	Qian jin! Jin!	Qian jin! Jin!
1896	LATIN	"['Eran', 'Ichigo', 'Mikes', 'Shien', 'Tere'] | [고객 판매 내역 발췌]
______________
Yuo Shien
반자동 소화기 6상자. 크레딧 결"	"[Excerpt of sale orders to clients]
______________
Yuo Shien
6x boxes of semi-automatic small-arms. Paid in Credits.
___"	"[고객 판매 내역 발췌]
______________
Yuo Shien
반자동 소화기 6상자. 크레딧 결제.
______________
Ichigo Tere
폭약 화합물 12개.
기폭장치 및 케이블 키트 "
1897	LATIN	"['Janette', 'Terrific', 'Terry', 'Ulfred'] | ______________
Janette Ulfred
주문제작 경전차 1대(듀얼 .50 기관총 + 히드라"	"______________
Janette Ulfred
1x Custom-order Light Tank (Dual .50s + Hydra Rocket Pod Side-Mounts)
1x Steel Sword.
1x b"	"______________
Janette Ulfred
주문제작 경전차 1대(듀얼 .50 기관총 + 히드라 로켓포드 측면 장착)
강철검 1자루.
자동 화기 1상자.
이 고객은 눈여겨볼 것. 복수 어쩌고 중얼거"
1898	LATIN	"['Aarin', 'Demeres', 'Michaels', 'Mikes'] | ______________
Michaels Aarin
반자동 소화기 5상자.
자동 소화기 2상자.
."	"______________
Michaels Aarin
5x boxes of semi-automatic small-arms.
2x boxes of automatic small-arms.
1x .50 Caliber HM"	"______________
Michaels Aarin
반자동 소화기 5상자.
자동 소화기 2상자.
.50 구경 중기관총 무기 키트 1개.
수류탄 50개.
술/여자 결제.
______________
De"
1899	LATIN	"['Czhurzhen', 'Konvalinka', 'Kyunto', 'Matsugane'] | ______________
Matsugane Kyunto
주문제작 조각 카타나 2자루.
주문제작 조각 "	"______________
Matsugane Kyunto
2x Custom-order engraved Katanas.
1x Custom-order engraved C96 replica.
1x Custom-order "	"______________
Matsugane Kyunto
주문제작 조각 카타나 2자루.
주문제작 조각 C96 복제품 1정.
주문제작 조각 금 M1911 복제품 1정.
고객이 최고가를 지불 중. 이걸 해내는 "
1900	LATIN	"['Canulyin', 'Jamison', 'Lagr', 'Revans'] | ______________
Lagr Revans
자동 소화기 1상자. 이 세계의 인근 식민지로 발송. 크"	"______________
Lagr Revans
1x box of automatic small-arms. Shipped to a nearby colony on this world. Paid in Credits.
__"	"______________
Lagr Revans
자동 소화기 1상자. 이 세계의 인근 식민지로 발송. 크레딧 결제.
______________
Canulyin Jamison
경전차 150대(37mm 포)
"
1903	BRACKET	{'[REDACTED]': 1} -> {}	P-115 was first discovered in the Barracks Sector of Complex-[REDACTED] when the majority of the local security forces w	P-115는 콤플렉스-[편집됨]의 병영 구역에서, 현지 보안군 대부분이 병영에서 사망한 채 발견되면서 처음 발견됐다. 대응팀은 처음엔 위협 식별에 어려움을 겪었으나 신규 P-115 개체 격리에 성공했다.
2532	UNTRANSLATED	- <objective>	- <objective>	- <objective>
2533	UNTRANSLATED	^gray;- <objective>^reset;	^gray;- <objective>^reset;	^gray;- <objective>^reset;
2937	LATIN	['Facta', 'Verba'] | ^#DC4173;무패 산탄총 | ''Facta Non Verba''^reset;	^#DC4173;Nonpareil Shotgun | ''Facta Non Verba''^reset;	^#DC4173;무패 산탄총 | ''Facta Non Verba''^reset;
3065	NUM	missing {'400': 1} src=This galaxy has 400 billion stars. Good luck exploring that.	This galaxy has 400 billion stars. Good luck exploring that.	이 은하엔 4천억 개의 별이 있어. 탐험 잘해봐.
3207	NUM	missing {'18': 1, '56': 1} src=18 billion Hylotl casualties during the entirety of your evo	18 billion Hylotl casualties during the entirety of your evolutionary chain. Not bad. 56 billion Floran casualties.	네 진화 계보 전체에서 히로틀 사상자 180억. 나쁘지 않아. 플로란 사상자 560억.
3215	NUM	missing {'3': 1} src=Your 3rd eye would be great for ssniping.	Your 3rd eye would be great for ssniping.	네 세 번째 눈은 저격에 딱 좋겠어.
3345	LATIN	['BIOCOM'] | 그래! 이제 이해했어! 놈들이 우리한테 바라는 게 뭔지! 우린 미로 속 쥐야. 그 BIOCOM, 널 계속 저	Yes! You understand now! What they want us to do! We're like rats in a maze. That BIOCOM thing, the AI that keeps lettin	그래! 이제 이해했어! 놈들이 우리한테 바라는 게 뭔지! 우린 미로 속 쥐야. 그 BIOCOM, 널 계속 저 밑으로 보내는 그 AI, 네가 뭔가를 찾길 원해! 널 이용해 뭘 찾고 있는 거야, 아직 모를 뿐이지! 근데
3608	UNTRANSLATED	^gray;Papaver somniferum	^gray;Papaver somniferum	^gray;Papaver somniferum
3747	BRACKET	{'[REDACTED]': 1} -> {}	Projection-1 at the present appears to be a human male in Late Cold-War US Infantryman attire, as was typical just prior	프로젝션-1은 현재 1992년 핵전쟁 발발 직전에 전형적이던 냉전 후기 미 보병 복장의 인간 남성으로 보인다. P-1은 시설 인원의 꿈을 통해서만 나타나는 듯하며 P-1의 벙커 콤플렉스 외부나 현실 세계에서의 목격 
3755	BRACKET	{'[REDACTED]': 1} -> {}	Projection-14 first materialized on D-4's ring-finger during test [REDACTED]. P-14 is a small blue ring of an unknown ma	프로젝션-14는 시험 [편집됨] 중 D-4의 약지에 처음 실체화했다. P-14는 알 수 없는 물질 조성의 작은 파란 반지다. P-14는 대상이 반지를 착용하기 전까지 이상 특성을 보이지 않으며, 착용 시점부터 P-1
3758	BRACKET	{'[REDACTED]': 1} -> {}	"Testing Log [REDACTED]

Human Male, 31, instructed to wear P-14. Subject was exposed to P-29 spores for an hour, far lon"	"시험 기록 [편집됨]

인간 남성, 31세, P-14 착용 지시. 대상을 P-29 포자에 1시간 노출, 감염자의 기대 수명을 훨씬 넘김. 대상 의료 검사에서 감염 징후 없음. 대상 제염 후 1개월간 의료 격리실에"
3911	BRACKET	{'[REDACTED]': 3} -> {}	Projection-2 was found in [REDACTED], in the [REDACTED] Province shortly after the expiration of D-1 on the date of [RED	프로젝션-2는 [편집됨] 일자에 D-1이 만기된 직후 [편집됨] 주의 [편집됨]에서 발견됐다. 소재는 P-2로 지정된 휠체어에 앉은 후 중증 내부 부상을 입은 노인들에 대한 다수의 보고 이후 정보부가 이상 활동을 의
4360	BRACKET	{'[REDACTED]': 3} -> {}	Projection-5 was discovered in an unmarked pill bottle in Complex-[REDACTED] when Researcher [REDACTED] became unwell an	프로젝션-5는 연구원 [편집됨]이 자기 의약품으로 생각한 알약을 복용 직후 몸이 안 좋아지며 출혈한 후, 콤플렉스-[편집됨]의 표시 없는 약병에서 발견됐다. 연구원 [편집됨]은 당시 두 번째 알약의 존재를 몰랐다. 
4369	BRACKET	{'[Blink]': 1} -> {}	"[You feel like you remembered something. A mark on your hand. As if it was always there.]

^orange;Use [Blink] magic to "	"[뭔가를 기억해낸 것 같다. 손의 표시. 마치 처음부터 있던 것처럼.]

^orange;[깜빡임] 마법을 사용해 높은 난간에 도달하세요."
4464	BRACKET	{'[REDACTED]': 1} -> {}	Projection-6's existence was immediately confirmed when D-3's Empath connection was [REDACTED]. A swarm of insectoid cre	프로젝션-6의 존재는 D-3의 공감자 연결이 [편집됨]될 때 즉시 확인됐다. 곤충형 생물 무리가 D-3의 목에서 터져 나와 근처 직원들을 공격해 조수 4명이 중상을 입고 간신히 탈출했다. D-3은 곤충형 표본들이 방
4465	BRACKET	{'[Redacted]': 1} -> {}	"Incident Log []/[]/[]

Researcher [Redacted] was reprimanded for attempting to keep a P-6A instance 'as a pet' within hi"	"사건 기록 []/[]/[]

연구원 [편집됨]이 P-6A 실체를 사무실에 '애완동물'로 기르려 한 행위로 징계받음. 식사 특권이 12개월간 1등급으로 강등됨."
4646	NUM	"missing {'160': 1} src=[Excerpt from a larger report]
3018 Census
Total Count: 160 "	"[Excerpt from a larger report]
3018 Census
Total Count: 160 billion~

47.5% Male | 52.5% Female"	"[더 큰 보고서의 발췌]
3018년 인구조사
총계: 1,600억~

남성 47.5% | 여성 52.5%"
4647	NUM	"missing {'210': 1} src=2970 Census

Total Count: 210 billion~

51% Male | 49% Femal"	"2970 Census

Total Count: 210 billion~

51% Male | 49% Female"	"2970년 인구조사

총계: 2,100억~

남성 51% | 여성 49%"
4827	LATIN	['Rohkea', 'rokan'] | ^#DC4173;무적의 검 | ''Rohkea rokan syö.''^white;	^#DC4173;Nonpareil Blade | ''Rohkea rokan syö.''^white;	^#DC4173;무적의 검 | ''Rohkea rokan syö.''^white;
4878	UNTRANSLATED	^white;- ^yellow;a^white;	^white;- ^yellow;a^white;	^white;- ^yellow;a^white;
4879	UNTRANSLATED	^white;- ^yellow;b^white;	^white;- ^yellow;b^white;	^white;- ^yellow;b^white;
4880	UNTRANSLATED	^white;- ^yellow;c^white;	^white;- ^yellow;c^white;	^white;- ^yellow;c^white;
4881	UNTRANSLATED	^white;- ^yellow;d^white;	^white;- ^yellow;d^white;	^white;- ^yellow;d^white;
4882	UNTRANSLATED	^white;- ^yellow;e^white;	^white;- ^yellow;e^white;	^white;- ^yellow;e^white;
4883	UNTRANSLATED	^white;- ^yellow;f^white;	^white;- ^yellow;f^white;	^white;- ^yellow;f^white;
4884	UNTRANSLATED	^white;- ^yellow;g^white;	^white;- ^yellow;g^white;	^white;- ^yellow;g^white;
4885	UNTRANSLATED	^white;- ^yellow;h^white;	^white;- ^yellow;h^white;	^white;- ^yellow;h^white;
4886	UNTRANSLATED	^white;- ^yellow;i^white;	^white;- ^yellow;i^white;	^white;- ^yellow;i^white;
4887	UNTRANSLATED	^white;- ^yellow;j^white;	^white;- ^yellow;j^white;	^white;- ^yellow;j^white;
4888	UNTRANSLATED	^white;- ^yellow;k^white;	^white;- ^yellow;k^white;	^white;- ^yellow;k^white;
4889	UNTRANSLATED	^white;- ^yellow;l^white;	^white;- ^yellow;l^white;	^white;- ^yellow;l^white;
5162	LATIN	['Abundans', 'cautela', 'nocet'] | ^#DC4173;무적의 총창 | ''Abundans cautela non nocet''	^#DC4173;Nonpareil Gun-Lance | ''Abundans cautela non nocet''	^#DC4173;무적의 총창 | ''Abundans cautela non nocet''
5494	LATIN	['CORP'] | YW 코퍼레이션, 유기 기억 각인의 열쇠인 잠재적 획기적 신기적 물질 ''YW-11'' 공개, 슈지코 배럿 	YW CORPORATION Reveals Potential Groundbreaking New Miracle Substance ''YW-11'', Key To Organic Memory Imprints, Says Sc	"YW 코퍼레이션, 유기 기억 각인의 열쇠인 잠재적 획기적 신기적 물질 ''YW-11'' 공개, 슈지코 배럿 박사 발표

YW-CORP의 연구에서 우리의 신경 경로 재연결 방식을 혁신할 수 있는 잠재적 획기적 신물"
5497	LATIN	['CORP'] | YW CORP 수석 과학자 슈키조 배럿은 YW-11로 알려진 신물질을 숙주에 주입해 기존 정신에 각인할 수 	YW CORP Lead Scientist Shukijo Barret posits that the new substance known as YW-11 can be imprinted onto an existing min	YW CORP 수석 과학자 슈키조 배럿은 YW-11로 알려진 신물질을 숙주에 주입해 기존 정신에 각인할 수 있다고 주장한다. 쥐를 이용한 임상시험은 지금까지 비교적 성공적이다. 이 물질은 며칠에 걸쳐 숙주 내에서 상
5548	BRACKET	{'[REDACTED]': 3} -> {}	"Incident Log []/[]/[]

During testing on D-5, an energy surge rippled through Complex-[REDACTED] grid system, causing li"	"사건 기록 []/[]/[]

D-5 시험 중 에너지 서지가 콤플렉스-[편집됨] 전력망을 타고 퍼져 시설 전체의 조명 장애를 일으켰다. [편집됨]시에 D-5의 신체가 폭발해 다수의 직원이 P-29 파편으로 부상. "
6451	BRACKET	{'[REDACTED]': 2} -> {}	"A note is attached on the book:

We confiscated the personal belongings of [REDACTED]. If he were still alive, he would "	"책에 쪽지가 붙어 있다:

[편집됨]의 개인 소지품을 압수했다. 그가 살아있었다면 벌써 징계를 받았겠지만, 우리가 아는 여기 내용물은 좀 우려된다. 시설의 영향이 그 경계를 넘는다면 병력 효율 저하를 예상해야 한"
6514	BRACKET	{'[REDACTED]': 1} -> {}	P-87 materialized during a surge test performed on D-22, appearing some distance above the ground. The falling mass of m	P-87은 D-22에 대한 서지 시험 중 지상 어느 높이에 나타나 실체화했다. 떨어지는 금속 덩어리가 D-22와 다른 직원 2명을 깔아뭉갰다. 적대 세력이 시설을 공격한다는 가정 하에 보안팀이 투입돼 콤플렉스-[편집
6517	BRACKET	{'[REDACTED]': 2} -> {}	"Weapons Testing []/[]/[]

Permission was granted to test a variety of weapons against the armor of P-87. P-87 was transp"	"무기 시험 []/[]/[]

P-87 장갑에 대한 다양한 무기 시험이 허가됐다. P-87이 [편집됨]의 무기 시험장으로 수송되어 소화기와 각종 대구경 대전차 병기의 사격을 받았다. P-87은 손상 없이 새것 상태"
6518	BRACKET	{'[REDACTED]': 1} -> {}	"Note []/[]/[]

If we could just figure out how to get rid of the whole 'mental fatigue' part of the anomaly, we could ha"	"쪽지 []/[]/[]

이상현상의 '정신적 피로' 부분만 제거하는 방법을 알아내면, 결정적 전투에서 적과 맞설 무기를 가질 수 있다. 무적의 전차는 모두의 꿈이다.

- 연구원 [편집됨]"
6556	BRACKET	{'[Starting]': 1} -> {}	"Planet Order: 0 [Starting]

People are trapped on this world, awaiting rescue from a government entity. An anachronistic"	"행성 명령: 0 [시작]

사람들이 이 세계에 갇혀 정부 기관의 구조를 기다리고 있다. 시대착오적 중세 사회가 존재한다."
7691	UNTRANSLATED	"{ ""radioMessages"" : [""avianmission01"", ""black_avianmission01"	"{ ""radioMessages"" : [""avianmission01"", ""black_avianmission01a"", ""black_avianmission01b""] }"	"{ ""radioMessages"" : [""avianmission01"", ""black_avianmission01a"", ""black_avianmission01b""] }"
7692	UNTRANSLATED	"{ ""radioMessages"" : [""avianmission02"", ""black_avianmission02"	"{ ""radioMessages"" : [""avianmission02"", ""black_avianmission02a""] }"	"{ ""radioMessages"" : [""avianmission02"", ""black_avianmission02a""] }"
7693	UNTRANSLATED	"{ ""radioMessages"" : [""avianmission04"", ""black_avianmission04"	"{ ""radioMessages"" : [""avianmission04"", ""black_avianmission04a"", ""avianmission05""] }"	"{ ""radioMessages"" : [""avianmission04"", ""black_avianmission04a"", ""avianmission05""] }"
7694	UNTRANSLATED	"{ ""radioMessages"" : [""avianmission06"", ""black_avianmission06"	"{ ""radioMessages"" : [""avianmission06"", ""black_avianmission06a""] }"	"{ ""radioMessages"" : [""avianmission06"", ""black_avianmission06a""] }"
7960	UNTRANSLATED	"{ ""radioMessages"" :[""hylotlmission01"", ""black_hylotlmission0"	"{ ""radioMessages"" :[""hylotlmission01"", ""black_hylotlmission01a""] }"	"{ ""radioMessages"" :[""hylotlmission01"", ""black_hylotlmission01a""] }"
7961	UNTRANSLATED	"{ ""radioMessages"" : [""hylotlmission04"", ""black_hylotlmission"	"{ ""radioMessages"" : [""hylotlmission04"", ""black_hylotlmission04a""] }"	"{ ""radioMessages"" : [""hylotlmission04"", ""black_hylotlmission04a""] }"
7962	UNTRANSLATED	"{ ""radioMessages"" : [""hylotlmission02"", ""black_hylotlmission"	"{ ""radioMessages"" : [""hylotlmission02"", ""black_hylotlmission02a""] }"	"{ ""radioMessages"" : [""hylotlmission02"", ""black_hylotlmission02a""] }"
7963	UNTRANSLATED	"{ ""radioMessages"" : [""hylotlmission03"", ""hylotlmission03a"", "	"{ ""radioMessages"" : [""hylotlmission03"", ""hylotlmission03a"", ""hylotlmission03b"", ""black_hylotlmission03c""] }"	"{ ""radioMessages"" : [""hylotlmission03"", ""hylotlmission03a"", ""hylotlmission03b"", ""black_hylotlmission03c""] }"
7969	UNTRANSLATED	"{ ""radioMessages"" : [""glitchmission01"", ""glitchmission01a"", "	"{ ""radioMessages"" : [""glitchmission01"", ""glitchmission01a"", ""black_glitchmission01b""] }"	"{ ""radioMessages"" : [""glitchmission01"", ""glitchmission01a"", ""black_glitchmission01b""] }"
7984	UNTRANSLATED	"{ ""radioMessages"" : [""apexmission01"", ""black_apexmission01a"""	"{ ""radioMessages"" : [""apexmission01"", ""black_apexmission01a""] }"	"{ ""radioMessages"" : [""apexmission01"", ""black_apexmission01a""] }"
7985	UNTRANSLATED	"{ ""radioMessages"" : [""apexmission02"", ""apexmission02a"", ""bla"	"{ ""radioMessages"" : [""apexmission02"", ""apexmission02a"", ""black_apexmission02b""] }"	"{ ""radioMessages"" : [""apexmission02"", ""apexmission02a"", ""black_apexmission02b""] }"
7986	UNTRANSLATED	"{ ""radioMessages"" : [""apexmission06"", ""apexmission06a"", ""bla"	"{ ""radioMessages"" : [""apexmission06"", ""apexmission06a"", ""black_apexmission06b""] }"	"{ ""radioMessages"" : [""apexmission06"", ""apexmission06a"", ""black_apexmission06b""] }"
8000	UNTRANSLATED	"{ ""radioMessages"" : [""lunarbase01"", ""black_lunarbase01a""] }"	"{ ""radioMessages"" : [""lunarbase01"", ""black_lunarbase01a""] }"	"{ ""radioMessages"" : [""lunarbase01"", ""black_lunarbase01a""] }"
8001	UNTRANSLATED	"{ ""radioMessages"" : [""lunarbase03"", ""black_lunarbase03a""] }"	"{ ""radioMessages"" : [""lunarbase03"", ""black_lunarbase03a""] }"	"{ ""radioMessages"" : [""lunarbase03"", ""black_lunarbase03a""] }"
8002	UNTRANSLATED	"{ ""radioMessages"" : [""lunarbase07"", ""lunarbase07_avian"", ""bl"	"{ ""radioMessages"" : [""lunarbase07"", ""lunarbase07_avian"", ""black_lunarbase07a""] }"	"{ ""radioMessages"" : [""lunarbase07"", ""lunarbase07_avian"", ""black_lunarbase07a""] }"
8003	UNTRANSLATED	"{ ""radioMessages"" : [""lunarbase08a"", ""lunarbase08a_neki"", ""b"	"{ ""radioMessages"" : [""lunarbase08a"", ""lunarbase08a_neki"", ""black_lunarbase08b""] }"	"{ ""radioMessages"" : [""lunarbase08a"", ""lunarbase08a_neki"", ""black_lunarbase08b""] }"
8105	UNTRANSLATED	"{ ""radioMessages"" : [""avianmission02"", ""avianmission02_avian"	"{ ""radioMessages"" : [""avianmission02"", ""avianmission02_avian""] }"	"{ ""radioMessages"" : [""avianmission02"", ""avianmission02_avian""] }"
8106	UNTRANSLATED	"{ ""radioMessages"" : [""avianmission03"", ""avianmission03_neki"""	"{ ""radioMessages"" : [""avianmission03"", ""avianmission03_neki""] }"	"{ ""radioMessages"" : [""avianmission03"", ""avianmission03_neki""] }"
8107	UNTRANSLATED	^red;N^orange;Y^yellow;A^green;N ^cyan;N^blue;Y^violet;A^mag	^red;N^orange;Y^yellow;A^green;N ^cyan;N^blue;Y^violet;A^magenta;N ^red;N^orange;Y^yellow;A^green;N ^cyan;N^blue;Y^viole	^red;N^orange;Y^yellow;A^green;N ^cyan;N^blue;Y^violet;A^magenta;N ^red;N^orange;Y^yellow;A^green;N ^cyan;N^blue;Y^viole
8125	NUM	missing {'97.67': 1} src=This planet's surface is approximately 97.67 percent water. 	This planet's surface is approximately 97.67 percent water. In other words, it's a real big ^#008aff;ocean^reset;. I won	이 행성 지표의 약 97.67%가 물이야. 즉 진짜 큰 ^#008aff;바다^reset;지. 저 아래 뭐가 살까...?
8328	UNTRANSLATED	"{ ""radioMessages"" : [""apexmission05"", ""apexmission05_neki""] "	"{ ""radioMessages"" : [""apexmission05"", ""apexmission05_neki""] }"	"{ ""radioMessages"" : [""apexmission05"", ""apexmission05_neki""] }"
8329	UNTRANSLATED	"{ ""radioMessages"" : [""hylotlmission02"", ""hylotlmission02_avi"	"{ ""radioMessages"" : [""hylotlmission02"", ""hylotlmission02_avian""] }"	"{ ""radioMessages"" : [""hylotlmission02"", ""hylotlmission02_avian""] }"
8330	UNTRANSLATED	"{ ""radioMessages"" : [""hylotlmission03_avian"", ""hylotlmission"	"{ ""radioMessages"" : [""hylotlmission03_avian"", ""hylotlmission03"", ""hylotlmission03a"", ""hylotlmission03b""] }"	"{ ""radioMessages"" : [""hylotlmission03_avian"", ""hylotlmission03"", ""hylotlmission03a"", ""hylotlmission03b""] }"
