142	92식 철모 w/ 하치마키, 커버
143	센보 햇빛가리개를 달고 위에 하치마키 머리띠를 묶은 92식 철모. 패배가 확실해지면 IJA 지휘관은 부대 전원의 총반자이 돌격을 명령했고, 스스로 돌격 선두에 섰다. 살아남은 자는 거의 없었고, 그마저 대부분 외국인 노동자였다.\n^#DBC5A6;방어력: 소화기 +10% | 참격 +5% | 찌르기 +5% | 출혈 +7.5%^reset;\n^#96CBE7;두 번째 기회 - 치명적 피해를 받으면 3초간 무적 획득^reset; | ^#B0313F;폐하 만세 - 부품 하나마다 두 번째 기회 재사용 대기시간 20% 감소^reset;\n^#FFCE6D;스침탄 행운: 다음 탄환 피해 -70% | 재사용 대기시간 25초^reset;
144	92식 철모 w/ 하치마키, 햇빛가리개
145	천 커버와 센보 햇빛가리개를 달고 위에 하치마키 머리띠를 묶은 92식 철모. 일본은 극도로 위계적인 사회였고, IJA의 세뇌 교육은 병사들이 서구 군대 기준으로는 상상도 못 할 행동까지 나아가게 했다.\n^#DBC5A6;방어력: 소화기 +10% | 참격 +5% | 찌르기 +5% | 출혈 +7.5%^reset;\n^#96CBE7;두 번째 기회 - 치명적 피해를 받으면 3초간 무적 획득^reset; | ^#B0313F;폐하 만세 - 부품 하나마다 두 번째 기회 재사용 대기시간 20% 감소^reset;\n^#96CBE7;체력 35% 미만일 때 초당 체력 +3.^reset;
146	92식 철모 w/ 하치마키, 커버, 햇빛가리개
147	대나무, 펠트, 판다누스 등의 재료로 만든 IJA 표준 지급 태양 헬멧. 90식 강철 철모를 본뜬 98식은 단독으로 쓰거나 철모 위에 겹쳐 쓸 수 있었다. 단독으로는 탄도 방호력이 전혀 없다.\n  \n^#DBC5A6;열 +30%.^reset;
148	98식 태양 헬멧
149	''날 따라오지 마, 나도 길을 잃었어.''\n \n1959년에 도입된 19식 철모는 92식의 추가 개수형으로, 스트랩 구조를 간소화하고 위장용 풀을 끼우는 고무밴드가 달린 표준 커버를 지급했다. 징집병들은 풀 대신 온갖 걸 끼워넣곤 했다.\n^#DBC5A6;방어력: 소화기 +10% | 참격 +5% | 찌르기 +5% | 출혈 +7.5%^reset; | ^#FFCE6D;응사! [HEAD]: 무기를 발사하면 0.5초간 회피 +30%, 발사체 분산 -50%.
150	19식 철모
151	''사람과 돈과 물자만으로는 승리도 자유도 가져올 수 없다. 우리에게는 용감한 행동과 영웅적 위업을 불러일으킬 동력이 필요하다.''\n- 수바스 찬드라 보스\n \n^#DBC5A6;방어력: 소화기 +10% | 참격 +5% | 찌르기 +5% | 출혈 +7.5%^reset; | ^#FFCE6D;응사! [HEAD]: 무기를 발사하면 0.5초간 회피 +30%, 발사체 분산 -50%.
152	19식 철모 w/ 햇빛가리개
153	''일자리를 찾다가 정작 일을 얻었더니\n하늘도 알지, 나는 지금 비참하다고.''\n \n1965년에 도입된 이 92식 철모 개수형은 훗날 26식 위장 패턴이 되는 무늬의 커버를 쓴다.\n^#DBC5A6;방어력: 소화기 +10% | 참격 +5% | 찌르기 +5% | 출혈 +7.5%^reset; | ^#FFCE6D;응사! [HEAD]: 무기를 발사하면 0.5초간 회피 +30%, 발사체 분산 -50%.
154	25식 철모
155	1932년 도입된 이 철모는 일본어로 '테츠카부토', 즉 '철모'라 불린다. 당대 다른 주름형 강철 철모 대비 특별한 점은 없지만, 센고쿠와 에도 시대의 '가부토'를 연상시키는 복잡한 천 스트랩 체계가 있다.\n^#DBC5A6;방어력: 소화기 +10% | 참격 +5% | 찌르기 +5% | 출혈 +7.5%^reset;\n^#FFCE6D;스침탄 행운: 다음 탄환 피해 -70% | 재사용 대기시간 25초^reset;
156	92식 철모
157	''이 쓸모없는 짐승놈들! 다들 지옥이나 가라고, 알겠어?''\n위장망과 풀잎을 얹은 92식 철모. 태평양 초기 접전에서 미군은 충격을 받았다 — 일본인들은 항복하느니 문자 그대로 자결을 택했으니까. 규칙도 무시하고, 죽은 척, 다친 척, 항복하는 척하다가 살아있는 수류탄을 뽑아 모두를 데려갔다. 배신은 자비를 죽인다.\n^#DBC5A6;방어력: 소화기 +10% | 참격 +5% | 찌르기 +5% | 출혈 +7.5%^reset;\n^orange;매복 전술 [HEAD] - 회피 +10%. 피해를 받으면 버프가 [EWS] 적중 확률, 명중률, 속도 +15%로 전환.^reset;
158	92식 철모 위장형
159	''머리에 대체 왜 새둥지를 쓰고 다니는 거야?''\n \n위장용으로 풀을 쓸 때 중요한 규칙 하나는 과용하지 말라는 것이다. 발견을 피하려고 실루엣을 깨는 건 좋지만, 철모 망에 통째로 덤불을 꽂지는 마라. 멍청해 보이고, 머리를 움직일 때 더 눈에 띈다.\n^#DBC5A6;방어력: 소화기 +10% | 참격 +5% | 찌르기 +5% | 출혈 +7.5%^reset;\n^green;회피 확률 +10%.^reset;
160	92식 철모 위장형 (풀숲)
161	''간지 난다.''\n  \n위장과 방독면의 조합은 실전보다 훈련에서 더 자주 보이는 것이다. 어쨌든 멋있어 보인다는 데는 다들 동의할 거다.\n  \n^#DBC5A6;방어력: 소화기 +10% | 참격 +5% | 찌르기 +5% | 출혈 +7.5%^reset;\n^green;회피 확률 +5%.^reset;\n^#799E4B;특정 [GIC] 환경 위험 방지.^reset;
162	92식 철모 위장형 w/ 방독면
163	92식 철모 위장형 w/ 방독면 (풀숲)
164	표준 지급 천 커버를 씌운 92식 테츠카부토. IJA는 그 광신으로 악명 높은 전문적이고 결사적인 군사력이었다. 장병들은 일본과 황제에 대해 무조건 충성하도록 세뇌됐다. 그들은 일본의 문화적 우월성과 아시아를 통치할 더 높은 목적을 믿었고, 그것을 명분으로 역사상 가장 끔찍한 반인도적 범죄를 저질렀다.\n^#DBC5A6;방어력: 소화기 +10% | 참격 +5% | 찌르기 +5% | 출혈 +7.5%^reset;\n^#96CBE7;체력 35% 미만일 때 초당 체력 +3.^reset;
165	92식 철모 w/ 커버
166	1932년 도입된 이 철모는 일본어로 '테츠카부토', 즉 '철모'라 불린다. 95식 방독면과 결합됨. IJA는 중국에서 여러 차례 독가스를 사용했다 — 일본군은 수적으로 열세인 경우가 많았고 같은 수단으로 보복할 수 없는 적을 상대했기 때문이다. 미군과 싸울 때는, 일본을 겨자가스로 잠기게 할 산업력을 가진 적에게 독을 쓰지 않는 쪽을 택했다.\n^#DBC5A6;방어력: 소화기 +10% | 참격 +5% | 찌르기 +5% | 출혈 +7.5%^reset;\n^#799E4B;특정 [GIC] 환경 위험 방지.^reset;
167	92식 철모 w/ 방독면
168	92식 '테츠카부토' 철모와, 햇빛으로부터 목을 보호하는 햇빛가리개가 달린 센보 야전모의 결합형. 1941년 연합군에 대한 일본군 공세의 초전 승리는 기습 요소와, 분쟁 지역이 각국 수도권에서 멀리 떨어져 있던 덕분이 크다.\n^#DBC5A6;방어력: 소화기 +10% | 참격 +5% | 찌르기 +5% | 출혈 +7.5%^reset;\n^#FFCE6D;스침탄 행운: 다음 탄환 피해 -70% | 재사용 대기시간 25초^reset;
169	92식 철모 w/ 햇빛가리개
170	햇빛가리개, 위장망, 풀잎을 얹은 92식 철모. 광적인 애국심 못지않게 IJA 병사들은 명령에 광적으로 충성했다. 고립된 저항 거점들이 싸움을 이어간 것은 상급 장교가 항복하라고 시키지 않았기 때문인 경우도 많았다.\n^#DBC5A6;방어력: 소화기 +10% | 참격 +5% | 찌르기 +5% | 출혈 +7.5% | 회피 +10%^reset;\n^#C9C2B2;여우 [HEAD]: ^reset;^orange;배치 명령^reset; ^#C9C2B2;사용 시 위장 IJA 소총수 1명 소환 | 재사용 대기시간 60초.^reset;
171	92식 철모 위장형 w/ 햇빛가리개
172	현대의 관측 기술은 기존 위장을 대부분 무용지물로 만든다. 열상 감지 체계 앞에서는 괴상한 열 위장을 쓰지 않는 한 결코 숨을 수 없다. 명심해 둬라.\n \n^#DBC5A6;방어력: 소화기 +10% | 참격 +5% | 찌르기 +5% | 출혈 +7.5% | 회피 +10%^reset;\n^#C9C2B2;여우 [HEAD]: ^reset;^orange;배치 명령^reset; ^#C9C2B2;사용 시 위장 IJA 소총수 1명 소환 | 재사용 대기시간 60초.^reset;
173	92식 철모 위장형 w/ 햇빛가리개 (풀숲)
174	92식 철모와 센보 야전모의 햇빛가리개 결합형. 일본 병사들은 총검술을 집중 훈련받았고 예술의 경지까지 끌어올렸다. 하지만 그들의 전술이 보병 집단 공격, 이른바 '반자이 돌격'에 의존했기에, 그 모든 훈련은 미군 GI들의 기관단총과 자동소총 앞에 물거품이 됐다.\n \n^#DBC5A6;방어력: 소화기 +10% | 참격 +5% | 찌르기 +5% | 출혈 +7.5%^reset;\n^#96CBE7;체력 35% 미만일 때 초당 체력 +3.^reset;
175	92식 철모 w/ 커버, 햇빛가리개
176	IJA 표준 지급 우의. 젖는 건 불쾌한 것 이상으로, 전투 상황에서는 한여름에도 감기나 저체온증에 쉽게 걸릴 수 있어 위험하다. 황동 탄피가 없던 시절에는 습기가 흑색 화약의 점화도 막았으니 더 나빴다.\n  \n[GiC] 장신구 수납 가능.\n^green;이동 속도 +10%.^reset;\n^green;공격력 +10%.^reset;
177	IJA 우의 상의
178	우의에서 뗀 고무 두건. 머리와 철모를 덮을 만큼 크다. 사실 그 용도가 맞다 — 철모 없이 쓰면 펄럭이며 시야를 가릴 테니까. 하지만 당신의 패션 선택을 누가 뭐라 하겠나?\n  \n^green;이동 속도 +10%.^reset;\n^green;공격력 +10%.^reset;
179	IJA 우의 두건
180	''오키나와에서의 최근 몇 달이 우리를 갉아먹었다... 사기가 낮아. 비 때문이야, 각하... 그리고 진흙. 전차가 진흙에 빠지고, 보급이 안 들어오고, 부상병조차 못 빼내.''\n날씨는 전쟁에서 결정적인 역할을 한다. 정예 전차 사단이 아무리 많아도, 하루 폭우 뒤에는 전부 진흙에 처박힌다.\n^green;이동 속도 +10%.^reset;\n^green;공격력 +10%.^reset;
181	IJA 우의 치마
182	.\n^green;회피 확률 +10%^reset;
183	IJA 야간투시 단안경
184	''- 모미지, 여기는 아사가오, 들리나? 젠장.\n- 제2소대가 신호를 안 잡아?\n- 이 거리면 될 텐데... 다른 채널로 해볼게.\n*일어나며* 모미지, 빌어먹을 라디오 켜!!!''\n \n^orange;랠리 소환물의 최대 체력 +10, 무기 숙련 +25% 강화.
185	22식 무전 송수신기
186	IJA 표준 지급 우의. 비는 전쟁의 위대한 교란자다. 화약을 망치고, 길을 진흙 강으로 바꾸고, 병사를 지치게 한다. 아무리 강한 군대도 충분히 거센 폭우에는 무너진다.\n  \n^#96CBE7;두 번째 기회 - 치명적 피해를 받으면 3초간 무적 획득^reset; | ^#B3AD97;폐하 만세 - 부품 하나마다 두 번째 기회 재사용 대기시간 20% 감소^reset;
187	IJA 우의 (상의)
188	우의에서 뗀 고무 두건. 머리와 철모를 덮을 만큼 크다. 사실 그 용도가 맞다 — 철모 없이 쓰면 펄럭이며 시야를 가릴 테니까. 하지만 당신의 패션 선택을 누가 뭐라 하겠나?\n  \n^#DBC5A6;방어력: 소화기 +10% | 참격 +5% | 찌르기 +5% | 출혈 +7.5%^reset;\n^#96CBE7;두 번째 기회 - 치명적 피해를 받으면 3초간 무적 획득^reset; | ^#B3AD97;폐하 만세 - 부품 하나마다 두 번째 기회 재사용 대기시간 20% 감소^reset;
189	''오키나와에서의 최근 몇 달이 우리를 갉아먹었다... 사기가 낮아. 비 때문이야, 각하... 그리고 진흙. 전차가 진흙에 빠지고, 보급이 안 들어오고, 부상병조차 못 빼내.''\n  \n^#96CBE7;두 번째 기회 - 치명적 피해를 받으면 3초간 무적 획득^reset; | ^#B3AD97;폐하 만세 - 부품 하나마다 두 번째 기회 재사용 대기시간 20% 감소^reset;
190	IJA 우의 (하의)
191	''복수를 원하면 무덤을 두 개 파라.''\n  \n레이니 데빌은 항상 우의 같은 것으로 몸을 가린, 키 큰 원숭이 시체를 닮았다. 밤이면 주인에게 빙의해, 마법이 아니라 극단적 폭력으로 문제를 해결하는 신체를 빌린다. 보통은 잘 통한다.\n[GiC] 장신구 수납 가능.\n^green;이동 속도 +10%.^reset;\n^green;공격력 +10%.^reset;
192	레이니 데빌 상의
193	'레이니 데빌'은 소원을 이뤄주는 악마적 존재다. 말라붙은 신체 부위에 무의식적으로 소원을 빌면, 문제 해결의 대가로 자신의 몸과 영혼을 조금씩 바치게 된다. 문명 이전의 유물로, 사회의 많은 문제가 남 탓인 까닭에 레이니 데빌은 '사람이 없으면 문제도 없다'의 논리로 움직인다.\n  \n^green;이동 속도 +10%.^reset;\n^green;공격력 +10%.^reset;
194	레이니 데빌 두건
195	''보이는 토끼를 전부 쫓다가 결국 한 마리도 못 잡는다. 모든 걸 원하다가 모든 걸 잃는다.''\n \n레이니 데빌은 물과 피와 친화력이 있다. 둘 다 전장에는 넘쳐나지. 하지만 목표를 잊지 마라. 힘을 몰아 피의 강을 헤쳐 목표를 이뤄라.\n  \n^green;이동 속도 +10%.^reset;\n^green;공격력 +10%.^reset;
196	레이니 데빌 치마
197	''저런 기적적인 가슴을 고작 사라시로 묶어두다니 신성모독이야!''\n  \n훈도시(웃기는 고간 가리개)나 하라마키(배 띠) 같은 전통 일본 의복을 만드는 데 쓰는 흰 면 천. 여성들은 사라시로 가슴을 감아 묶었고, 후에는 브래지어 대신 쓰는 전통 방식이 됐다.
198	IJA 사라시
199	열대 기후용 표준 지급 일본군 탱크톱. 어디가 IJA다운지? 우리도 몰라. 라벨이나 인쇄? 어쩌면 IJA 재현 덕후들한테 돈 뜯어내려는 수작일지도? 진품과 가짜를 구별하려면 수년의 경험과 조사가 필요하다. 근데 이 탱크톱은 진짜야. 100%
200	IJA 탱크톱
201	''세상을 바꾸는 게 아니야. 세상이 그대로 남게 우리가 최선을 다하는 거지.''\n토쿠무 키칸의 주 임무는 첩보, 방첩, 선전, 제5열 공작이다. TK가 '직접 작전'에 참여하는 건 드문 일이지만, 정치적 승리가 목표가 아니라 사후 고려사항이었던 인도에서는 그런 활동이 일상이었다.\n^#DBC5A6;방어력: 회피 +15% | ^#FFCE6D;코만도 [HEAD]: 기관단총 숙련 +10% | 기관단총 발사체 분산 -20%.^reset;
202	토쿠무 키친 반다나
203	목에 두르는 평범한 흰색 지급 수건, 그것뿐이다. 예의상, 가슴을 덮을 만큼 길다.
204	IJA 수건
205	리쿠센후쿠는 특수상륙작전부대를 포함한 일본 제국 해군 육전대의 제복 종류를 말한다. SNLF는 (가장 넓은 의미의) 일본 해병대로, 전쟁 초기 태평양에서의 대연합군 전투에서 핵심 역할을 했다.\n  \n^orange;한 번의 피격을 흡수하는 ^#C8FAFA;HIT-SHIELD^orange; 하나 획득 | 재사용 대기시간 60초 | 다른 ^#C8FAFA;HIT-SHIELD와 중첩됨^reset;
206	IJN 리쿠센후쿠 튜닉
207	일본 제국 해군의 녹색 면제 야전모. IJN과 IJA의 라이벌 관계는 1930년대에 절정에 달했다. 일본이 정복으로 영토를 넓히려 할 때 해군은 서방 식민지를 치는 '남진' 전략을, 육군은 시베리아를 먹는 '북진' 계획을 밀었다. 두 파벌의 라이벌 관계는 결국 정부 내 연쇄 암살로 이어졌다.\n^orange;한 번의 피격을 흡수하는 ^#C8FAFA;HIT-SHIELD^orange; 하나 획득 | 재사용 대기시간 60초 | 다른 ^#C8FAFA;HIT-SHIELD와 중첩됨^reset;
208	IJN 리쿠센후쿠 야전모
209	게이터를 차고 못 박힌 장화를 신은 리쿠센후쿠 바지. 훈련받았음에도 SNLF에게 영광의 순간은 드물었다. 미드웨이 대참패 이후 일본은 어떤 상륙 공격도 벌일 수 없었고, SNLF는 방어 병력으로만 쓰였다. 결국 진격하는 미 해병대에게 섬마다, 부대마다 궤멸됐다.\n  \n^orange;한 번의 피격을 흡수하는 ^#C8FAFA;HIT-SHIELD^orange; 하나 획득 | 재사용 대기시간 60초 | 다른 ^#C8FAFA;HIT-SHIELD와 중첩됨^reset;
210	IJN 리쿠센후쿠 바지
211	플레이어 사용 불가. NPC 전용.\n \n일본군이 어느 정도 한정적으로나마 기관단총을 쓴 것은 사실이지만, 8x22mm 곡형 탄창을 어디에 넣고 다녔는지는 사진 증거가 거의 없다. 이 파우치는 영국군의 1946년 2식 기관단총 기술 보고서 이미지에 기반한 것으로, 싱가포르에서 부속품과 함께 노획된 것이다.\n  \n^orange;한 번의 피격을 흡수하는 ^#C8FAFA;HIT-SHIELD^orange; 하나 획득 | 재사용 대기시간 60초 | 다른 ^#C8FAFA;HIT-SHIELD와 중첩됨^reset;
212	IJN 리쿠센후쿠 튜닉 (기관단총)
213	일본 제국 해군 장교의 면제 튜닉. 일본군 양 군종이 서로 어떤 식으로든 의존하기를 거부한 탓에, 해군은 자체 육전대, 전차, 항공대, 낙하산병을 만들었다. 마찬가지로 육군도 자체 해상 분견대와 심지어 선박을 보유했다.\n^#5D6A59;제국 해군 [CHEST]: ^reset;^orange;배치 명령^reset; ^#5D6A59;사용 시 SNLF 소총병 하나 소환 | 재사용 대기시간 60초. |^reset; ^#DBC5A6;방어력: 회피 +10% |^reset; ^#FFCE6D;전선 지휘 [CHEST]: 한손 무기 숙련 +10% | 한손 무기 발사체 분산 -20%.^reset;
214	IJN 리쿠센후쿠 장교 튜닉
215	일본 제국 해군 장교의 야전모. 두 개의 검은 띠가 고위 계급을 나타낸다. 일본 해군은 사고와 기술에서 앞서 있었고, 야마토급 전함은 역사상 가장 크고 강력한 전함이었다. 하지만 애초에 이길 수 없는 전쟁이라면 그게 무슨 소용인가?\n^#5D6A59;제국 해군 [HEAD]: ^reset;^orange;배치 명령^reset; ^#5D6A59;사용 시 SNLF 소총병 하나 소환 | 재사용 대기시간 60초. |^reset; ^#DBC5A6;방어력: 회피 +10% |^reset; ^#FFCE6D;전선 지휘 [HEAD]: 한손 무기 숙련 +10% | 한손 무기 발사체 분산 -20%.^reset;
216	IJN 리쿠센후쿠 장교 야전모
217	해군도(카이군토) 칼집이 달린 IJN 육전대 장교 바지. 군종 라이벌 관계가 아무리 심했어도, 수병과 육병은 같은 이념을 공유한 만큼 잔혹함에서도 대등했다. 해군 육전대도 IJA와 전술을 공유했기에 반자이 돌격도 흔했다.\n^#5D6A59;제국 해군 [LEGS]: ^reset;^orange;배치 명령^reset; ^#5D6A59;사용 시 SNLF 소총병 하나 소환 | 재사용 대기시간 60초. |^reset; ^#DBC5A6;방어력: 회피 +10% |^reset; ^#FFCE6D;전선 지휘 [LEGS]: 한손 무기 숙련 +10% | 한손 무기 발사체 분산 -20%.^reset;
218	IJN 리쿠센후쿠 장교 바지
219	IJN 리쿠센후쿠 튜닉 (소매 걷음)
220	햇빛가리개가 달린 일본 제국 해군의 녹색 면제 야전모. IJN과 IJA의 라이벌 관계는 1930년대에 절정에 달했다. 일본이 정복으로 영토를 넓히려 할 때 해군은 서방 식민지를 치는 '남진' 전략을, 육군은 시베리아를 먹는 '북진' 계획을 밀었다. 두 파벌의 라이벌 관계는 결국 정부 내 연쇄 암살로 이어졌다.\n^orange;한 번의 피격을 흡수하는 ^#C8FAFA;HIT-SHIELD^orange; 하나 획득 | 재사용 대기시간 60초 | 다른 ^#C8FAFA;HIT-SHIELD와 중첩됨^reset;
221	IJN 리쿠센후쿠 야전모 w/ 햇빛가리개
222	못 박힌 장화를 신은 리쿠센후쿠 반바지. 훈련받았음에도 SNLF에게 영광의 순간은 드물었다. 미드웨이 대참패 이후 일본은 어떤 상륙 공격도 벌일 수 없었고, SNLF는 방어 병력으로만 쓰였다. 결국 진격하는 미 해병대에게 섬마다, 부대마다 궤멸됐다.\n  \n^orange;한 번의 피격을 흡수하는 ^#C8FAFA;HIT-SHIELD^orange; 하나 획득 | 재사용 대기시간 60초 | 다른 ^#C8FAFA;HIT-SHIELD와 중첩됨^reset;
223	IJN 리쿠센후쿠 반바지
224	역사적으로 무녀는 대를 잇는 직위였고, 수련도 3~8년 걸릴 만큼 혹독했다. 그러나 현대의 무녀는 대부분 오마모리를 팔고 신사를 청소하는 아르바이트 여학생일 뿐이다.\n^#DBC5A6;방어력: 참격 +15% | 찌르기 +5% | 사이킥 +20%.^reset;\n^#F4988C;맨손 정화 [CHEST] - 40블록 이내의 주변 적이 받는 사이킥 피해 +25%.^reset;\n^#F2B8EC;기도에 대한 높은 응답 [풀 세트 3개 필요] - 근접 무기를 휘두르면 부적을 날린다.
225	무녀 코소데
226	무녀의 긴 검은 머리는 복장의 일부로 여겨져 관리가 요구된다. H기관 소속 동안 무녀들은 머리를 길게 기르는 게 요구됐지만, 헤어스타일이나 색이 마법과 무슨 관련이 있는지는 확인되지 않았다.\n^#DBC5A6;방어력: 참격 +10% | 찌르기 +5% | 사이킥 +10%.^reset;\n^#F4988C;맨손 정화 [HEAD]: 40블록 이내의 주변 적이 받는 사이킥 피해 1.25배.^reset;\n^#F2B8EC;기도에 대한 높은 응답 [풀 세트 3개 필요] - 근접 무기를 휘두르면 부적을 날린다.
227	무녀 머리장식
228	1873년 메이지 정부는 미코 금단령이라는 조례를 발해 사실상 모든 무녀 활동을 금지했다. 금지는 1940년에야 풀렸는데, 정부가 신토를 비종교적이고 일본 고유의 전통 집합으로 재정의하려 했기 때문이다.\n^#DBC5A6;방어력: 참격 +10% | 찌르기 +5% | 사이킥 10%.^reset;\n^#F4988C;맨손 정화 [LEGS] - 40블록 이내의 주변 적이 받는 사이킥 피해 +25%.^reset;\n^#F2B8EC;기도에 대한 높은 응답 [풀 세트 3개 필요] - 근접 무기를 휘두르면 부적을 날린다.
229	무녀 하카마
230	무녀병에게는 '흰 상의, 붉은 하의' 제복의 '콘셉트'를 지키려고 특별 재봉한 흰색 휴대 장비가 지급됐다. 환상향은 종종 논리와 상식을 무시했기에, 경직된 IJA에게는 낯설던 '그냥 바이브로 가는' 접근법을 받아들여야 했다. 이 주머니들에 무녀병은 온갖 의례용 도구와 간식을 사기를 위해 넣고 다녔다.\n \n^#EAC0CE;최대 능력 마나 +25, 능력 마나 재생 증가.^reset;
231	미코헤이 파우치
232	H기관은 18세에서 25세의 자원하는 여성을 모집해 장래의 '미코헤이'(무녀병)로 모셨다. 그들은 봉인 너머에 있을 것에 대비해 야스쿠니 신사에서 군사식 승려 수련을 받아야 했다.\n^#DBC5A6;방어력: 회피 +10% | 사이킥 +10%.^reset;\n^#FFCE6D;무녀병 [CHEST]: 배틀 소총 숙련 +10% | 배틀 소총 발사체 분산 -20%.\n^#F2B8EC;기도에 대한 높은 응답 [풀 세트 3개 필요] - 근접 무기를 휘두르면 부적을 날린다.
233	미코헤이 코소데
234	시간이 지나면서 미코헤이 제복은 전투 상황에 맞게 개조됐다. 무녀병들은 머리를 자르고, 일부 현지인처럼 오후다 부적을 머리 장식으로 쓰기 시작했다.\n  \n^#DBC5A6;방어력: 회피 +10% | 사이킥 +10%.^reset;\n^#FFCE6D;무녀병 [HEAD]: 배틀 소총 숙련 +10% | 배틀 소총 발사체 분산 -20%.\n^#F2B8EC;기도에 대한 높은 응답 [풀 세트 3개 필요] - 근접 무기를 휘두르면 부적을 날린다.
235	미코헤이 머리 부적
236	H기관은 일본의 패권 확립을 노렸고, 미코헤이를 써서 흉포한 요괴에 맞서 전세를 뒤집는 데 성공했다. 그 과정에서 일본은 인간-요괴 관계의 미묘한 균형을 무너뜨렸고, 환상 경계 사변이 일어났다.\n^#DBC5A6;방어력: 회피 +10% | 사이킥 +10%.^reset;\n^#FFCE6D;무녀병 [LEGS]: 배틀 소총 숙련 +10% | 배틀 소총 발사체 분산 -20%.\n^#F2B8EC;기도에 대한 높은 응답 [풀 세트 3개 필요] - 근접 무기를 휘두르면 부적을 날린다.
237	미코헤이 하카마
238	H기관의 무녀병들은 공식적으로 중대급 조직으로 편성됐고, 자체 지휘 계통을 가졌다. 수석 무녀의 임명은 신토 지식보다는 관리 능력과 지도력을 보고 이뤄졌다.\n^#EAC0CE;미코타이 [CHEST]: ^reset;^orange;배치 명령^reset; ^#EAC0CE;사용 시 무녀병 하나 소환 | 재사용 대기시간 60초. |^reset; ^#DBC5A6;방어력: 회피 +10% | 사이킥 +10%. |^reset; ^#FFCE6D;전선 지휘 [CHEST]: 한손 무기 숙련 +10% | 한손 무기 발사체 분산 -20%.^reset;
239	미코헤이 서기 코소데
240	''가끔은 초현실적이었어. 기묘하면서도 익숙한 세계를 탐험하고, 환상적인 생물과 마법과 풍부한 지식과 따뜻한 사람들이 있는데, 나는 축축한 방에 갇혀 조달 서류를 쓰고 작전 보고서에 서명만 하고 있었지! 사무직을 떠난 적이 없는 것 같았어.''\n \n^#EAC0CE;미코타이 [HEAD]: ^reset;^orange;배치 명령^reset; ^#EAC0CE;사용 시 무녀병 하나 소환 | 재사용 대기시간 60초. |^reset; ^#DBC5A6;방어력: 회피 +10% | 사이킥 +10%. |^reset; ^#FFCE6D;전선 지휘 [HEAD]: 한손 무기 숙련 +10% | 한손 무기 발사체 분산 -20%.^reset;
241	미코헤이 서기 안경
242	제2차 세계대전 중 남성 성직자가 모두 징집됐을 때, 드물게 미코헤이 장교 중에는 수석 무녀 계급을 지닌 자가 있었다 — 종교 의례와 관료 의례 양쪽에 이미 익숙했다는 뜻이다.\n \n^#EAC0CE;미코타이 [LEGS]: ^reset;^orange;배치 명령^reset; ^#EAC0CE;사용 시 무녀병 하나 소환 | 재사용 대기시간 60초. |^reset; ^#DBC5A6;방어력: 회피 +10% | 사이킥 +10%. |^reset; ^#FFCE6D;전선 지휘 [LEGS]: 한손 무기 숙련 +10% | 한손 무기 발사체 분산 -20%.^reset;
243	미코헤이 서기 하카마
244	''- 무녀는 먹어도 되는 인간이라던데...\n- 덤벼봐, 이년아.''\n훈련을 받았어도 무녀병은 진짜 무녀의 상대가 못 됐다 — 무녀 혈통이 없었고 국가 신토 이데올로기에 잠식되어 있었으니까.\n^#DBC5A6;방어력: 회피 +10% | 사이킥 +10%.^reset; ^#FFCE6D;| 무녀병 [CHEST]: 배틀 소총 숙련 +10% | 배틀 소총 발사체 분산 -20%.\n^#F2B8EC;기도에 대한 높은 응답 [풀 세트 3개 필요] - 근접 무기를 휘두르면 부적을 날린다.
245	미코헤이 코소데 (소매 걷음)
246	''이 추운 게 싫어, 홋카이도처럼 추운 게 싫어.\n따뜻한 곳으로 가자. 전쟁에 가자.''\n미코헤이는 H기관 안에서 특권적 지위를 누렸고, 필요한 물품은 현지인과 거래해 얻는 것이 허락됐다.\n^#DBC5A6;방어력: 회피 +10% | 사이킥 +10% | 열 +20%.^reset;\n^#FFCE6D;무녀병 [CHEST]: 배틀 소총 숙련 +10% | 배틀 소총 발사체 분산 -20%.\n^#F2B8EC;기도에 대한 높은 응답 [풀 세트 3개 필요] - 근접 무기를 휘두르면 부적을 날린다.
247	미코헤이 하오리
248	비단 목도리, 아마 죽은 남편이나 오빠의 것이었겠지. 미코헤이 대부분은 깊이 애국하는 여성들로, H기관의 원정을 일본을 섬기는 길로 여겼다. 하지만 환상의 땅은, 아이러니하게도, 많은 환상을 깨는 경향이 있다.\n^#DBC5A6;방어력: 회피 +10% | 사이킥 +10% | 열 +20%.^reset;\n^#FFCE6D;무녀병 [HEAD]: 배틀 소총 숙련 +10% | 배틀 소총 발사체 분산 -20%.\n^#F2B8EC;기도에 대한 높은 응답 [풀 세트 3개 필요] - 근접 무기를 휘두르면 부적을 날린다.
249	미코헤이 목도리
250	''마요히가의 물건은 집에 가져가면 행운이 온다더라...''\n  \n^#DBC5A6;방어력: 참격 +15% | 찌르기 +5% | 사이킥 +20%.^reset;\n^#F4988C;맨손 정화 [CHEST] - 40블록 이내의 주변 적이 받는 사이킥 피해 +25%.^reset;\n^#F2B8EC;기도에 대한 높은 응답 [풀 세트 3개 필요] - 근접 무기를 휘두르면 부적을 날린다.
251	무녀 하오리
252	''전운이 우리를 배신해, 우리가 싸움에서 살아남는다 해도\n그러면 위문 꾸러미의 비단 목도리처럼 병사의 의무가\n천천히, 천천히, 우리를 목 졸라 죽일 것.''\n \n^#DBC5A6;방어력: 참격 +10% | 찌르기 +5% | 사이킥 +10%.^reset;\n^#F4988C;맨손 정화 [HEAD]: 40블록 이내의 주변 적이 받는 사이킥 피해 1.25배.^reset;\n^#F2B8EC;기도에 대한 높은 응답 [풀 세트 3개 필요] - 근접 무기를 휘두르면 부적을 날린다.
253	비단 목도리
254	1930년대경의 일본 여학생 제복. 세일러복은 1910년대 후쿠오카 조가쿠인의 교장 엘리자베스 리에 의해 교복으로 도입됐다. 일본 공주가 세이후쿠를 입고 공개됐을 때 세이후쿠는 일본 전통 의상이 됐다 — 영국에서 어린 에드워드 7세 덕분에 1846년 세일러복이 아이들 옷과 연결된 것과 비슷하다.
255	세이후쿠 블라우스
256	1930년대경의 일본 여학생 제복에 IJA 장비를 겹쳐 입은 것. 의용전투대는 일본 민병 조직으로, 침공한 연합군과 맞서 싸우는 IJA를 돕고 게릴라전을 벌였다. 다른 추축국 민병과 달리 여성들도 황제를 위한 최후의 결사에 목숨을 바쳐야 했다 — 17세밖에 안 된 여학생까지도.\n^#96CBE7;두 번째 기회 - 치명적 피해를 받으면 3초간 무적 획득^reset; | ^#B3AD97;산산조각난 보옥 - 부품 하나마다 언일딩 불워크 재사용 대기시간 20% 감소^reset;
257	세이후쿠 블라우스 (의용전투대)
258	''- 무녀병이 여학생 코스플레이라니... 진심, 왜 그걸 입은 거야?\n- 야, '코스플레이'라고 하지 마. 이건 진짜야. 고등학교 때 입던 거라고. 성장기 이후로 키가 안 커서 잘 맞는단 말이야. 어, 그러니까... 변장이야. 너네 무녀들은 평소 기모노 입고 '저 무녀예요!' 하잖아. 요괴들한테 도망가라고 광고하는 거나 다름없어.''
259	세이후쿠 치마
260	IJN 장병용 열대 작업모. 유사한 제2차 세계대전 시절 모자의 개수형으로, 약간 다른 면과 더 밝은 올리브색, 더 넓은 챙을 쓴다. 열대에서 꽤 편해서 IJA 병사들도 많이 탐냈다.\n \n^#FFCE6D;경보병의 행운: 다음 탄환 피해 80% 감소 | 발동당 재사용 대기시간 15초 | ^#CCD8B6;일반 무기 숙련 +5%.
261	14식 부니햇
262	''헝가리도 갈증도 피로도 견-딜 수 있지,\n하지만 놈들을 보는 만성적 풍경만은-못-못-못해-\n장-화-장-화-장화가 위아래로 움직이는 소리,\n그리고 전쟁에서 제대할 길은 없어!''\n \n아래에 한 쌍의 '신장 파우치'를 단 표준 대형 배낭. 일본군이 쓰던 20식 웹 체계의 일부.\n \n^#CCD8B6;체력 +25.^reset;
263	20식 배낭
264	''태양이 눈에 없으면 나무는 자랄 수 없고\n우리도 죽는 게 두려우면 살 수 없어.''\n1960년 도입된 표준 IJA 정글 전투복. 기본적으로 제2차 세계대전 시절 열대 셔츠의 튼튼한 버전으로, 이와시타 소총의 20발 탄창용 새 웹 체계를 갖췄다.\n^#DBC5A6;방어력: 열 +20%^reset; | ^#FFCE6D;호헤이 '60 [CHEST]: 배틀 소총 숙련 +10% | 배틀 소총 발사체 분산 -20%.\n^#F2B8EC;불굴의 적응력 [풀 세트 3개 | 생존자] - 최대 체력 +10 | 회피 +10 | 일반 무기 숙련 +10% | 능력 마나 +10.
265	20식 셔츠
266	''우리는 새로운 의도로 똑같고\n우리는 나쁜 의도로 똑같아.''\n제2차 세계대전 이후 일본 제국은 공영권 전역의 온갖 게릴라와 끊임없이 전쟁 중임을 깨달았다. IJA는 그런 적을 상대하려고 매우 기동적인 군대가 되어야 했다.\n^#DBC5A6;방어력: 열 +20%^reset; | ^#FFCE6D;호헤이 '60 [HEAD]: 배틀 소총 숙련 +10% | 배틀 소총 발사체 분산 -20%.\n^#F2B8EC;불굴의 적응력 [풀 세트 3개 | 생존자] - 최대 체력 +10 | 회피 +10 | 일반 무기 숙련 +10% | 능력 마나 +10.
267	20식 야전모
268	''언덕으로 달려라, 발을 들고 가자고\n할 일은 했으니 속도를 올려 가보자''\n검은 가죽 높은 발목 전투화를 신은 튼튼한 면제 전투 바지. 옛 장화+게이터 조합보다 훨씬 편하다. 의외로 품질이 좋다.\n^#DBC5A6;방어력: 열 +20%^reset; | ^#FFCE6D;호헤이 '60 [LEGS]: 배틀 소총 숙련 +10% | 배틀 소총 발사체 분산 -20%.\n^#F2B8EC;불굴의 적응력 [풀 세트 3개 | 생존자] - 최대 체력 +10 | 회피 +10 | 일반 무기 숙련 +10% | 능력 마나 +10.
269	20식 바지
270	제2차 세계대전의 트라우마적 교훈 덕에 새 가와사키 T23 RPG는 아주 많이 생산됐다. 정비병도 병사도 그걸 다 어떻게 해야 할지 몰랐을 정도로. 순찰 부대에 넉넉히 지급됐고 적 점거 시설물과 전투 진지에 효과적으로 쓰였다.\n \n^#96CBE7;탱크 테러 - 약 60블록 이내에서 처치한 적이 1% 확률로 가와사키 T23 RPG 드롭.^reset;
271	20식 튜브 팩 w/ T23 RPG
272	새 방파편 조끼는 처음엔 병사들에게 안 좋게 여겨졌다 — 꽤 무겁고 덥고 습한 날씨에 입기 불편했으니까. 하지만 안 입으면 처벌받았고, 시간이 지나자 병사들은 조끼의 생명을 살리는 성능을 당연히 인정하게 됐다.\n^#DBC5A6;방어력: 소화기 +20%, 열 +20%^reset; | ^#FFCE6D;호헤이 '60 [CHEST]: 배틀 소총 숙련 +10% | 배틀 소총 발사체 분산 -20%.\n^#F2B8EC;불굴의 적응력 [풀 세트 3개 | 생존자] - 최대 체력 +10 | 회피 +10 | 일반 무기 숙련 +10% | 능력 마나 +10.
273	20식 셔츠 w/ 방파편 조끼
274	아시아 전역의 반게릴라 분쟁은 반군이 사랑해 마지않는 지뢰와 부비트랩에 대한 대비책을 일본에 요구했다. 25식 파편 조끼는 8파운드 미만의 무게로, 방탄 나일론 12겹을 물을 튕기는 비닐 봉지에 밀봉해 만들었다.\n^#DBC5A6;방어력: 소화기 +20%, 열 +20%^reset; | ^#FFCE6D;호헤이 '60 [CHEST]: 배틀 소총 숙련 +10% | 배틀 소총 발사체 분산 -20%.\n^#F2B8EC;불굴의 적응력 [풀 세트 3개 | 생존자] - 최대 체력 +10 | 회피 +10 | 일반 무기 숙련 +10% | 능력 마나 +10.
275	25식 파편 조끼
276	방탄 나일론은 통념과 달리 권총탄 이상에는 완전히 무력했고, 후대 사촌 케블러와 달랐다. 그래도 급조 폭발물이 난무하는 곳에서 파편에 대해 주는 방호력은 값을 매길 수 없었다.\n \n^#DBC5A6;방어력: 소화기 +20%, 열 +20%^reset; | ^#FFCE6D;호헤이 '60 [CHEST]: 배틀 소총 숙련 +10% | 배틀 소총 발사체 분산 -20%.\n^#F2B8EC;불굴의 적응력 [풀 세트 3개 | 생존자] - 최대 체력 +10 | 회피 +10 | 일반 무기 숙련 +10% | 능력 마나 +10.
277	20식 셔츠 (반소매) w/ 방파편 조끼
278	''나는 언제나 병사로 남을 것이다. 죽이고 죽는 모든 병사들은 언제나 나일 것이다. 우리는 아직 초원에 있다.''\n  \n^#DBC5A6;방어력: 소화기 +20%, 열 +20%^reset; | ^#FFCE6D;호헤이 '60 [CHEST]: 배틀 소총 숙련 +10% | 배틀 소총 발사체 분산 -20%.\n^#F2B8EC;불굴의 적응력 [풀 세트 3개 | 생존자] - 최대 체력 +10 | 회피 +10 | 일반 무기 숙련 +10% | 능력 마나 +10.
279	20식 파카 w/ 방파편 조끼
280	1960년 도입된 표준 IJA 정글 전투복에 지도 통, 나침반 주머니, 권총 홀스터 같은 장교 필수품을 달았다. 인도에는 두 부류의 장교가 있었다 — 피에 굶주린 '구세대'와 겁쟁이 '신세대'. 어느 쪽도 부하들에게 그다지 사랑받지 못했다.\n^#FFCE6D;타이초 '60 [CHEST]: 배틀 소총 숙련 +10% | 배틀 소총 발사체 분산 -20%.\n^#7C7957;호헤이 '60 [CHEST]: ^reset;^orange;배치 명령^reset; ^#7C7957;사용 시 호헤이 '60 소총병 하나 소환 | 재사용 대기시간 60초.^reset;
281	20식 셔츠 (장교)
282	''지휘관이 누구야? 너 아냐!?''\nIJA 장교와 부사관이 부하들에게는 식별되면서도 적 저격수 눈은 끌지 않도록, 담배 갑이나 카드 같은 흔한 물건을 철모에 붙였다. 세부 규칙은 부대마다 달랐고, SNLF 분견대는 이 관례를 아예 무시했다.\n^#DBC5A6;방어력: 소화기 +10% | 참격 +5% | 찌르기 +5% | 출혈 +7.5%^reset;\n^#7C7957;호헤이 '60 [HEAD]: ^reset;^orange;배치 명령^reset; ^#7C7957;사용 시 호헤이 '60 소총병 하나 소환 | 재사용 대기시간 60초.^reset;
283	19식 철모 (장교)
