idx	ko
208	반역자의 마스크
210	반역군의 후드
212	폭동자의 마스크
214	혁명가의 반다나
216	도적의 후드
218	스파이의 후드
221	스파이의 고글
224	스파이의 후드
226	암살자의 마스크
228	침투자의 투구
230	침투자의 투구
232	찬탈자의 후드
234	전방전사의 투구
236	새끼의 서클릿
238	참새 투구
240	메추라기 볏
242	올빼미 투구
244	공작 머리장식
246	플라밍고 머리장식
248	불사조 투구
250	금강앵무 머리장식
252	까마귀 부리
254	왕부리새 투구
256	선장의 아프로
258	멋진 선글라스
260	악마 뿔 가발
262	일렉트로늄 모자
264	스포티 캡
266	거대 리본
268	역병 대가 마스크
270	멀티캠 작전 모자
272	깃털 기사 투구
274	영혼 가면 투구
275	영혼 가면 투구
277	별관찰자 후드
279	흐로드가르드
281	뿔 달린 삼각모
283	언-캣 모자
285	발키리 투구
287	발광 마스크
289	형광 투구
291	구리 고글
293	주조 고글
295	주조 안전모
297	용접공의 투구
299	정동석 마스크
301	윙윙 모자
303	얼음 갑옷 마스크
305	암흑 변장 마스크
307	스노클
309	슬라임 마스크
311	꽃 마스크
313	파이프 모자
315	검치호 투구
317	타르 마스크
319	화염 군주의 투구
321	동기부여자- ^cyan;DX^reset;
323	가성 사슴벌레 투구
325	자비로운 얼굴 거머리
326	감각 오징어 모자
328	스팀펑크 투구
330	생각 모자
332	변장 마스크
334	하트 화관
336	처형인의 마스크
338	왕관
340	광부의 투구
342	돈주머니 모자
344	휴일 수염 모자
346	펭귄 수트 마스크
348	포식자 머리
350	바나나 마스크
351	도적단의 반다나
353	도적단의 후드
355	곰 모자
357	말벌집 투구
359	재치있는 베레모
361	루미네이드 음료 모자
363	토끼 모자
366	선장 모자
368	판지 모자
370	시계 탑모자
372	공룡 모자
374	다이빙 마스크
376	천안 투구
378	공포의 눈 모자
380	거대 안대
382	점잖은 모자
384	페도라
386	펄럭이는 귀족 모자
388	방독면
390	영웅의 모자
392	판지 노숙자 모자
394	산업 승무원 투구
396	귀 달린 후드
398	고양이 모자
400	귀족 모자
402	루차도르 마스크
404	M1 투구
406	메크 조종사 투구
408	채광 투구
410	프리기아 모자
412	역병 의사 마스크
414	평범한 후드
416	보호국 꽃
418	피라미드 헤드
420	무지개 후드
422	안전 투구
424	상어 모자
426	솜브레로
428	딸기 마스크
430	늪지 모자
432	테디 모자
434	호랑이 모자
436	우샨카
438	베네치아 가면
440	바이킹 투구
442	나방 바이저 블루
445	나방 바이저 그린
448	나방 바이저 렌즈 염색
451	나방 바이저 LCD 패널
453	나방 바이저 레드
455	나방 바이저 옐로
457	매우 은근한 가발
459	새싹의 서클릿
461	뼈 대장장이의 해골모
463	유목민의 왕관
465	사냥꾼의 후드
467	현자의 사고 모자
469	식인자의 마스크
471	채집가의 투구
473	파수꾼의 투구
475	주술사의 마스크
477	합성자의 투구
479	글리치 왕관
481	하급 기사의 투구
483	병사의 투구
485	기사의 투구
487	기사의 투구
489	흑기사의 투구
491	흑기사의 투구
493	성전사의 투구
496	성전사의 투구
498	성전사의 투구
500	창기사의 투구
502	창기사의 투구
504	성기사의 투구
506	성기사의 투구
508	군단병의 투구
510	군단병의 투구
512	기사단원의 투구
514	기사단원의 투구
516	파멸 군주의 투구
518	파멸 군주의 투구
520	스카우터 바이저
522	스캐빈저의 투구
524	개척자의 투구
526	외곽 기수의 투구
528	선봉자의 투구
530	선봉자의 폐쇄형 투구
532	선구자의 투구
535	선구자의 투구
537	모험가의 투구
539	탐구자의 투구
541	방랑자의 투구
543	우주주의자의 투구
545	물웅덩이 모자
547	연못 투구
549	강 투구
551	호수 투구
553	바다 모자
555	암초 투구
557	대양 투구
559	유광층 투구
561	무광층 지느러미
563	약광층 투구
584	보안관 대리 모자
586	도적 모자
588	무법자 모자
590	보안관 모자
592	산적의 솜브레로
594	본소의 모자
596	해충의 모자
598	도박사의 모자
600	태엽 모자
602	랭글러의 모자
604	사막 머리 스카프
606	황금 투구
608	용병의 투구
610	미니크녹 투구
612	개척자의 투구
614	은 투구
616	눈보병 투구
618	추적자의 투구
620	용맹 투구
622	용맹 투구
624	항해자의 투구
627	수련자의 후드
895	별 마법사 모자
967	마술사의 모자
969	연금술사 모자 세트
971	염색 버클 모자
974	그늘 모자
976	염색 마법사 모자
978	탑모자
980	높은 탑모자
982	이중색 탑모자
983	넓은챙 양산 모자
985	넓은챙 마법사 모자
987	어두워진 마법사 모자
989	큰 마법사 모자
991	새터니안 요리사 모자
993	푹신한 겨울 후드
995	겨울 후드
997	스카프 겨울 후드
1000	미술 마법사 모자
1002	마을 주민의 후드
1005	정교한 후드
1008	별 마법사 모자 (안경)
1157	피스키퍼 모자
