444	첨단 강직성 강화복
445	''금속 혈액을 지닌 청소부에게는 특별한 재능이 있지. 모든 것을 보물로 바꾸는, 열망하는 손가락.''\n\n^orange;쓰레기통을 뒤질 때 스크랩 한 자루 추가 획득 확률 증가. 10번 중첩 가능.^reset;
446	스크랩 수집가의 손가락
447	지원 병사들은 전투 직책이자 호칭으로 불리며, 전투 중 부대원들을 지원하고 치유하는 데 중점을 둔다. 지원 병사는 보통 지휘관과 대령 자리를 승계할 병사로 선정된다. 이들의 두꺼운 등받이는 치유 박스, 지휘 하켓 장비, 통신 보조 배터리의 대용량 수용을 보장한다. 보통 이들은 자신과 부대원들을 살리기 위해 온갖 군용 조련 물품으로 가득한 강력한 지원 장비를 실어 나른다.\n\n^orange;인접한 아군에게 모든 무기 숙련 +50%.^reset;
448	지원 병사의 등받이
449	''이게 목격하며, 숭고한 자들과 전사들은 죽지 않는다. 죽으면, 그들은 그들이 섬긴 신의 옆자리를 받는다고 한다. 하지만 나는 그들이 여러 전장과 훨씬 더 평화로운 시간들에서 함께하고 있음을 잘 안다.''\n\n^orange;회피 발동 시: 1.5초간 피해 무적. 효과 간 최소 30초 경과 필요.^reset;
450	시프 - 검은 제단의 수호자
451	''대부분의 생명은 경로를 그대로 따라간다. 태어나고, 배우고, 살고, 죽는다. 탐구하고, 욕망하고, 적을 죽인다.''\n\n^orange;공격적인 적에게 피해를 받을 때: 3초간 피해 무적. 효과 간 최소 60초 경과 필요.^reset;
452	시프 - 회색 숲의 수호자
453	숨을 들이쉬고. 작은 격발용 부분이 눈에 잘 들어온다. 내쉬기 시작한다. 목표물에 격발용 부분을 일치시킨다. 숨을 완전히 뱉기까지 잠시 있다가, 방아쇠를 당긴다. 천천히, 그렇지만 확실하게. 폭발적인 힘으로 소총탄이 사격되어 날아가며, 적이 쓰러진다. 인물보다 크다고 생각하기 어려운 전술용 지원 조준 보조 장치로, 제어된 방식으로 화기의 탄도 성능을 강화한다.\n\n^orange;빗나갈 확률 -50%.^reset;
454	해병 목표 추적기
455	총알을 조금이라도 더 나가게 하는 작은 추가 급탄 시스템.\n\n^orange;다음 무기가 소모 탄약의 15% 확률로 1발 회복: 자동소총, 대전차소총, 돌격소총, 기관단총, 저격소총, 산탄총, 권총, 기관권총.^reset;
456	보조 급탄 시스템
457	지구상에서 케틀벨 훈련은 그리 오래되지 않았다. 실은 스코틀랜드에서 던지기 훈련으로나 쓰이던 것이 전부였다. 이제 연합 시스템 전역에 널리 퍼져, 힘이나 폭발력을 키우고 싶은 사람들의 최고 도구로 자리 잡았다. 원하면 메스 훈련용으로 색상을 입힐 수도 있다.\n\n^orange;근접 저항 -20% | 탄도 저항 +10%.^reset;\n\n''부대가 운동할 때? 총기 수색이야. 그게 병사들이 훈련하는 방법이지.'' - 중사 제임스 스미스, 연합 시스템 군대
458	케틀벨
459	''난 총이 좋아. 처음 쏴보는 건 아니지만, 그냥 한 손으로 뻗어 위협만 해도 이미 좋아.''\n\n^orange;근접 피격 시 33% 확률로 힘이 들어간 태그가 발생한다.^reset;
460	태그 가위
461	''죽임의 각도.'' - 여덟 번째 원리, 여덟 죽음의 책\n\n^orange;근접 피격 시 33% 확률로 힘이 들어간 태그가 발생한다.^reset;
462	태그 가위
463	''운명의 저울은 평형에 얽매이지 않는다.'' - 네 번째 원리, 여덟 죽음의 책\n\n^orange;소형 구경 무기로 사격 시 적을 치명적인 피해로 쓰러뜨리면(50% 미만의 HP에서도 발동) 공격의 1.5배 피해를 받는다.^reset;
464	집행인의 서
465	''방공호의 민간인들은 처음에 쳐들어온 놈들에게 끔찍하게 살해당했다. 자폭하려고 계획한 놈들도, 피난처를 습격하던 놈들도 사정없이 베어넘겨졌다. 파편과 피가 난무한 학살이었다.''\n\n^orange;근접 무기 장비 시: 무기 숙련 +15%. 재사용 대기 20초. 무기와 함께 해제 시 지속.^reset;
466	살육의 나이프
467	''살육, 무자비한 파괴, 이건 인간의 본성이자 선천적인 욕망이다.''\n\n^orange;단발 무기 발사 시 10% 확률로 추가 포탄이 나간다.^reset;
468	광란의 다리미
469	나노소자를 꿰맞춘 천 조각. 적의 근접 공격을 더 잘 피할 수 있도록 착용자의 반사신경을 크게 높인다.\n\n^orange;근접 회피 +25% | 인접한 모든 근접 반격 효과에 가해지는 피해 -25%.^reset;
470	회피 패치
471	''인간이 더 빠르고 강해지기 위해 의지할 수 있는 모든 시스템에도 한계는 있다. 화학적 내성 형성의 속도에는 한계가 있다. 결국 군대의 뒤편에 서서 주사 바늘의 차가운 감각만으로도 떨게 만드는 게 도핑이지, 그 약의 효과가 아니다.''\n\n^orange;탄도 저항 +50%.^reset;\n^red;이동 속도 -30%.^reset;
472	근육 파라핀
473	지금까지도 실험자는 지옥의 기운을 잘 이해하지 못한다. 그 신비한 창조물이 자아를 지녔는지조차. 지옥을 누리기 위해서는 뭔가가 사라져야 하며, 세상을 재편할 때 그것은 소멸한다.\n\n^orange;오컬트 기력 축적 +20%.^reset;\n\n^orange;마법 무기 재장전 시 추가 오컬트 기력 제거.^reset;
474	조사관의 오컬트 경고
475	''아버지, 당신은 하늘을 넘어 멀리 날았습니다. 당신이 피의 천사들을 멸하러 날아갔다면서, 피는 하늘에서 비처럼 내리고, 악인들은 땅에 발 붙일 곳조차 없어진다고.''\n\n^orange;중력이 20% 감소한 상태로 사망 또는 낙하 지점에 닿을 때까지 지속된다.^reset;
476	가벼움의 부적
477	''걱정하지 마십시오, 대장. 이 심장을 다 가져갈 겁니다.''\n\n^orange;심장 구역에 위치하면: 최대 체력 +50, 모든 피해 +25%.^reset;\n^red;입장 시 받는 피해 +50%.^reset;
478	리버워드의 심장
479	''그냥 착용만 하세요. 심각한 일이 일어나면, 이게 전부 뒤집혀서 다시 작동하기 시작할 겁니다.''\n\n^orange;심장 구역에 위치하면: 최대 체력 +100, 받는 피해 -25%.^reset;\n^red;구역 이탈 후 1분간 모든 회피 -75%, 이동 속도 -20%.^reset;
480	리버워드의 심장
481	''흥미로워. 여기는 위험한 곳이고 나는 실험자다. 평화로운 곳에 사는 대학원생과는 달리, 우리한텐 생명 유지가 필요한 무기가 있다. 어쩌면 위치상의 장점일지도.''\n\n^orange;무기 숙련 +15% | 빗나갈 확률 -50%.^reset;\n^red;마법 무기 사용 불가.^reset;
482	무기 보안 오버라이드 키
483	''내가 매지샷을 쏘아올린 작은 노익이라는 게 멋지지 않나.''\n\n^orange;마법 근접 무기의 염력 베기 요구 수치 -40%.^reset;\n^red;능력 마나 -75%.^reset;
484	마길록 아이언 가드 피스트
485	''완전한 멸종으로부터 그들을 구했다. 사멸해가는 그들을 지켰다. 이제 그들은 협박으로 그들의 거처로 데려간 괴물을 죽일 기회를 바라고 있다.''\n\n^orange;무기 숙련 +15% | 빗나갈 확률 -50%.^reset;\n^red;마법 무기 사용 불가.^reset;
486	무기 보안 오버라이드 키
487	''어둠 속에서 찾았다. 여기서 철수해야 해. 하지만 이 머피의 눈엔 뭔가가 보인다.''\n\n^orange;회피 발동 시 최대 체력의 15% 회복.^reset;
488	동굴 고치
489	''누구를 위해 종은 울리는가: 그 소리는 그대를 위해 울리고 있네.''\n\n^orange;총기류의 숙련도에 따라 최대 체력과 체력 재생이 증가한다.^reset;
490	싸움꾼의 나침반
491	''두려움의 기운. 우리를 지켜내는 건 두려움이 아니다. 더 나은 판단이다.''\n\n^orange;패링 성공 시 전방으로 튀는 별을 생성해 피해를 준다.^reset;
492	별 주머니
493	''그들의 방패는 무엇보다도 시스템 보안군의 결속의 상징이다.''\n\n^orange;방패 방어 효율 +50% | 안정성 +50%.^reset;\n^red;패링 대기 시간 +50%.^reset;
494	방패 반경 강화 장치
495	''근접의 손이 우리를 상대로 휘두르는 걸 멈추기는 어렵다. 하지만 약간의 파편과 산산조각 난 뼈의 향연이면 충분하다.''\n\n^orange;반격 시 인접 적이 10초간 저항을 잃는다.^reset;
496	오점의 구체
497	''진보를 위해 모든 게 합리적이지는 않다.''\n\n^orange;소형 구경 무기의 빗나갈 확률 -30% | 근접 저항 +30%.^reset;\n^red;소형 구경 무기의 피해 -30%.^reset;
498	댐핑 시스템
499	''여기서 죽고 싶진 않아.''\n\n^orange;최대 체력의 50% 미만이 되면: 마나가 10초간 10%/초씩 소모되고, 3초간 근접·탄도 저항 +40%와 패링 능력 회복을 얻는다.^reset;
500	경영인의 장갑
501	''항성을 정복하는 기술이 발전함에 따라, 불타는 전쟁의 혼란 속에서 우리는 네이팜과 질식 가스가 될 발명물을 마주한다.''\n\n^orange;점화 상태이상을 피격 시 발동한다(점화 무기에 적용).^reset;
502	파이로 장갑
503	''내 모습이 두 번 보이면, 이미 죽은 목숨이다.''\n\n^orange;순간 암살 발동 시 쥐 영혼들을 소환해 적들을 교란한다.^reset;\n^red;암살 마나 소모 +50%.^reset;
504	쥐 마스크
505	''죽은 자의 뼈가 무기보다 더 좋다고 배웠는가?''\n\n^orange;처치한 적을 더 약한 스켈레톤으로 소생시킨다. 10초 지속, 두 마리까지 중첩.^reset;
506	쥐 두개골
507	''우리를 지키는 것. 우리를 지켜낼 길은 언제나 거기 있었다. 하지만 유지하긴 힘들다.''\n\n^orange;연막 은폐 상태일 때 적이 급속 부식과 출혈을 받는다.^reset;
508	연막 부적
509	지연 신관 화염병으로 위장한 소형 방패 장치. 모든 게 잘못됐을 때 믿을 만한 방어 수단을 제공한다.\n\n^orange;피해 무적 시간 +0.5초. 방어 시 머리도 보호한다.^reset;
510	일회용 반응장갑 층
511	''예언자. 그 이름의 무게에도 그는 완벽한 기억력이나 불가사의한 지식을 지녔다고 말하지 않았다. 그저 중요한 순간에 올바른 말을 할 수 있는 능력만 갖췄을 뿐이다.''\n\n^orange;특수 근접 공격, 파괴 무기, 수류탄에 의한 피해 +50%.^reset;
512	최종 강타의 고서
513	''사이킥 저항이 약해진 적들을 찾는 가장 확실한 방법은 마법에 노출되는 고통의 정도를 시험하는 것이다. 사악하다고? 감히 말하지 마라, 놈들이 하는 짓에 비하면 아무것도 아니다.''\n\n^orange;인접한 모든 적이 사이킥 저항 -30%.^reset;
514	오컬트 수집기
515	''텅 빈 고문관의 눈은 무생물의 눈동자를 넘어 보이지 않는 그림자를 본다.''\n\n^orange;최대 체력 +15 | 능력 마나 +15%.^reset;
516	사무라이의 오마모리
517	''버려진 경기장에서 발견한 오래된 칼.''\n\n^orange;무기 숙련 +10% | 근접 피해 +20%.^reset;\n^red;마법 무기 사용 불가.^reset;
518	검투사의 반지
519	''모든 생명에는 저항이 있다. 그들이 지닌 힘의 총량이 자신의 운명에 맞서 싸우는 힘을 좌우한다. 저항을 시험하는 건 나약한 자들의 특권이며, 패배할 운명인 자들이 그것을 더 자주 한다.''\n\n^orange;사이킥 저항 +40%.^reset;
520	오컬트 수집기
521	''나는 채색된 양철로 만든 철심이었다. 전쟁이 나를 만들었다. 이제 나는 죽는다. 남는 것이라곤 흙, 피 묻은 주전자, 죽음밖에 없다.''\n\n^orange;착용자의 최대 체력이 50% 미만이 되면: 모든 피해 저항 +30%, 초당 체력 재생 2%.^reset;
522	철심
523	''역사에 기록되지 않은 이름들.''\n\n^orange;착용자의 최대 체력이 50% 미만이 되면: 모든 피해 저항 +30%, 초당 체력 재생 2%.^reset;
524	철심
525	''당신의 자비에 감사한다.\" - 예언자\n\n^orange;콤보 이후 특수 근접 공격을 쓰면 재사용 대기가 갱신된다.^reset;
