category	pak	sourceName	friendlyName	candidateAssets	candidateStrings	basis
content-review	contents_2735634052.pak	nuggubsmegamod	nuggubs' Mega Mod (LEGACY VERSION)	1738	11821	사용자 노출 문자열이 있는 콘텐츠 후보
content-review	-9700_Elithian_contents_850109963.pak	Elithian_Races_Mod	Elithian Races Mod	2150	9757	사용자 노출 문자열이 있는 콘텐츠 후보
content-review	Enternia_contents_2006558650.pak	My Enternia	My Enternia 2.4: Alta Hobbies	1852	8181	사용자 노출 문자열이 있는 콘텐츠 후보
content-review	contents_2359135864.pak	Arcana	Arcana	3261	7684	사용자 노출 문자열이 있는 콘텐츠 후보
content-review	contents_2604255131.pak	precursorracekrakoth	K'Rakoth Mod	968	6469	사용자 노출 문자열이 있는 콘텐츠 후보
content-review	contents_2010607826.pak	XRC_BETA_STARBOUND	^shadow;Betab^#ff0;¤^clear;.^reset,shadow;und!	1630	3992	사용자 노출 문자열이 있는 콘텐츠 후보
content-review	voided_contents_2822921122.pak	Voided	Voided: Expansion Mod (WIP)	777	3852	사용자 노출 문자열이 있는 콘텐츠 후보
content-review	contents_2959854988.pak	plushbound	Plushbound - Plushies, stickers and more!	577	3561	사용자 노출 문자열이 있는 콘텐츠 후보
content-review	ffxiv_viera_contents_732276079.pak	WIP: The Viera of Ivalice	The Viera of Ivalice	634	3505	사용자 노출 문자열이 있는 콘텐츠 후보
content-review	contents_1417364378.pak	ikn_furnishing	WW Furnishing	1703	3495	사용자 노출 문자열이 있는 콘텐츠 후보
content-review	Saturnians_contents_1103027918.pak	saturnians	The Saturnians	598	3048	사용자 노출 문자열이 있는 콘텐츠 후보
content-review	contents_2010883172.pak	Project Knightfall	Project Knightfall	530	2964	사용자 노출 문자열이 있는 콘텐츠 후보
content-review	GIC_Otherworlds_contents_3731148374.pak	GiC_Otherworlds	Galaxy In Conflict: Otherworlds [1.0.2]	1361	2594	사용자 노출 문자열이 있는 콘텐츠 후보
content-review	contents_2957477338.pak	MWHArcanaAddon	[3.4 UPDATE]Voyage: An Arcana Addon	876	2540	사용자 노출 문자열이 있는 콘텐츠 후보
content-review	contents_731549837.pak	More Starbound Critters, Updated!	More Starbound Critters (Updated)	319	2511	사용자 노출 문자열이 있는 콘텐츠 후보
content-review	contents_1396610566.pak	kitsunerace	Kitsune Race	691	2503	사용자 노출 문자열이 있는 콘텐츠 후보
content-review	contents_3117942107.pak	[GIC]The Escalate Expansion	[GIC]The Escalate Expansion	1118	2304	사용자 노출 문자열이 있는 콘텐츠 후보
content-review	RPG_contents_1115920474.pak	RPG_Growth	RPG Growth	597	2129	사용자 노출 문자열이 있는 콘텐츠 후보
content-review	starburst_contents_3025139283.pak	StarburstRework	Starburst Rework	798	1888	사용자 노출 문자열이 있는 콘텐츠 후보
content-review	contents_2468984308.pak	raiizysforge	Raiizy's Forge	713	1809	사용자 노출 문자열이 있는 콘텐츠 후보
content-review	-1000_angel_contents_1686520464.pak	The Angels of Starbound	The Angels of Starbound	345	1780	사용자 노출 문자열이 있는 콘텐츠 후보
content-review	More_Outpost_contents_1635522739.pak	More Outpost Objects	More Outpost Objects	197	1401	사용자 노출 문자열이 있는 콘텐츠 후보
content-review	Felin_contents_729429063.pak	Felins	Felin	161	1158	사용자 노출 문자열이 있는 콘텐츠 후보
content-review	Avali Plus_contents_1636662922.pak	Avali Plus	Avali Plus	177	1156	사용자 노출 문자열이 있는 콘텐츠 후보
content-review	contents_898712767.pak	Avali Objects+	Avali Objects+	157	912	사용자 노출 문자열이 있는 콘텐츠 후보
content-review	Starry_Planets_contents_2157200368.pak	StarryPlanet	Starry Planets	179	910	사용자 노출 문자열이 있는 콘텐츠 후보
content-review	contents_1666272764.pak	Green's Dye Suite	- Green's Dye Suite 1.7 - Super Ultra Matter Update DX Plus Omega Repainted Edition & Knuckles	10	868	사용자 노출 문자열이 있는 콘텐츠 후보
content-review	contents_2070856005.pak	Law Enforcement	Law Enforcement 0.7.3	253	749	사용자 노출 문자열이 있는 콘텐츠 후보
content-review	contents_1987992979.pak	Letheia Expanded	Letheia Expanded	258	595	사용자 노출 문자열이 있는 콘텐츠 후보
content-review	contents_2765094668.pak	CosmicHusbandry	Cosmic Husbandry	137	588	사용자 노출 문자열이 있는 콘텐츠 후보
content-review	contents_2983639797.pak	lofty_irisil	Project Irisil (v1.6.0.4)	129	584	사용자 노출 문자열이 있는 콘텐츠 후보
content-review	contents_2980583814.pak	Galaxy In Conflict - Red Sun Rising Expansion Pack	[GiC] Red Sun Rising Expansion Pack [V2.4]	317	563	사용자 노출 문자열이 있는 콘텐츠 후보
content-review	contents_1627427082.pak	CCR	Critter Capture: Revamped!	286	562	사용자 노출 문자열이 있는 콘텐츠 후보
content-review	contents_2497254778.pak	chaosweapons	Chaos Weapons	152	508	사용자 노출 문자열이 있는 콘텐츠 후보
content-review	Enhanced_Storage_contents_731220462.pak	Enhanced Storage	Enhanced Storage	82	487	사용자 노출 문자열이 있는 콘텐츠 후보
content-review	contents_2611501999.pak	Neki	Neki	113	477	사용자 노출 문자열이 있는 콘텐츠 후보
content-review	contents_2746439524.pak	Arcane Magus - A Starbound Magic Mod	Arcane Magus - A Starbound Magic Mod	114	430	사용자 노출 문자열이 있는 콘텐츠 후보
content-review	contents_2210878914.pak	utopia	Utopia	136	425	사용자 노출 문자열이 있는 콘텐츠 후보
content-review	racetrait_contents_2622273194.pak	OmRaceTraits	Race Traits	343	419	사용자 노출 문자열이 있는 콘텐츠 후보
content-review	contents_1356955138.pak	lucario	Lucario Race	89	404	사용자 노출 문자열이 있는 콘텐츠 후보
content-review	FFS_Dungeons_contents_2124858525.pak	FFS_dungeons	[FFS] Feast of Fire and Smoke: Dungeons and Encounters	163	403	사용자 노출 문자열이 있는 콘텐츠 후보
content-review	contents_1945946369.pak	shattered_alchemy	^#0f0,shadow;Shattered Alchemy!	190	386	사용자 노출 문자열이 있는 콘텐츠 후보
content-review	contents_2983581962.pak	GiC_Weapons_Pack	[GiC 4.0] YveltalZekrom's Extended Lore Friendly Weapons Expansion Pack	163	307	사용자 노출 문자열이 있는 콘텐츠 후보
content-review	contents_3030908648.pak	SuperCityPack	Super City Pack	146	290	사용자 노출 문자열이 있는 콘텐츠 후보
content-review	gic_cyber_contents_3044827572.pak	[GIC]Cyberpunk 2077 Weapon pack	[GIC]Cyberpunk 2077 Weapon pack	146	280	사용자 노출 문자열이 있는 콘텐츠 후보
content-review	contents_779096734.pak	lamia	Lamia Race	52	276	사용자 노출 문자열이 있는 콘텐츠 후보
content-review	Galactic_Dungeons_contents_2009744270.pak	z4galacticdungeons	Galactic Dungeons	30	253	사용자 노출 문자열이 있는 콘텐츠 후보
content-review	om_Divine_Planet_contents_2548371664.pak	OmDivinePlanet	Divine Planet	37	250	사용자 노출 문자열이 있는 콘텐츠 후보
content-review	contents_1199608652.pak	Aging Alien Alcohols	Aging Alien Alcohols	135	245	사용자 노출 문자열이 있는 콘텐츠 후보
content-review	More_Teleportz_contents_1543782525.pak	More Teleportz	More Teleportz	26	233	사용자 노출 문자열이 있는 콘텐츠 후보
content-review	Project_45_contents_3117517322.pak	aikiro42-project45	Project 45 (BETA)	103	231	사용자 노출 문자열이 있는 콘텐츠 후보
content-review	mayhem_contents_3374288336.pak	bl3mayhemmode	Borderlands 3 Mayhem Mode	71	223	사용자 노출 문자열이 있는 콘텐츠 후보
content-review	contents_2992799707.pak	U.S.C.M. Alt. Progression Mod	U.S.C.M. Alt. Progression Mod	102	211	사용자 노출 문자열이 있는 콘텐츠 후보
content-review	contents_735909966.pak	Mini Village	Mini Village	23	200	사용자 노출 문자열이 있는 콘텐츠 후보
content-review	FFS--Rylasasin Edition_contents_2312074020.pak	FFSE---Expanded weapons for FFS	FFSE---Expanded weapons for FFS--Rylasasin Edition	71	199	사용자 노출 문자열이 있는 콘텐츠 후보
content-review	contents_1300828186.pak	PlayableCatsRedux	Playable Cats Redux - The Tiknass'uut	45	195	사용자 노출 문자열이 있는 콘텐츠 후보
content-review	contents_907927613.pak	Food Processor	Food Processor	67	190	사용자 노출 문자열이 있는 콘텐츠 후보
content-review	contents_2468903056.pak	AnomsOutpostOverhual	Anom's Outpost Overhaul	30	168	사용자 노출 문자열이 있는 콘텐츠 후보
content-review	contents_2979732554.pak	[GIC] Black Ops	[GIC] Black Ops	82	168	사용자 노출 문자열이 있는 콘텐츠 후보
content-review	contents_1102394541.pak	Shuttlecraft	Customizable Shuttlecraft	15	155	사용자 노출 문자열이 있는 콘텐츠 후보
content-review	contents_2167914507.pak	bossesgateshop	Bosses Gateshop	24	154	사용자 노출 문자열이 있는 콘텐츠 후보
content-review	contents_2593744603.pak	Peacekeeper's Arsenal (Abandoned)	Peacekeeper's Arsenal (Abandoned)	71	140	사용자 노출 문자열이 있는 콘텐츠 후보
content-review	contents_2022935092.pak	HellishPlanet	Hellish Planet	37	139	사용자 노출 문자열이 있는 콘텐츠 후보
content-review	contents_3095436865.pak	NekiStorage	NekiStorage	22	132	사용자 노출 문자열이 있는 콘텐츠 후보
content-review	contents_2885561253.pak	monsterDex	MonsterDex	124	126	사용자 노출 문자열이 있는 콘텐츠 후보
content-review	starvisuals_contents_3322797618.pak	Starvisuals	Starvisuals	111	126	사용자 노출 문자열이 있는 콘텐츠 후보
content-review	contents_1636723841.pak	Aging Alien Alcohol Addon	Aging Alien Alcohol Addon	58	125	사용자 노출 문자열이 있는 콘텐츠 후보
content-review	contents_3111667255.pak	Pixel Equipment 2	Pixel Equipment Reloaded	29	125	사용자 노출 문자열이 있는 콘텐츠 후보
content-review	contents_1501869759.pak	I'd Like To Sit Here	I'd Like To Sit Here	13	116	사용자 노출 문자열이 있는 콘텐츠 후보
content-review	contents_2173629563.pak	Adventurer's Addons	Adventurer’s Addons: Loot, Treasure, and Equipment Expanded!	55	115	사용자 노출 문자열이 있는 콘텐츠 후보
content-review	contents_2916463190.pak	gic_automation	[GIC]Storage Convenience Addon	40	115	사용자 노출 문자열이 있는 콘텐츠 후보
content-review	contents_3037236777.pak	macrochip	^darkcyan;Macrochip ^reset;2in1	28	114	사용자 노출 문자열이 있는 콘텐츠 후보
content-review	More_Planet_Info_contents_1117007107.pak	MorePlanetInfo	More Planet Info	1	112	사용자 노출 문자열이 있는 콘텐츠 후보
content-review	contents_1568971442.pak	vanillatreecrops	Vanilla Tree Crops	13	111	사용자 노출 문자열이 있는 콘텐츠 후보
content-review	contents_731465268.pak	Enhanced Matter Manipulator	Enhanced Matter Manipulator	3	104	사용자 노출 문자열이 있는 콘텐츠 후보
content-review	contents_1566201532.pak	futreecrops	FU Tree Crops	12	102	사용자 노출 문자열이 있는 콘텐츠 후보
content-review	contents_2177711780.pak	The Ironsides	The Ironsides	49	101	사용자 노출 문자열이 있는 콘텐츠 후보
content-review	FU_Tweaked_Story_contents_3157772971.pak	FUTweakedStory	Frackin' Universe Tweaked Story	53	97	사용자 노출 문자열이 있는 콘텐츠 후보
content-review	contents_746884345.pak	az-expandedmagnorbs	Expanded Magnorbs	26	94	사용자 노출 문자열이 있는 콘텐츠 후보
content-review	contents_2704778060.pak	neo+	Neo+	28	93	사용자 노출 문자열이 있는 콘텐츠 후보
content-review	contents_1178310549.pak	TimelessAnimals	Timeless Animals	17	87	사용자 노출 문자열이 있는 콘텐츠 후보
content-review	contents_1277619409.pak	Bluedrop's Feline Friends	Bluedrop's Feline Friends	15	85	사용자 노출 문자열이 있는 콘텐츠 후보
content-review	contents_1938886559.pak	craftableseeds	Craftable Seeds NEW	33	85	사용자 노출 문자열이 있는 콘텐츠 후보
content-review	contents_2835491179.pak	More Canned Food	More Canned Food!	40	84	사용자 노출 문자열이 있는 콘텐츠 후보
content-review	contents_2835549767.pak	More Canned Food FU	More Canned Food! [FU Version]	40	84	사용자 노출 문자열이 있는 콘텐츠 후보
content-review	contents_2740611866.pak	Funny Weapons	Funny Weapons	46	83	사용자 노출 문자열이 있는 콘텐츠 후보
content-review	contents_1371648124.pak	mkiotntworkshop	MkioTNT Workshop	36	81	사용자 노출 문자열이 있는 콘텐츠 후보
content-review	contents_2958989874.pak	Nebulox_CityScaper	CityScaper 2.0 - Building Made Easy!	5	78	사용자 노출 문자열이 있는 콘텐츠 후보
content-review	999990101_Ruincalboss_contents_2912289180.pak	Ruincalboss	Ruin Overhaul	21	77	사용자 노출 문자열이 있는 콘텐츠 후보
content-review	contents_946227505.pak	DigitalStorage	DigitalStorage	32	77	사용자 노출 문자열이 있는 콘텐츠 후보
content-review	contents_2548423095.pak	Detailed Ship Encounters	Detailed Ship Encounters	1	74	사용자 노출 문자열이 있는 콘텐츠 후보
content-review	contents_943636021.pak	aichip_avian	S.A.I.L. chip - A.V.I.A.N.	8	73	사용자 노출 문자열이 있는 콘텐츠 후보
content-review	contents_2973603646.pak	Underground Spider Nest	Underground Spider Nest - Updated	13	70	사용자 노출 문자열이 있는 콘텐츠 후보
content-review	-7000_EEs_contents_1790667104.pak	EES	EE for Starbound	20	68	사용자 노출 문자열이 있는 콘텐츠 후보
content-review	contents_2659254416.pak	OmFalseHarpyRace	False Harpies Race	17	68	사용자 노출 문자열이 있는 콘텐츠 후보
content-review	contents_773691656.pak	blueprintcrafting	Blueprint crafting	30	68	사용자 노출 문자열이 있는 콘텐츠 후보
content-review	contents_3293271257.pak	techRework	TR [1.0: Content Update]	36	64	사용자 노출 문자열이 있는 콘텐츠 후보
content-review	contents_2773001691.pak	IWantThoseClothesToo	I Want Those Clothes Too	7	62	사용자 노출 문자열이 있는 콘텐츠 후보
content-review	contents_2834085966.pak	FFS_VanillaDungeonNonReplacer	[FFS] Dungeons and Encounters: FFS-Ified Vanilla Dungeons (Non-Replacer)	10	60	사용자 노출 문자열이 있는 콘텐츠 후보
content-review	contents_2172987468.pak	RoundtablesAndAMonitor	Round Tables and a Monitor 	6	54	사용자 노출 문자열이 있는 콘텐츠 후보
content-review	contents_2960006717.pak	Lit Tents	Lit Tents	6	54	사용자 노출 문자열이 있는 콘텐츠 후보
content-review	contents_2900206734.pak	Fox Hime Moli 2	Fox Hime Moli 2 [v2.4.1]	24	53	사용자 노출 문자열이 있는 콘텐츠 후보
content-review	contents_947429656.pak	scriptedail	Scripted Artificial Intelligence Lattice (Customisable A.I.!)	20	53	사용자 노출 문자열이 있는 콘텐츠 후보
content-review	contents_3219773602.pak	Deremas SAIL chip	Deremas SAIL chip	4	52	사용자 노출 문자열이 있는 콘텐츠 후보
content-review	contents_895140470.pak	NpcSpawnerPlus	NpcSpawner+	9	50	사용자 노출 문자열이 있는 콘텐츠 후보
content-review	contents_2193593073.pak	sakuraitemsanobjects	Sakura Objects	21	48	사용자 노출 문자열이 있는 콘텐츠 후보
content-review	contents_2608061089.pak	antr_playerVoice	^#cc9582;Player Voice^reset;	45	45	사용자 노출 문자열이 있는 콘텐츠 후보
content-review	contents_3289772696.pak	nnmm_starsuits	Starsuits! (Remastered+ Edition)	6	43	사용자 노출 문자열이 있는 콘텐츠 후보
content-review	Bookstore_contents_1108897518.pak	bookstore	The Bookstore	11	41	사용자 노출 문자열이 있는 콘텐츠 후보
content-review	contents_2582440502.pak	OmGrasslandPlanet	Grassland Planet	5	37	사용자 노출 문자열이 있는 콘텐츠 후보
content-review	Lottery_contents_1131927758.pak	The Lottery!	The Lottery!	12	37	사용자 노출 문자열이 있는 콘텐츠 후보
content-review	contents_1807455828.pak	bedsForTwo	Beds for Two	4	36	사용자 노출 문자열이 있는 콘텐츠 후보
content-review	contents_958539829.pak	xsmm_weapons	XS Mechs : Modular Weapons+ Pack	18	36	사용자 노출 문자열이 있는 콘텐츠 후보
content-review	Cruise_contents_1660547150.pak	The Essential Galactic Cruise	The Essential Galactic Cruise	14	36	사용자 노출 문자열이 있는 콘텐츠 후보
content-review	contents_2149802085.pak	winterbraid's Planetary Clocks: Rewound!	winterbraid's Planetary Clocks: Rewound!	4	35	사용자 노출 문자열이 있는 콘텐츠 후보
content-review	contents_733212338.pak	Usable Hylotl Bookcases	Usable Hylotl Bookcases	4	35	사용자 노출 문자열이 있는 콘텐츠 후보
content-review	ffXIV_Furniture_contents_2294792156.pak	ffxivfurniture	Final Fantasy XIV Furniture	4	35	사용자 노출 문자열이 있는 콘텐츠 후보
content-review	LR_dynamic_contents_3400223391.pak	lr_dynamicequipment	LR's Dynamic Equipment	15	35	사용자 노출 문자열이 있는 콘텐츠 후보
content-review	contents_1390490083.pak	morenpcships	More NPC Ships	3	34	사용자 노출 문자열이 있는 콘텐츠 후보
content-review	contents_2661670128.pak	novakidquest	Novakid Quest Mod	15	34	사용자 노출 문자열이 있는 콘텐츠 후보
content-review	contents_3269792617.pak	fl_planetsearch	Planet Search	1	34	사용자 노출 문자열이 있는 콘텐츠 후보
content-review	contents_3301329391.pak	meido	Maid NPCs	3	33	사용자 노출 문자열이 있는 콘텐츠 후보
content-review	contents_1974816168.pak	RedoneEncounters	Redone Ship Encounters - Names, Icons, Descriptions, and Horizons	1	32	사용자 노출 문자열이 있는 콘텐츠 후보
content-review	contents_3310130960.pak	NonEKI-AI-Chip-Addon	S.A.I.L. chip - N.E.K.I.	2	27	사용자 노출 문자열이 있는 콘텐츠 후보
content-review	contents_1788644520.pak	xs_crumex	NPC Mechs	5	26	사용자 노출 문자열이 있는 콘텐츠 후보
content-review	contents_945707062.pak	XS Mechs : Modular Edition (BETA)	XS Mechs : Modular Edition (BETA)	13	26	사용자 노출 문자열이 있는 콘텐츠 후보
content-review	contents_736061228.pak	MeatMaker	Meat Maker - Boneboo to All Raw Meats	6	25	사용자 노출 문자열이 있는 콘텐츠 후보
content-review	contents_2632319634.pak	NekiFU	NekiFU	22	24	사용자 노출 문자열이 있는 콘텐츠 후보
content-review	contents_2698975190.pak	outbackkit	The Forge: Outback Survival Kit	10	24	사용자 노출 문자열이 있는 콘텐츠 후보
content-review	contents_3383344702.pak	Relics of Revengence - Solus Song	Relics of Revengence - Solus Song	5	23	사용자 노출 문자열이 있는 콘텐츠 후보
content-review	contents_735253889.pak	joboffers	Job Offers	12	23	사용자 노출 문자열이 있는 콘텐츠 후보
content-review	contents_838356389.pak	tenantPack	Tenant Pack	15	23	사용자 노출 문자열이 있는 콘텐츠 후보
content-review	contents_3142820233.pak	Blue Archive Bunny chaser	[Blue Archive] Bunny Chaser Costume	11	22	사용자 노출 문자열이 있는 콘텐츠 후보
content-review	contents_2942998673.pak	Neb_Narthex	Narthex: A Flying Bloodsword	9	21	사용자 노출 문자열이 있는 콘텐츠 후보
content-review	contents_2520304930.pak	Void's Set	Void's Set	10	19	사용자 노출 문자열이 있는 콘텐츠 후보
content-review	contents_3255373921.pak	CommunityClothingGathering	Community Clothing Gathering	3	19	사용자 노출 문자열이 있는 콘텐츠 후보
content-review	contents_2002853135.pak	Avali Solar Panels	Avali Solar Panels for FU!	3	18	사용자 노출 문자열이 있는 콘텐츠 후보
content-review	contents_2781791650.pak	cmdr_eevee	Wild Eevees And Kanto Evolutions	9	17	사용자 노출 문자열이 있는 콘텐츠 후보
content-review	contents_3242163103.pak	nmm_vttp	nuggubs' Vanilla Texture Tweak Pack	5	17	사용자 노출 문자열이 있는 콘텐츠 후보
content-review	contents_1741562203.pak	Ancient Infuser	Ancient Infuser	2	16	사용자 노출 문자열이 있는 콘텐츠 후보
content-review	contents_2919830263.pak	DigitalCrafting	DigitalCrafting	3	16	사용자 노출 문자열이 있는 콘텐츠 후보
content-review	contents_1608905076.pak	FREX	[FREX] I'll Frack Your Races Expansion (Pseudo-Maintained)	15	15	사용자 노출 문자열이 있는 콘텐츠 후보
content-review	contents_1628020624.pak	Skittle's Mega Crafter	Skittle's Mega Crafter	2	15	사용자 노출 문자열이 있는 콘텐츠 후보
content-review	contents_2593214277.pak	Pokemon Outfits Gen 1	Pokemon Outfits Gen 1	4	15	사용자 노출 문자열이 있는 콘텐츠 후보
content-review	contents_2918996204.pak	Blue archive cosmetic[Halo mod]	Blue Archive Cosmetic	2	15	사용자 노출 문자열이 있는 콘텐츠 후보
content-review	contents_2774848292.pak	interactivecrew	Corbent's Interactive Crew	11	14	사용자 노출 문자열이 있는 콘텐츠 후보
content-review	mecharmor_contents_3385421174.pak	mecharmormitigation	Mech are made of ARMOR	7	14	사용자 노출 문자열이 있는 콘텐츠 후보
content-review	contents_1258008544.pak	applestorage	Backpacks	4	13	사용자 노출 문자열이 있는 콘텐츠 후보
content-review	contents_2858362793.pak	project42	Project 42	10	13	사용자 노출 문자열이 있는 콘텐츠 후보
content-review	contents_2916902416.pak	Nebulox_Echo_Relics_Of_Revengeance	Relics of Revengeance	4	13	사용자 노출 문자열이 있는 콘텐츠 후보
content-review	contents_2977384255.pak	Bruce's Compact Arsenal	Bruce's Compact Arsenal	8	13	사용자 노출 문자열이 있는 콘텐츠 후보
content-review	contents_1386367471.pak	Cute Japanese Girl as Your AI! 2.0	NicoleAI	3	12	사용자 노출 문자열이 있는 콘텐츠 후보
content-review	contents_2957136802.pak	pat_QuickbarClassic	Classic Quickbar	4	12	사용자 노출 문자열이 있는 콘텐츠 후보
content-review	content_823008631.pak	Character Creation Extender 100	CCExt100	1	11	사용자 노출 문자열이 있는 콘텐츠 후보
content-review	contents_1145193933.pak	Play as NPCs	Play as NPCs	1	11	사용자 노출 문자열이 있는 콘텐츠 후보
content-review	contents_1327702382.pak	Maid n Butler Outfits	Maid n Butler Outfits	1	11	사용자 노출 문자열이 있는 콘텐츠 후보
content-review	contents_1523349276.pak	Ette Set	Ette Set	1	11	사용자 노출 문자열이 있는 콘텐츠 후보
content-review	contents_1538589010.pak	[Dragon Maid] Tohru's Outfit	[Dragon Maid] Tohru's Outfit	1	11	사용자 노출 문자열이 있는 콘텐츠 후보
content-review	contents_1700512569.pak	My Lil Mermaid Pack	My Lil Mermaid Pack	1	11	사용자 노출 문자열이 있는 콘텐츠 후보
content-review	contents_1722987773.pak	Dresses n Skirts Pack	Dresses n Skirts Pack	1	11	사용자 노출 문자열이 있는 콘텐츠 후보
content-review	contents_1764356080.pak	Wooloo Fluffalo Varient	Wooloo Fluffalo Varient	2	11	사용자 노출 문자열이 있는 콘텐츠 후보
content-review	contents_1802500596.pak	tagsstation	Tags Scanning Station	2	11	사용자 노출 문자열이 있는 콘텐츠 후보
content-review	contents_1857537129.pak	Suits n Stuff Pack	Suits n Stuff Pack	1	11	사용자 노출 문자열이 있는 콘텐츠 후보
content-review	contents_931757634.pak	CraftableConcoctions	Craftable Concoctions	4	11	사용자 노출 문자열이 있는 콘텐츠 후보
content-review	lagless_printer_contents_3003880924.pak	XRC_PIXELPRINTER	Lagless Pixel Printer!	2	11	사용자 노출 문자열이 있는 콘텐츠 후보
content-review	contents_1114277962.pak	OutpostShuttlecraft	Outpost Shuttlecraft	1	10	사용자 노출 문자열이 있는 콘텐츠 후보
content-review	contents_2643364844.pak	NPC Controller	NPC Controller	5	10	사용자 노출 문자열이 있는 콘텐츠 후보
content-review	contents_943659349.pak	aichip_ene	S.A.I.L. chip - Enomoto / Takane Ene	1	10	사용자 노출 문자열이 있는 콘텐츠 후보
content-review	contents_1529649528.pak	vanguardblade	The Forge: Vanguard's Pride	2	9	사용자 노출 문자열이 있는 콘텐츠 후보
content-review	contents_2018183533.pak	rb_base	Recipe Browser	2	9	사용자 노출 문자열이 있는 콘텐츠 후보
content-review	contents_2170995740.pak	Neb_Tormentor	Tormentor	4	9	사용자 노출 문자열이 있는 콘텐츠 후보
content-review	contents_3118274689.pak	eggmech	The Eggmobile MKI and II!!!	5	9	사용자 노출 문자열이 있는 콘텐츠 후보
content-review	contents_733968776.pak	New Farmables: Hemp for Plant Fibre	New Farmables: Hemp for Plant Fibre	1	9	사용자 노출 문자열이 있는 콘텐츠 후보
content-review	contents_973424307.pak	Crafted 'Stable' Challenge Portal	"Crafted ""Stable"" Challenge Portal"	1	9	사용자 노출 문자열이 있는 콘텐츠 후보
content-review	useapexpod_v1.6_860578021.pak	Interactable Apex Pod		1	9	사용자 노출 문자열이 있는 콘텐츠 후보
content-review	contents_2433914920.pak	WingedFlight	Universal Winged Flight Tech	4	8	사용자 노출 문자열이 있는 콘텐츠 후보
content-review	bd_player_bar_contents_2437888263.pak	player_bl3healthbars	Custom Player Health Bar	3	7	사용자 노출 문자열이 있는 콘텐츠 후보
content-review	contents_1469379049.pak	Craftable Green Apple and Orange saplings in Seed Maker	Craftable Green Apple and Orange saplings in Seed Maker	5	7	사용자 노출 문자열이 있는 콘텐츠 후보
content-review	contents_2388120601.pak	Even Less Dead Moons	Even Less Dead Moons	4	7	사용자 노출 문자열이 있는 콘텐츠 후보
content-review	contents_943794573.pak	aichip_giffany	S.A.I.L. chip - Giffany AI	1	7	사용자 노출 문자열이 있는 콘텐츠 후보
content-review	contents_1733089348.pak	eStyleMonsters	eStyleMonsters - Globaura	6	6	사용자 노출 문자열이 있는 콘텐츠 후보
content-review	contents_3062232953.pak	BookOfSpirits-ElithianRaces	Book Of Spirits - Elithian Races	6	6	사용자 노출 문자열이 있는 콘텐츠 후보
content-review	contents_882900100.pak	bk3k_inventory	bk3k's Inventory	1	6	사용자 노출 문자열이 있는 콘텐츠 후보
content-review	contents_1335123569.pak	Aether Book Creator	Aetheric Book Creator	2	5	사용자 노출 문자열이 있는 콘텐츠 후보
content-review	contents_2601606862.pak	rentek_armorAdapt	Armor Adapt	3	5	사용자 노출 문자열이 있는 콘텐츠 후보
content-review	contents_2844996935.pak	XRC_OMNICRAFTER	Omnicrafter!	3	5	사용자 노출 문자열이 있는 콘텐츠 후보
content-review	contents_729426722.pak	xbawks	Xbawks Character Extender	1	5	사용자 노출 문자열이 있는 콘텐츠 후보
content-review	contents_731354142.pak	Improved Food Descriptions	Improved Food Descriptions	1	5	사용자 노출 문자열이 있는 콘텐츠 후보
content-review	contents_1142579300.pak	carpettool	Carpet Tool	2	4	사용자 노출 문자열이 있는 콘텐츠 후보
content-review	contents_1394106904.pak	Solara, The Novakid Energy Sword	Solara, The Novakid Energy Sword	2	4	사용자 노출 문자열이 있는 콘텐츠 후보
content-review	contents_2375270402.pak	Zarra_FUElithianShips	Frackin' Universe - Elithian BYOS Ships	1	4	사용자 노출 문자열이 있는 콘텐츠 후보
content-review	contents_2510413988.pak	NihilSaturniansUniversalFlightIntegration	(FU) Saturnians Universal Winged Flight Integration	2	4	사용자 노출 문자열이 있는 콘텐츠 후보
content-review	contents_3036699000.pak	HoloRuler	Holographic Ruler 2in1	2	4	사용자 노출 문자열이 있는 콘텐츠 후보
content-review	contents_3149193954.pak	QuickStackGun	Quick Stack Gun	3	4	사용자 노출 문자열이 있는 콘텐츠 후보
content-review	contents_853665529.pak	Bigger Action Bar(20 slots)	Bigger Action Bar(20 slots)	1	4	사용자 노출 문자열이 있는 콘텐츠 후보
content-review	Place_Blocks_Anywhere_contents_2123363543.pak	xrc_blocksinair	Place Blocks In The Air	2	4	사용자 노출 문자열이 있는 콘텐츠 후보
content-review	contents_1508762885.pak	Powers of Ruin	Powers of Ruin	2	3	사용자 노출 문자열이 있는 콘텐츠 후보
content-review	contents_2740063170.pak	Mechineki	Mechineki	3	3	사용자 노출 문자열이 있는 콘텐츠 후보
content-review	contents_2931114055.pak	RPG_Growth_MultiProf	Professions Memory for RPG Growth	1	3	사용자 노출 문자열이 있는 콘텐츠 후보
content-review	contents_742434873.pak	Citybound	Citybound	2	3	사용자 노출 문자열이 있는 콘텐츠 후보
content-review	mechdata_contents_3386957026.pak	mechdetailedstats	Mech Detallist	2	3	사용자 노출 문자열이 있는 콘텐츠 후보
content-review	contents_1612579544.pak	Give the avian oculemonade	Give the avian oculemonade	1	2	사용자 노출 문자열이 있는 콘텐츠 후보
content-review	contents_1841301309.pak	Emergency Teleporter	Emergency Teleporter	1	2	사용자 노출 문자열이 있는 콘텐츠 후보
content-review	contents_1886984497.pak	Balloon	Hot Air Balloon	1	2	사용자 노출 문자열이 있는 콘텐츠 후보
content-review	contents_2283501469.pak	XRC_ITEMNAMES	Show Item Names!	2	2	사용자 노출 문자열이 있는 콘텐츠 후보
content-review	contents_2375908302.pak		[FU] Default Recipe UNLOCKER!	1	2	사용자 노출 문자열이 있는 콘텐츠 후보
content-review	contents_2601315924.pak	XRC_dietaryaid	Dietary Aid!	1	2	사용자 노출 문자열이 있는 콘텐츠 후보
content-review	contents_2645627882.pak	Alcoholic Poptops	Alcoholic Poptops	1	2	사용자 노출 문자열이 있는 콘텐츠 후보
content-review	contents_2811708018.pak	Pet Collars Plus	Pet Collars Plus	1	2	사용자 노출 문자열이 있는 콘텐츠 후보
content-review	contents_2848049388.pak	pat_techloadouts	Tech Loadouts	2	2	사용자 노출 문자열이 있는 콘텐츠 후보
content-review	contents_2977650123.pak	WMITF	What mod is this from?	1	2	사용자 노출 문자열이 있는 콘텐츠 후보
content-review	contents_2979678524.pak	SDP	Super Dungeon Pack	1	2	사용자 노출 문자열이 있는 콘텐츠 후보
content-review	contents_3034913399.pak	XRC_UPGRADEMODULESFORSPACESTATIONS	Station Upgrade Modules!	1	2	사용자 노출 문자열이 있는 콘텐츠 후보
content-review	contents_3165005488.pak	MPI Neki	More Planet Info- Neki Race Addon	1	2	사용자 노출 문자열이 있는 콘텐츠 후보
content-review	contents_3204590896.pak	MPI Woof	More Planet Info- Woof Race Addon	1	2	사용자 노출 문자열이 있는 콘텐츠 후보
content-review	contents_3321953346.pak	frackinColander	[FU] Pastafarian Crown of the Idiot	1	2	사용자 노출 문자열이 있는 콘텐츠 후보
content-review	contents_742893572.pak	Hover Wheelchair	Hover Wheelchair	1	2	사용자 노출 문자열이 있는 콘텐츠 후보
content-review	contents_943651005.pak	aichip_dragon	S.A.I.L. chip - Draconis	1	2	사용자 노출 문자열이 있는 콘텐츠 후보
content-review	contents_943655618.pak	aichip_felin	S.A.I.L. chip - Felin	1	2	사용자 노출 문자열이 있는 콘텐츠 후보
content-review	contents_943657010.pak	aichip_redrabbit	S.A.I.L. chip - Red_Rabbit	1	2	사용자 노출 문자열이 있는 콘텐츠 후보
content-review	contents_943658087.pak	aichip_rem	S.A.I.L. chip - R.E.M.	1	2	사용자 노출 문자열이 있는 콘텐츠 후보
content-review	contents_943792285.pak	aichip_servalchan	S.A.I.L. chip - Servalchan	1	2	사용자 노출 문자열이 있는 콘텐츠 후보
content-review	contents_943793477.pak	aichip_ordis	S.A.I.L. chip - Ordis AI Replacement	1	2	사용자 노출 문자열이 있는 콘텐츠 후보
content-review	contents_1645857629.pak	Erchius Dark Reskin	Erchius Dark Reskin	1	1	사용자 노출 문자열이 있는 콘텐츠 후보
content-review	contents_1772846135.pak	CuterNightars	Cuter Nightars	1	1	사용자 노출 문자열이 있는 콘텐츠 후보
content-review	contents_1774272492.pak	JSSSewerMonsters	Cut Content - Sewer Monsters	1	1	사용자 노출 문자열이 있는 콘텐츠 후보
content-review	contents_2187004982.pak	cutebound_felins_kemonomimi	Feb's Cuter Felins - Kemonomimi Version	1	1	사용자 노출 문자열이 있는 콘텐츠 후보
content-review	contents_2380700372.pak	LessDeadMoons	Less Dead Moons - Moon Dungeons	1	1	사용자 노출 문자열이 있는 콘텐츠 후보
content-review	contents_2797892339.pak	AlphaBattle	Alpha Battle	1	1	사용자 노출 문자열이 있는 콘텐츠 후보
content-review	contents_2820349130.pak	Eat While Well Fed	Eat While Well Fed	1	1	사용자 노출 문자열이 있는 콘텐츠 후보
content-review	contents_2855692046.pak	XRC_AUTOLOOTER	Autolooter!	1	1	사용자 노출 문자열이 있는 콘텐츠 후보
content-review	contents_2921688761.pak	SyncsSpectacularShipsTrashedGreenhouse	Syncs Spectacular Ships: Trashed Greenhouse	1	1	사용자 노출 문자열이 있는 콘텐츠 후보
content-review	contents_2983327908.pak	FrackinConfigureMMQuickbarIcon	Frackin' Configure MM Quickbar Icon	1	1	사용자 노출 문자열이 있는 콘텐츠 후보
content-review	contents_3088086087.pak	RandomNPCDialogue	Immersive NPC Dialogue	1	1	사용자 노출 문자열이 있는 콘텐츠 후보
content-review	contents_3093874669.pak	Pikachu_CityScaper_AlcoholicPoptops_Addon	CityScaper - Alcoholic Poptops Addon	1	1	사용자 노출 문자열이 있는 콘텐츠 후보
content-review	contents_3193965118.pak	Give the avian oculemonade - a small adjustment	Give the avian oculemonade - a small adjustment	1	1	사용자 노출 문자열이 있는 콘텐츠 후보
content-review	contents_3373211265.pak	kyt_rpghunger	^yellow;RPG Growth^reset; - ^red;Hunger Drain ^reset;At ^cyan;20 Vitality!^reset;	1	1	사용자 노출 문자열이 있는 콘텐츠 후보
content-review	contents_735568821.pak	JTE_Hunger	Don't Annoy Me Hunger Overhaul	1	1	사용자 노출 문자열이 있는 콘텐츠 후보
content-review	contents_851781339.pak	Make the Lamia a cuter race	Make the Lamia a cuter race	1	1	사용자 노출 문자열이 있는 콘텐츠 후보
content-review	Enhanced_Elemental_Effects_contents_3011438445.pak	enhancedelementalstatuseffects	Enhanced Elemental Effects	1	1	사용자 노출 문자열이 있는 콘텐츠 후보
content-review	StardustLibPost.pak	StardustLibPost	Stardust Core Postload Module	1	1	사용자 노출 문자열이 있는 콘텐츠 후보
defer-adult-assets	sxb_TTPPv2.pak	Titillating Tentacle Porn Pack	TTPP	1322	4246	Sexbound/성인 장면 계열 우선순위 제외
defer-adult-assets	sexbound-reborn-1.2_r3h2.pak	lox_sexbound	Sexbound Reborn	340	2087	Sexbound/성인 장면 계열 우선순위 제외
defer-adult-assets	997_sxb_Lustlings_1.2.9_clean.pak	Lustling Race Traits Update	Big Bounceing Boobies	216	1269	Sexbound/성인 장면 계열 우선순위 제외
defer-adult-assets	101_sxb_sexbound_cb.pak	sexbound_cb	Sexbound - CritterBang!	349	709	Sexbound/성인 장면 계열 우선순위 제외
defer-adult-assets	211_sxb_lustbound_omnibrowser.pak	lustbound_omnibrowser	Lustbound: Omnibrowser Addon	31	388	Sexbound/성인 장면 계열 우선순위 제외
defer-adult-assets	25_sxb_CleanMattresses.pak	CleanMattresses	CleanMattress	21	181	Sexbound/성인 장면 계열 우선순위 제외
defer-adult-assets	99_sxb_brothel.pak	sx_brothel	Sexbound - Brothel	35	141	Sexbound/성인 장면 계열 우선순위 제외
defer-adult-assets	20_sxb_Lewdbound_0.7.0_compat.pak	Lewdbound	Lewdbound	65	131	Sexbound/성인 장면 계열 우선순위 제외
defer-adult-assets	-60_sxb_Lox_AphroditesBow.pak	Lox_AphroditesBow	[SxB] Aphrodite's Bow	26	114	Sexbound/성인 장면 계열 우선순위 제외
defer-adult-assets	SxB - Teratophilia 0.4.8.pak	sexbound_terato	Sexbound - Teratophilia	46	92	Sexbound/성인 장면 계열 우선순위 제외
defer-adult-assets	101_sxb_TTPP_MPI_patch.pak	TTPP_MPI_patch	TTPP - More Planet Info patch	1	40	Sexbound/성인 장면 계열 우선순위 제외
defer-adult-assets	sxbEBsTerramonsRework1.1.4.pak	sexbound_ebterramons	EB's Terramons Rework of BlakeTheFlareon's Terramons	8	31	Sexbound/성인 장면 계열 우선순위 제외
defer-adult-assets	210_sxb_lustbound_aphroditesbow.pak	lustbound_aphroditesbow	Lustbound: Aphrodite's Bow Addon	13	27	Sexbound/성인 장면 계열 우선순위 제외
defer-adult-assets	220_sxb_lustbound_globaura.pak	lustbound_globaura	Lustbound: Globaura Patch	1	24	Sexbound/성인 장면 계열 우선순위 제외
defer-adult-assets	10_sxb_lox_gofuckyourself.pak	lox_gofuckyourself	[SxB] Go Fuck Yourself Properly	2	20	Sexbound/성인 장면 계열 우선순위 제외
defer-adult-assets	100_sxb_sexbound_sexobject_felinholo.pak	sexbound_sexobject_felinholo	Sexbound: Frisky Felin 2.0	2	18	Sexbound/성인 장면 계열 우선순위 제외
defer-adult-assets	-1_sxb_Lox_OmniBrowser.pak	Lox_OmniBrowser	OmniBrowser	4	17	Sexbound/성인 장면 계열 우선순위 제외
defer-adult-assets	-1_sxb_lovelywhipsname.pak	lovelywhipsname	lovelywhipsfriendlyName	8	16	Sexbound/성인 장면 계열 우선순위 제외
defer-adult-assets	0_sxb_lox_statueofdibella.pak	lox_statueofdibella	[Sxb] Statue of Dibella	1	9	Sexbound/성인 장면 계열 우선순위 제외
defer-adult-assets	39827_sxb_LewdFluidDesc.pak	LewdFluidDesc	Lewd Fluid Descriptions	9	9	Sexbound/성인 장면 계열 우선순위 제외
defer-adult-assets	10_sxb_Lox_Maid4U.pak	Lox_Maid4U	Maid4U	2	4	Sexbound/성인 장면 계열 우선순위 제외
defer-adult-assets	100_sxb_fuchsia_returns.pak	fuchsia_returns	Fuchsia Returns	2	2	Sexbound/성인 장면 계열 우선순위 제외
defer-adult-assets	211_sxb_lustbound_omnibrowser_unclog.pak	lustbound_omnibrowser_unclog	Lustbound: Omnibrowser Addon Unclogger	1	2	Sexbound/성인 장면 계열 우선순위 제외
defer-adult-assets	322_SxB_MimicSupport.pak	SxB_MimicSupport	SexBound - TTPP's Mimic Support	1	2	Sexbound/성인 장면 계열 우선순위 제외
defer-adult-assets	sxb_TTPPv27MR.pak	TTPPv27 Mimic Rework	Mimic Rework	1	2	Sexbound/성인 장면 계열 우선순위 제외
defer-technical	FFS_Dungeon_Tweaks_contents_2834081743.pak	FFS_contributions	[FFS] Feast of Fire and Smoke Dungeon Tweaks	150	1061	호환·패치·라이브러리 계열 자동 추정
defer-technical	contents_2925061852.pak	woof race_FU_support	Woof race(ver.FU) update_Seeding	175	910	호환·패치·라이브러리 계열 자동 추정
defer-technical	Patch_Project_contents_1543219534.pak		Starbound Patch Project	324	755	호환·패치·라이브러리 계열 자동 추정
defer-technical	Armok_Fixes_5.4_compat.pak	Armok's Assorted Mod Fixes and Tweaks	Armok's Assorted Mod Fixes and Tweaks	252	560	호환·패치·라이브러리 계열 자동 추정
defer-technical	aval_plus_patch_contents_3049118061.pak	AvaliPlus-GibberishPatch	Avali Plus - Gibberish Patch	79	515	호환·패치·라이브러리 계열 자동 추정
defer-technical	Book_of_Spirits_2.0_compat.pak	BookOfSpirits	Book of Spirits - NPC & Monster Name Displayer	150	404	호환·패치·라이브러리 계열 자동 추정
defer-technical	contents_2553602050.pak	Shellguard Tweaks	Shellguard Tweaks	93	357	호환·패치·라이브러리 계열 자동 추정
defer-technical	contents_2607069863.pak	precursorracekrakoth_arcanapatch	K'Rakoth Mod: Arcana Patch	36	317	호환·패치·라이브러리 계열 자동 추정
defer-technical	contents_2019615322.pak	rb_patch_elithianraces	Recipe Browser Elithian Races-Patch	1	288	호환·패치·라이브러리 계열 자동 추정
defer-technical	contents_2830836086.pak	Improved Food Descriptions FU Patch	Improved Food Descriptions: Frackin' Universe Patch	275	275	호환·패치·라이브러리 계열 자동 추정
defer-technical	nmm_Vanilla_Tweaks_contents_3175132253.pak	nmm_vanillatweaks	nuggubs' Mega Mod - Vanilla Tweaks	77	182	호환·패치·라이브러리 계열 자동 추정
defer-technical	contents_2828324239.pak	precursorracekrakoth_extendedstorypatch	K'Rakoth Mod: Extended Story Patch	15	134	호환·패치·라이브러리 계열 자동 추정
defer-technical	contents_2018986916.pak	rb_patch_fu	Recipe Browser FU-Patch	1	125	호환·패치·라이브러리 계열 자동 추정
defer-technical	contents_2212179822.pak	utopiaeng	Utopia ENG.patch	104	123	호환·패치·라이브러리 계열 자동 추정
defer-technical	contents_2912589725.pak	Adventurer's Addons Patch	Adventurer's Addons Patch	45	89	호환·패치·라이브러리 계열 자동 추정
defer-technical	contents_2605267672.pak	precursorracekrakoth_fupatch	K'Rakoth Mod: Frackin' Universe Addon	46	72	호환·패치·라이브러리 계열 자동 추정
defer-technical	contents_954995970.pak	dspFUCrewCompat	Frackin' Job Offers MKII	30	60	호환·패치·라이브러리 계열 자동 추정
defer-technical	contents_3145769397.pak	FU RACES PATCH	FU RACES PATCH	9	59	호환·패치·라이브러리 계열 자동 추정
defer-technical	contents_1830330047.pak	vanillafoodpatch	Frackin Races Vanilla Food Patch	54	54	호환·패치·라이브러리 계열 자동 추정
defer-technical	contents_2826222679.pak	Angels - FU Armor Patch	Angels - Frackin Armor Patch	40	49	호환·패치·라이브러리 계열 자동 추정
defer-technical	Stardust_Core_contents_764887546.pak	StardustLib	Stardust Core	11	39	호환·패치·라이브러리 계열 자동 추정
defer-technical	contents_3160406285.pak	Calamity Fracking Music Addon	Calamity Fracking Music Addon	1	32	호환·패치·라이브러리 계열 자동 추정
defer-technical	Craftable_Seeds_FU_1.1_compat.pak	craftableseedsfu	Craftable Seeds: Frackin' Universe Addon NEW	17	32	호환·패치·라이브러리 계열 자동 추정
defer-technical	contents_2287046122.pak	FUStarryPlanetsCompatibilityPatch	FU + Starry Planets Compatibility Patch	30	30	호환·패치·라이브러리 계열 자동 추정
defer-technical	contents_2821879793.pak	precursorracekrakoth_redemptionpatch	K'Rakoth Mod: Project Redemption Patch	12	29	호환·패치·라이브러리 계열 자동 추정
defer-technical	contents_2678547138.pak	MPI+M32_COMPAT	More Planet Info: Maple32 patch	1	28	호환·패치·라이브러리 계열 자동 추정
defer-technical	bd_hpbar_fix_contents_2225813517.pak	bl3healthbars	Borderlands 3 Custom Health bars	14	22	호환·패치·라이브러리 계열 자동 추정
defer-technical	contents_2052758462.pak	FUAvaliTriagePatch	FU + Avali Triage Patch	14	21	호환·패치·라이브러리 계열 자동 추정
defer-technical	contents_3024829105.pak	MPI_Frackin_Patch	Frackin Universe: More Planet Info Official Patch Correctly Fixed	1	21	호환·패치·라이브러리 계열 자동 추정
defer-technical	FU_RedemptionPatch_contents_2185949973.pak	FU-Redemption integration patch	FU-Redemption integration patch	20	21	호환·패치·라이브러리 계열 자동 추정
defer-technical	Tougher_Mobs_1.11.5.2_compat.pak	Tougher Mobs with Better Loot!	Tougher Mobs with Better Loot!	16	20	호환·패치·라이브러리 계열 자동 추정
defer-technical	size_work_contents_3218820111.pak	sizeoflife	Size of Life - Framework	14	19	호환·패치·라이브러리 계열 자동 추정
defer-technical	PRxCW_compat.pak	Test	Test	8	16	호환·패치·라이브러리 계열 자동 추정
defer-technical	contents_1928972521.pak	The Angels of Starbound - FR/FU Patch	The Angels of Starbound - FR/FU Patch	9	14	호환·패치·라이브러리 계열 자동 추정
defer-technical	contents_2601450656.pak	FREXfix	FREX Character Creation Fix	12	12	호환·패치·라이브러리 계열 자동 추정
defer-technical	contents_3008930556.pak	EnhancedStorageCumulative_PATCH	Enhanced Storage PATCH [Cumulative]	2	12	호환·패치·라이브러리 계열 자동 추정
defer-technical	contents_2884298247.pak	reussfixstarbound	"Fix Starbound (Fix code omissions and bugs; holiday items; disabled vanilla items)
"	8	10	호환·패치·라이브러리 계열 자동 추정
defer-technical	contents_2010914574.pak	z4galacticdungeonsmpi	Galactic Dungeons More Planet Info patch	1	9	호환·패치·라이브러리 계열 자동 추정
defer-technical	contents_2468896437.pak	AnomsOutpostOverhaul_TheLottery	Anom's Outpost Overhaul - The Lottery Patch	1	9	호환·패치·라이브러리 계열 자동 추정
defer-technical	contents_2980863873.pak	SDP_MPI_Patch	SDP - More Planet Info Patch	1	8	호환·패치·라이브러리 계열 자동 추정
defer-technical	contents_1772643711.pak	ANTRMPIQPatch1_4	[More Planet Info] 1.4 Quest Marker Fix	1	7	호환·패치·라이브러리 계열 자동 추정
defer-technical	contents_1733755757.pak	MorePlanetInfoCSKPatch	More Planet Info- Saturnians Addon	1	6	호환·패치·라이브러리 계열 자동 추정
defer-technical	contents_2295152742.pak	FUHellishPlanetsCompatibilityPatch	FU + Hellish Planets Compatibility Patch	6	6	호환·패치·라이브러리 계열 자동 추정
defer-technical	contents_1761193918.pak	Garden Planet fix	More Planet Info Lush Planet fix(Works with Frackin Universe)	1	4	호환·패치·라이브러리 계열 자동 추정
defer-technical	contents_1830331363.pak	avalifoodpatch	Frackin Races Avali Food Patch	4	4	호환·패치·라이브러리 계열 자동 추정
defer-technical	contents_3133663078.pak	MWH's Gelsemis [FU PATCH]	MWH's Gelsemis [FU PATCH]	4	4	호환·패치·라이브러리 계열 자동 추정
defer-technical	999998000_futara_engine_contents_2297133082.pak	Futara's Dragon Engine	Futara's Dragon Engine [oSB Optional Support]	2	3	호환·패치·라이브러리 계열 자동 추정
defer-technical	contents_1519251821.pak	kitsunefr	Kitsune Frackin' Universe Patch	2	3	호환·패치·라이브러리 계열 자동 추정
defer-technical	contents_2329520812.pak	kitsuneplanetinfo	More Planet Info - Kitsune Patch	1	3	호환·패치·라이브러리 계열 자동 추정
defer-technical	contents_2071883876.pak	MorePlanetInfoLEPatch	More Planet Info- Letheia Expanded Addon	1	2	호환·패치·라이브러리 계열 자동 추정
defer-technical	contents_2370607854.pak	Arcana FU Desc fix	Arcana FU Desc fix	2	2	호환·패치·라이브러리 계열 자동 추정
defer-technical	contents_2646673935.pak	joboffers-addon-meido	Job Offers Compatibility Addon: Maid NPCs	1	2	호환·패치·라이브러리 계열 자동 추정
defer-technical	contents_2677134074.pak	FalseHarpyFUPatch	False Harpy FU Patch	2	2	호환·패치·라이브러리 계열 자동 추정
defer-technical	contents_2777148528.pak	Maple32 Glutt FU/FR Patch	Maple32 Glutt FU/FR Patch	2	2	호환·패치·라이브러리 계열 자동 추정
defer-technical	contents_2785129570.pak	Weep Not My Child - Title Music Addition	Weep Not My Child - Title Music Addition	2	2	호환·패치·라이브러리 계열 자동 추정
defer-technical	contents_3374297401.pak	meido-FU	Maid NPC FU Patch	1	2	호환·패치·라이브러리 계열 자동 추정
defer-technical	Anter583_contents_2144215143.pak	Anter583_Library_antrUtilityLib	Anter583's Utility Library	1	1	호환·패치·라이브러리 계열 자동 추정
defer-technical	contents_1929091560.pak	Lamia FR-FU Patch	Lamia FR-FU Patch	1	1	호환·패치·라이브러리 계열 자동 추정
defer-technical	contents_2141947777.pak	Nightar FU Desc fix	Nightar FU Desc fix	1	1	호환·패치·라이브러리 계열 자동 추정
defer-technical	contents_2396110695.pak	af_tagsstation_quickbar	Tag Scanning Station: Quickbar Patch	1	1	호환·패치·라이브러리 계열 자동 추정
defer-technical	contents_3030903277.pak	ManyTabsTerraforge2	Many Tabs for Terraforge (2/2)	1	1	호환·패치·라이브러리 계열 자동 추정
defer-technical	contents_3048977458.pak	Alta FU Patch+	Alta FU Patch+	1	1	호환·패치·라이브러리 계열 자동 추정
defer-technical	terralib_contents_2230165463.pak	terralib	TerraLib	1	1	호환·패치·라이브러리 계열 자동 추정
exclude-no-candidates	-8900_fu_blackradio_contents_2780671377.pak	FrackinUniverseRadioPopupRestoration	Frackin' Universe - Radio Message Popup Restoration	0	0	표시 문자열 후보 0건
exclude-no-candidates	-8999_Optimizer_contents_2777369762.pak	Starbound Optimizer	Starbound Optimizer	0	0	표시 문자열 후보 0건
exclude-no-candidates	-9000_Quest Manager Optimizer (FU)_contents_2914217512.pak	QuestManagerOptimizerFU	Quest Manager Optimizer(FU)	0	0	표시 문자열 후보 0건
exclude-no-candidates	-9991_no_duststorm_midnight_contents_1247812383.pak	nomidnightparticles	No more duststorm particles	0	0	표시 문자열 후보 0건
exclude-no-candidates	-9991_No_Sandstorm_contents1257128625.pak	No Sandstorm Particles	No Sandstorm Particles	0	0	표시 문자열 후보 0건
exclude-no-candidates	-9991_weater_no_black_fall_contents_2755456682.pak	no_more_blockfalling	No more weather blockfall!	0	0	표시 문자열 후보 0건
exclude-no-candidates	-9992_Parallax_fps_contents_885877773.pak	Parallax Compression	Parallax Performance Compression (FPS Improvement)	0	0	표시 문자열 후보 0건
exclude-no-candidates	0_a_OPTION_MOD_999998013_FPS_60_cap_skipfix_remover_contents_2950845790.pak	NO FPS CAP	NO FPS CAP	0	0	표시 문자열 후보 0건
exclude-no-candidates	0_sxb_sexbound_kitsunerace.pak	sexbound_kitsunerace	Sexbound - Kitsune Race	0	0	표시 문자열 후보 0건
exclude-no-candidates	100000000_No_FU_Party_contents_2564952144.pak	No More Party Music for Frackin' Universe	No More Party Music for Frackin' Universe	0	0	표시 문자열 후보 0건
exclude-no-candidates	100000001_eyeBlink_contents_1807482741.pak	BlinkyEyes	SmoothBlink	0	0	표시 문자열 후보 0건
exclude-no-candidates	100000002_Slower_Gas_contents_3387581763.pak	SlowerSpaceGasRotation	Slower Space Gas Rotation	0	0	표시 문자열 후보 0건
exclude-no-candidates	1000_SxB-Neki_POV_Addon.pak	sexbound_Neki_Pov	Sexbound - Shows Neki Pov	0	0	표시 문자열 후보 0건
exclude-no-candidates	100_skip_warp_contents_3354114852.pak	I don't have time for that	I don't have time for that	0	0	표시 문자열 후보 0건
exclude-no-candidates	1010_sxb_Lustling Race more colors.pak	Lustling Race more colors	Lustlings recolor	0	0	표시 문자열 후보 0건
exclude-no-candidates	102_SxB-Lucario_POV_Addon.pak	Lucario POV addon	Sexbound - Lucario POV addon	0	0	표시 문자열 후보 0건
exclude-no-candidates	10_sxb_Sexbound-Globaura-2.1.pak	sexy_globaura	Sexbound - Globaura	0	0	표시 문자열 후보 0건
exclude-no-candidates	1100_sxb_TTPP_Tentacle Enhanced Storage.pak	Tentacle Enhanced Storage	Thick throbbing Tenacles	0	0	표시 문자열 후보 0건
exclude-no-candidates	20_sxb_kawaiistuffsupports.pak	kawaiistuffsupports	KawaiiStuff+ Supports	0	0	표시 문자열 후보 0건
exclude-no-candidates	20_sxb_Sexbound-Race-Avali0.3.2.src.pak	Sexbound_Avali	Sexbound API - Avali Species	0	0	표시 문자열 후보 0건
exclude-no-candidates	20_sxb_sexbound_arcanaraces.pak	sexbound_arcanaraces	Sexbound - Arcana Races	0	0	표시 문자열 후보 0건
exclude-no-candidates	20_sxb_SexBound_Cuter_Felin.pak	SexboundAPI_Felin	Sexbound API - Felin Species	0	0	표시 문자열 후보 0건
exclude-no-candidates	20_sxb_Sexbound_Kemono.pak	Sexbound_Kemono	Sexbound API - Kemono Species	0	0	표시 문자열 후보 0건
exclude-no-candidates	20_sxb_Sexbound_Kitsune_Moans_Support.pak	sexbound kitsune moans	Sexbound - kitsune moans	0	0	표시 문자열 후보 0건
exclude-no-candidates	20_sxb_Sexbound_Lucario.pak	Sexbound_Lucario	Sexbound Race Patch - Lucario Species	0	0	표시 문자열 후보 0건
exclude-no-candidates	220_sxb_lustbound_friskyfelin.pak	lustbound_friskyfelin	Lustbound: Frisky Felin Patch	0	0	표시 문자열 후보 0건
exclude-no-candidates	220_sxb_lustbound_gofuckyourself.pak	lustbound_gofuckyourself	Lustbound: Go Fuck Yourself Patch	0	0	표시 문자열 후보 0건
exclude-no-candidates	220_sxb_lustbound_lewdbound.pak	lustbound_lewdbound	Lustbound: Lewdbound Patch	0	0	표시 문자열 후보 0건
exclude-no-candidates	220_sxb_lustbound_lewdboundmattresses.pak	lustbound_lewdboundmattresses	Lustbound: Lewdbound Mattresses Patch	0	0	표시 문자열 후보 0건
exclude-no-candidates	5_sxb_Throwing Heart 2.2.pak	eikoThrowingHeart	Throwing Hearts	0	0	표시 문자열 후보 0건
exclude-no-candidates	998_Enhanced Storage - Lustlings.pak	Lustling Enhanced Storage	Big Bounceing Boobies	0	0	표시 문자열 후보 0건
exclude-no-candidates	999998001_futaraEnergyOrbAddOn.pak	Futara's Dragon Race Addon Energy Orb	Futara's Dragon Race Addon Energy Orb	0	0	표시 문자열 후보 0건
exclude-no-candidates	999998002_futaraEnergyBeamAddOn.pak	Futara's Dragon Race Addon Energy Beam	Futara's Dragon Race Addon Energy Beam	0	0	표시 문자열 후보 0건
exclude-no-candidates	999998010_Optimized_Weather_Vanilla_contents_3078788080.pak	Optimized Weather - Vanilla	Optimized Weather - Vanilla	0	0	표시 문자열 후보 0건
exclude-no-candidates	999998011_Optimized_Weather_FU_contents_3078794530.pak	Optimized Weather - Frackin Universe	Optimized Weather - Frackin Universe	0	0	표시 문자열 후보 0건
exclude-no-candidates	999998012_stop_flicker_fps_contents_771695952.pak	Stop That Damn Flicker!	Stop That Damn Flicker!	0	0	표시 문자열 후보 0건
exclude-no-candidates	999999100_pixels_death_contents_3350355857.pak	pat_DropMoneyOnDeath	Drop pixels on death	0	0	표시 문자열 후보 0건
exclude-no-candidates	999999200_ffxiv_viera_blueprint_compat.pak	ffxiv_viera_fucking_racist		0	0	표시 문자열 후보 0건
exclude-no-candidates	999999900_holo_roading_contents_1662954134.pak	Cuter Chucklefish	Cuter Chucklefish	0	0	표시 문자열 후보 0건
exclude-no-candidates	999999900_sxb_cuter2_contents_761242493.pak	Cutebound2	Make the universe a cuter place2	0	0	표시 문자열 후보 0건
exclude-no-candidates	999999901_sxb_cuter_captin_contents_2961295192.pak	captain_noble_cuter_place	Captain Noble Headgear Convenient for Make the Universe a Cuter Place	0	0	표시 문자열 후보 0건
exclude-no-candidates	999999910_whatmenu.pak	whatmenu	What Menu?	0	0	표시 문자열 후보 0건
exclude-no-candidates	999999980_fuck_u_trace_back.pak	fuck_u_trace_back	fuck_u_trace_back	0	0	표시 문자열 후보 0건
exclude-no-candidates	All_Items_Stack_contents_3370469697.pak	XRC_maxStackOSB	[oSB] All Items Are Stackable!	0	0	표시 문자열 후보 0건
exclude-no-candidates	barrel_boom_Enhanced_Storage_contents_2510776866.pak	Toxicity Infraction: returning the ES toxic waste barrel to its vanilla self	Toxicity Infraction: returning the ES toxic waste barrel to its vanilla self	0	0	표시 문자열 후보 0건
exclude-no-candidates	Better_Icons_contents_1642552023.pak	bc_icons_blocks	Better (C) Icons - Blocks	0	0	표시 문자열 후보 0건
exclude-no-candidates	BL3_Clean_Texture_contents_2229880801.pak	bl3healthbarshdclean	BL3 Healthbars Clean Texture	0	0	표시 문자열 후보 0건
exclude-no-candidates	BL3_Shellguard_Addon_contents_2225814372.pak	bl3healthbarssgaddon	BL3 Healthbars Shellguard Addon	0	0	표시 문자열 후보 0건
exclude-no-candidates	Black_Armory_Enhanced_Storage_contents_2263440896.pak	tba_es_patch	Black Armory Enhanced Storage Compatibility	0	0	표시 문자열 후보 0건
exclude-no-candidates	contents_1006623185.pak	Barrel Collision: Platforms and Stacking	Barrel Collision: Platforms and Stacking	0	0	표시 문자열 후보 0건
exclude-no-candidates	contents_1086805718.pak	lowHealthAlarm	Low Health Alarm	0	0	표시 문자열 후보 0건
exclude-no-candidates	contents_1096159903.pak	aethertexreplace	Aether Sea Texture Reduction	0	0	표시 문자열 후보 0건
exclude-no-candidates	contents_1103569914.pak	Elevator	RailTram Retexture!	0	0	표시 문자열 후보 0건
exclude-no-candidates	contents_1109048662.pak	Better Staff Zones	Better Staff Zones	0	0	표시 문자열 후보 0건
exclude-no-candidates	contents_1114865340.pak	Hissy Hurt Nova Sounds	Hissy Hurt Nova Sounds	0	0	표시 문자열 후보 0건
exclude-no-candidates	contents_1115253139.pak	Automatic Capsules	Automatic Capsules	0	0	표시 문자열 후보 0건
exclude-no-candidates	contents_1116097274.pak	Make the Saturnians a Cuter Race	Make the Saturnians a Cuter Race	0	0	표시 문자열 후보 0건
exclude-no-candidates	contents_1119086325.pak	many_tabs1	Many Tabs (1/2)	0	0	표시 문자열 후보 0건
exclude-no-candidates	contents_1119973779.pak	Fixed Critters	Fixed Critters	0	0	표시 문자열 후보 0건
exclude-no-candidates	contents_1133358548.pak	Betterchains	Better Chains	0	0	표시 문자열 후보 0건
exclude-no-candidates	contents_1137228707.pak	Wild West Music Pack.	Western music pack for deserts.	0	0	표시 문자열 후보 0건
exclude-no-candidates	contents_1142523872.pak	sup_monsterparts	Supper's Monster Parts	0	0	표시 문자열 후보 0건
exclude-no-candidates	contents_1165677332.pak	FreeYourHands	Free your hands! (One-handed torches, hoes, platforms, crops)	0	0	표시 문자열 후보 0건
exclude-no-candidates	contents_1174122487.pak	OceanCropsMod	Surface Ocean Crops	0	0	표시 문자열 후보 0건
exclude-no-candidates	contents_1185445462.pak	BQQM	Better Quest Complete Markers	0	0	표시 문자열 후보 0건
exclude-no-candidates	contents_1218367214.pak	Aimable Abilities: Spears	Aimable Abilities: Spears	0	0	표시 문자열 후보 0건
exclude-no-candidates	contents_1236040332.pak	FU Mech Antimatter Cannon Annihilation Sound by AnthonyZaBoss	FU Mech Antimatter Cannon Annihilation Sound	0	0	표시 문자열 후보 0건
exclude-no-candidates	contents_1239952506.pak	Pets Are Useful	Pets Are Useful!	0	0	표시 문자열 후보 0건
exclude-no-candidates	contents_1240540230.pak	No Weather Particles	No Weather Particles	0	0	표시 문자열 후보 0건
exclude-no-candidates	contents_1253782150.pak	playerdancing	Player Dances and Emotes	0	0	표시 문자열 후보 0건
exclude-no-candidates	contents_1296666565.pak	Heartbeat 3.0	Heartbeat 3.0	0	0	표시 문자열 후보 0건
exclude-no-candidates	contents_1312619566.pak	Craftable Mech Blueprints - Anvil Edition	Craftable Mech Blueprints - Anvil Edition	0	0	표시 문자열 후보 0건
exclude-no-candidates	contents_1321934117.pak	visiblemeteorweather	Visible Meteor Showers	0	0	표시 문자열 후보 0건
exclude-no-candidates	contents_1367444689.pak	Subtler Hyperspace	Subtler Hyperspace	0	0	표시 문자열 후보 0건
exclude-no-candidates	contents_1385230137.pak	Sign Machine	signmachine	0	0	표시 문자열 후보 0건
exclude-no-candidates	contents_1394999146.pak	avalifit	AvaliFit (TM)	0	0	표시 문자열 후보 0건
exclude-no-candidates	contents_1411331676.pak	FUSAILModdedRaceSupport	FU/ztarbound S.A.I.L. Modded Race Support	0	0	표시 문자열 후보 0건
exclude-no-candidates	contents_1422582678.pak	vibrant_novakids	Vibrant Novakids	0	0	표시 문자열 후보 0건
exclude-no-candidates	contents_1428547342.pak	Minidresses	Minidresses	0	0	표시 문자열 후보 0건
exclude-no-candidates	contents_1429652829.pak	Elithian_Races_Mod_FU	Elithian Races Mod: Frackin Universes Patch	0	0	표시 문자열 후보 0건
exclude-no-candidates	contents_1432556830.pak	fuvillfelin	felin towns on frackin' planets	0	0	표시 문자열 후보 0건
exclude-no-candidates	contents_1432794738.pak	fuvillavali	fuvillavali	0	0	표시 문자열 후보 0건
exclude-no-candidates	contents_1433991809.pak	elithianperennialcrops	Elithian Perennial Crops	0	0	표시 문자열 후보 0건
exclude-no-candidates	contents_1434229372.pak	craftableseedser	Craftable Seeds: Elithian Races Addon	0	0	표시 문자열 후보 0건
exclude-no-candidates	contents_1447060281.pak	Dark Souls Teleport SFX	Dark Souls Teleport SFX	0	0	표시 문자열 후보 0건
exclude-no-candidates	contents_1468297293.pak	Lamia Colorpack - Pastel	Lamia Colorpack - Pastel	0	0	표시 문자열 후보 0건
exclude-no-candidates	contents_1479985478.pak	Swoosh Sprite Overhauls	Swoosh Sprite Overhauls	0	0	표시 문자열 후보 0건
exclude-no-candidates	contents_1482174649.pak	HelmetsFixed	HelmetsFixed	0	0	표시 문자열 후보 0건
exclude-no-candidates	contents_1487455404.pak	TileTweaksTanz	Tile Tweaks - Tanz Compatibility Addon	0	0	표시 문자열 후보 0건
exclude-no-candidates	contents_1500761263.pak	NewRecipeStar	New Recipe Star	0	0	표시 문자열 후보 0건
exclude-no-candidates	contents_1558104990.pak	perennialcropsFUnew	Frackin Universe Perennial Crops New	0	0	표시 문자열 후보 0건
exclude-no-candidates	contents_1593802400.pak	meleeaimfu	Frackin' Universe - Melee Aiming	0	0	표시 문자열 후보 0건
exclude-no-candidates	contents_1594682555.pak	CuterKirhos	Cuter Kirhos	0	0	표시 문자열 후보 0건
exclude-no-candidates	contents_1598973984.pak	Alternate UI Sounds	Alternate UI Sounds	0	0	표시 문자열 후보 0건
exclude-no-candidates	contents_1627057511.pak	quietpartyhorn	Quiet Partyhorn - Sound Replacer	0	0	표시 문자열 후보 0건
exclude-no-candidates	contents_1639501560.pak	MorePlanetInfo-FU	More Planet Info - FU Patch	0	0	표시 문자열 후보 0건
exclude-no-candidates	contents_1643716707.pak	Erchius Mission Music Replacement with HL2 Music	Erchius Mission Music Replacement with HL2 Music	0	0	표시 문자열 후보 0건
exclude-no-candidates	contents_1643826709.pak	Erchius Horrors Texture Change	Erchius Horrors Texture Change	0	0	표시 문자열 후보 0건
exclude-no-candidates	contents_1681880007.pak	FUExGUIPatch	FU + Extended GUI Patch	0	0	표시 문자열 후보 0건
exclude-no-candidates	contents_1683606374.pak	KawaiiStuff+	KawaiiStuff+	0	0	표시 문자열 후보 0건
exclude-no-candidates	contents_1686763043.pak	FU_ShellguardMech	FU / Shellguard Mech Compatability	0	0	표시 문자열 후보 0건
exclude-no-candidates	contents_1697042019.pak	the_angels_of_starbound_CutePatch	Make the Angels a Cuter Yet Holy Race	0	0	표시 문자열 후보 0건
exclude-no-candidates	contents_1698045793.pak	saturnian_C3	Make the Thaumoth a Cuter Yet Mothy Race	0	0	표시 문자열 후보 0건
exclude-no-candidates	contents_1723934741.pak	suphaxnonfatalfalls	Non Fatal Fall Damage	0	0	표시 문자열 후보 0건
exclude-no-candidates	contents_1726500697.pak	Fish Tweaks	Fishing Tweaks	0	0	표시 문자열 후보 0건
exclude-no-candidates	contents_1732808640.pak	SmartCrew	Smart Crew	0	0	표시 문자열 후보 0건
exclude-no-candidates	contents_1792129883.pak	Remove_Mosquito_Sound	Remove Mosquito	0	0	표시 문자열 후보 0건
exclude-no-candidates	contents_1799854324.pak	FrackinUniverseManyTabsPatch	Frackin' Universe & Many Tabs Compatibility Patch	0	0	표시 문자열 후보 0건
exclude-no-candidates	contents_1826459917.pak	OutpostMusicTranquilityBase	Outpost Music Replacer - Tranquility Base	0	0	표시 문자열 후보 0건
exclude-no-candidates	contents_1829295532.pak	MusicalMoons	Musical Moons	0	0	표시 문자열 후보 0건
exclude-no-candidates	contents_1889721468.pak	GirderT_VS	Girder Tweaks - Vertical & Soft Corners	0	0	표시 문자열 후보 0건
exclude-no-candidates	contents_1911595500.pak	Beta Star Generation / 0.01 Star Multplier	Beta Star Generation / 0.01 Star Multplier	0	0	표시 문자열 후보 0건
exclude-no-candidates	contents_1920352046.pak	Avali Maid Outfit	Avali Maid Outfit	0	0	표시 문자열 후보 0건
exclude-no-candidates	contents_1923768422.pak	augiteArcadeSounds	Augite's Arcade Sounds	0	0	표시 문자열 후보 0건
exclude-no-candidates	contents_1926211048.pak	programmer socks	programmer socks	0	0	표시 문자열 후보 0건
exclude-no-candidates	contents_1932122417.pak	carpettoolflat	Carpet Tool - Lowgroundr Addon	0	0	표시 문자열 후보 0건
exclude-no-candidates	contents_1952112607.pak	RPG Growth FU Recipe Balance Patch	RPG Growth FU Recipe Balance Patch	0	0	표시 문자열 후보 0건
exclude-no-candidates	contents_1964557400.pak	Nightar & FU Nightar shiplocker FU fix	Nightar & FU Nightar shiplocker FU fix	0	0	표시 문자열 후보 0건
exclude-no-candidates	contents_1968871907.pak	treefix	treefix	0	0	표시 문자열 후보 0건
exclude-no-candidates	contents_1969427709.pak		More Tabs for Many Tabs and Extended GUI	0	0	표시 문자열 후보 0건
exclude-no-candidates	contents_1982486298.pak	Custom races inventory fix	Custom races inventory fix	0	0	표시 문자열 후보 0건
exclude-no-candidates	contents_1987370505.pak	saturniansfubiomeaddon	Saturnian Villages on Frackin Universe Planets	0	0	표시 문자열 후보 0건
exclude-no-candidates	contents_1999869786.pak	FUVaultsPlus	More Rewarding FU Vaults	0	0	표시 문자열 후보 0건
exclude-no-candidates	contents_2001156040.pak	PvZ Quest SFX	Plants vs. Zombies Quest Complete SFX	0	0	표시 문자열 후보 0건
exclude-no-candidates	contents_2003959183.pak	nitrogendeep	Nitrogen Deep	0	0	표시 문자열 후보 0건
exclude-no-candidates	contents_2009993372.pak	z4galacticdungeonsfrackin	Galactic Dungeons + Frackin Universe patch	0	0	표시 문자열 후보 0건
exclude-no-candidates	contents_2017600718.pak	RPG_Growth_Fix	RPG Growth Graphical Fix	0	0	표시 문자열 후보 0건
exclude-no-candidates	contents_2019615016.pak	rb_patch_avalibase	Recipe Browser Avali-Patch	0	0	표시 문자열 후보 0건
exclude-no-candidates	contents_2032882095.pak	kitsunesenkosail	Senko-san SAIL for Kitsune	0	0	표시 문자열 후보 0건
exclude-no-candidates	contents_2045136368.pak	NoWeaponNPCTypesFU	NPCSpawner+ No-Weapon Crew member types for Frackin Universe	0	0	표시 문자열 후보 0건
exclude-no-candidates	contents_2061053988.pak	PlanetParallaxRemovalOmeruin	Planet Parallax Removal - Omeruin	0	0	표시 문자열 후보 0건
exclude-no-candidates	contents_2067524656.pak	Mechanical Rhythm Music Replacement	Mechanical Rhythm Music Replacement	0	0	표시 문자열 후보 0건
exclude-no-candidates	contents_2123652964.pak	DarkSouls Killsound SFX	DarkSouls Killsound SFX	0	0	표시 문자열 후보 0건
exclude-no-candidates	contents_2139248963.pak	ehbnm	Enemy Health Bar No More!	0	0	표시 문자열 후보 0건
exclude-no-candidates	contents_2141182021.pak	Wooden Furniture Reskin	Wooden furniture reskin	0	0	표시 문자열 후보 0건
exclude-no-candidates	contents_2143587500.pak	emptyhand	Empty Hand	0	0	표시 문자열 후보 0건
exclude-no-candidates	contents_2172686376.pak	Recipe Browser RPG Growth - Patch	Recipe Browser RPG Growth - Patch	0	0	표시 문자열 후보 0건
exclude-no-candidates	contents_2182583592.pak	Kelp Sapling Fix - Updated	Kelp Sapling Fix - Updated	0	0	표시 문자열 후보 0건
exclude-no-candidates	contents_2194900256.pak	cutebound_felins_kemonomimi_big_eyes	Feb's Cuter Felins - Kemonomimi Version (Large Male Eyes Patch)	0	0	표시 문자열 후보 0건
exclude-no-candidates	contents_2195702875.pak	Stellaris OST Replacer & Addon for Main Menu Music	Stellaris OST Replacer & Addon for Main Menu Music	0	0	표시 문자열 후보 0건
exclude-no-candidates	contents_2221185460.pak	Uncommon Avali	Uncommon Avali	0	0	표시 문자열 후보 0건
exclude-no-candidates	contents_2232650711.pak	Lucario_Chest_Spike_Remover	Lucario Chest Spike Remover	0	0	표시 문자열 후보 0건
exclude-no-candidates	contents_2232652761.pak	Lucario_Paw_Spike_Remover	Lucario Paw Spike Remover	0	0	표시 문자열 후보 0건
exclude-no-candidates	contents_2237446179.pak	saturniansStarryPlanetaddon	Saturnian Villages on Starry Planets	0	0	표시 문자열 후보 0건
exclude-no-candidates	contents_2265144528.pak	CompactCrops_FU	Compact Crops FU	0	0	표시 문자열 후보 0건
exclude-no-candidates	contents_2287610979.pak	angelsailreplacer	Angel SAIL Replacer	0	0	표시 문자열 후보 0건
exclude-no-candidates	contents_2311446973.pak	EE-Starry	Equivalent Exchange Nebulathite Ore Patch	0	0	표시 문자열 후보 0건
exclude-no-candidates	contents_2314946092.pak	sg_es_patch	Shellguard Enhanced Storage Compatibility	0	0	표시 문자열 후보 0건
exclude-no-candidates	contents_2348968660.pak	frackin_xsmechs	Frackin XS Mechs	0	0	표시 문자열 후보 0건
exclude-no-candidates	contents_2373148549.pak	ffstags	[FFS] Coordinator and Weapon Tags patch	0	0	표시 문자열 후보 0건
exclude-no-candidates	contents_2375350009.pak	saturniansArcanaaddon	Saturnian Villages on Arcana Planets	0	0	표시 문자열 후보 0건
exclude-no-candidates	contents_2387099956.pak	af_ees_saturnian	Saturnian Support for 'EE for Starbound'	0	0	표시 문자열 후보 0건
exclude-no-candidates	contents_2395650902.pak	Neo Re-sprite	Neo Re-sprite	0	0	표시 문자열 후보 0건
exclude-no-candidates	contents_2402909895.pak	froggfix	(Frogg) Villager Fix	0	0	표시 문자열 후보 0건
exclude-no-candidates	contents_2408540180.pak	Holyday Lucario Outfit	Holyday Lucario Outfit	0	0	표시 문자열 후보 0건
exclude-no-candidates	contents_2409538486.pak	Darker Nights	Darker Nights	0	0	표시 문자열 후보 0건
exclude-no-candidates	contents_2420830786.pak	crewpatchesdialogmoderandom	"[Crew Patches] ""dialogMode"":""random"""	0	0	표시 문자열 후보 0건
exclude-no-candidates	contents_2421829571.pak	cutearcana	Cutebound Arcana	0	0	표시 문자열 후보 0건
exclude-no-candidates	contents_2428588507.pak	Evanaug's Coal Resprite	Evanaug's Coal Resprite	0	0	표시 문자열 후보 0건
exclude-no-candidates	contents_2428616454.pak	alternativefluffalocolours	Fluffalo Recolours	0	0	표시 문자열 후보 0건
exclude-no-candidates	contents_2433700417.pak	RPG Growth Tabs & Profession Retexture 	RPG Growth Tabs & Profession Retexture 	0	0	표시 문자열 후보 0건
exclude-no-candidates	contents_2439342862.pak	EE-Arcana	Equivalent Exchange patch for Arcana ores	0	0	표시 문자열 후보 0건
exclude-no-candidates	contents_2440033332.pak	Glitch Lights Full Bright	Glitch Lights Full Bright	0	0	표시 문자열 후보 0건
exclude-no-candidates	contents_2440256472.pak	Armor Lights Full Bright	Armor Lights Full Bright	0	0	표시 문자열 후보 0건
exclude-no-candidates	contents_2463780108.pak	Starbound But Pixels Sound Like Studs	Starbound But Pixels Sound Like Studs	0	0	표시 문자열 후보 0건
exclude-no-candidates	contents_2468895859.pak	AnomsOutpostOverhaul_EnhancedStorage	Anom's Outpost Overhaul - Enhanced Storage Patch	0	0	표시 문자열 후보 0건
exclude-no-candidates	contents_2468896108.pak	AnomsOutpostOverhaul_OutpostShuttlecraft	Anom's Outpost Overhaul - Outpost Shuttlecraft Patch	0	0	표시 문자열 후보 0건
exclude-no-candidates	contents_2468896248.pak	AnomsOutpostOverhaul_TheBookstore	Anom's Outpost Overhaul - The Bookstore Patch	0	0	표시 문자열 후보 0건
exclude-no-candidates	contents_2469215698.pak	AnomsOutpost_GalacticCruise	Anom's Outpost Overhaul - The Essential Galactic Cruise Patch	0	0	표시 문자열 후보 0건
exclude-no-candidates	contents_2471939344.pak	Less Dead Moons - Reduced Spawn Rate	Less Dead Moons - Reduced Spawn Rate	0	0	표시 문자열 후보 0건
exclude-no-candidates	contents_2478011034.pak	ikavatarmechlegsadapter	Avatar: Na'vi & RDA Mech Legs Adapter	0	0	표시 문자열 후보 0건
exclude-no-candidates	contents_2478119400.pak	AnomsOutpostGunsmithAddon	Anom's Outpost Overhaul - Gunsmith Shop Addon	0	0	표시 문자열 후보 0건
exclude-no-candidates	contents_2478120319.pak	AnomsOutpostScrapVendorAddon	Anom's Outpost Overhaul - Scrap Vendor Addon	0	0	표시 문자열 후보 0건
exclude-no-candidates	contents_2494853338.pak	antr_biggerTeleportGUI_4x	^#00FFFF;Bigger Teleporter GUI (4x)	0	0	표시 문자열 후보 0건
exclude-no-candidates	contents_2507851821.pak	pat_techremover	Unequip and Remove Techs	0	0	표시 문자열 후보 0건
exclude-no-candidates	contents_2554353548.pak	Less Floaty Movement FU Dirty Patch	Less Floaty Movement FU Dirty Patch	0	0	표시 문자열 후보 0건
exclude-no-candidates	contents_2571698194.pak	RustTreeFix	Rust Tree Fix	0	0	표시 문자열 후보 0건
exclude-no-candidates	contents_2576946364.pak	furesearcht	FU Research Tweaks	0	0	표시 문자열 후보 0건
exclude-no-candidates	contents_2580293884.pak	Brighter Moons	Brighter Moons	0	0	표시 문자열 후보 0건
exclude-no-candidates	contents_2582274902.pak	Starcity	Cosetropilis Planets	0	0	표시 문자열 후보 0건
exclude-no-candidates	contents_2582464455.pak	BPCC100	Bigger Character Creator Image	0	0	표시 문자열 후보 0건
exclude-no-candidates	contents_2585848460.pak	Divine Planets - Seraphim Music Replacer	Divine Planets - Seraphim Music Replacer	0	0	표시 문자열 후보 0건
exclude-no-candidates	contents_2601511795.pak	antr_freeThePrismMan	^#62D8FC;Free The Prism Man^reset;	0	0	표시 문자열 후보 0건
exclude-no-candidates	contents_2611377283.pak	antr_playerVoice_allEmotes	[^#cc9582;Player Voice^reset;] Play on All Emotes	0	0	표시 문자열 후보 0건
exclude-no-candidates	contents_2611495531.pak	cottonatterramart	Cotton at Terramart	0	0	표시 문자열 후보 0건
exclude-no-candidates	contents_2612885673.pak	Peacekeeper's Arsenal FU Patch	Peacekeeper's Arsenal FU Patch	0	0	표시 문자열 후보 0건
exclude-no-candidates	contents_2622367894.pak	OmRaceTraits-NPCAddon	Race Traits - NPC Addon	0	0	표시 문자열 후보 0건
exclude-no-candidates	contents_2628213443.pak	Fullbright Crops	Fullbright Crops	0	0	표시 문자열 후보 0건
exclude-no-candidates	contents_2628218117.pak	Fullbright Flora	Fullbright Flora	0	0	표시 문자열 후보 0건
exclude-no-candidates	contents_2628222548.pak	Fullbright Monsters	Fullbright Monsters	0	0	표시 문자열 후보 0건
exclude-no-candidates	contents_2647014626.pak	ng_flametrapnerf	Weaker Flame Traps	0	0	표시 문자열 후보 0건
exclude-no-candidates	contents_2656849369.pak	cuteaegi	Cutebound Aegi	0	0	표시 문자열 후보 0건
exclude-no-candidates	contents_2661151311.pak	False Harpies Big Eyes	False Harpies Big Eyes	0	0	표시 문자열 후보 0건
exclude-no-candidates	contents_2672162514.pak	novakidquest_anomoutpostcompatibility	Novakid Quest Mod - Anom's Outpost Compatibility Patch	0	0	표시 문자열 후보 0건
exclude-no-candidates	contents_2672213160.pak	AnomsOutpostOverhaul_ProjectRedemption	Anom's Outpost Overhaul - Project Redemption Patch	0	0	표시 문자열 후보 0건
exclude-no-candidates	contents_2694383533.pak	Disintegration Death Animation	Disintegration Death Animation	0	0	표시 문자열 후보 0건
exclude-no-candidates	contents_2716757438.pak	NekiChips	NekiChips	0	0	표시 문자열 후보 0건
exclude-no-candidates	contents_2720293579.pak	NekiShades	NekiShades	0	0	표시 문자열 후보 0건
exclude-no-candidates	contents_2725667743.pak	RingAltAnomalies	Alt Anomalies	0	0	표시 문자열 후보 0건
exclude-no-candidates	contents_2727658868.pak	AllTeleportersPlatformized	All Teleporters Platformized	0	0	표시 문자열 후보 0건
exclude-no-candidates	contents_2751503410.pak	mechinekialtears1.5	Mechineki AltEars	0	0	표시 문자열 후보 0건
exclude-no-candidates	contents_2753663754.pak	MicroMachines - Vanilla Edition	MicroMachines - Vanilla Edition	0	0	표시 문자열 후보 0건
exclude-no-candidates	contents_2754895866.pak	Galaxy_in_Conflict_Music	Galaxy in Conflict - Music [v4.3+]	0	0	표시 문자열 후보 0건
exclude-no-candidates	contents_2755769172.pak	manytabsfelinclay	Many Tabs for Felins	0	0	표시 문자열 후보 0건
exclude-no-candidates	contents_2755769572.pak	manytabsmaple32clay	Many Tabs for Maple32	0	0	표시 문자열 후보 0건
exclude-no-candidates	contents_2755770105.pak	manytabssaturnclay	Many Tabs for Saturnians	0	0	표시 문자열 후보 0건
exclude-no-candidates	contents_2760361822.pak	dyeablemkioweaponsbetabound	MkioTNT Workshop Dyeable weapons - Betabound Patch	0	0	표시 문자열 후보 0건
exclude-no-candidates	contents_2760708749.pak	curiousspecies	Custom species are curious too	0	0	표시 문자열 후보 0건
exclude-no-candidates	contents_2768649963.pak	nuudescriptions	Nuu Descriptions	0	0	표시 문자열 후보 0건
exclude-no-candidates	contents_2768791657.pak	BetterSitIdle	Better Sit Idle	0	0	표시 문자열 후보 0건
exclude-no-candidates	contents_2768796598.pak	BetterSitIdleNekiNoSitAddon	Better Sit Idle - Neki Addon	0	0	표시 문자열 후보 0건
exclude-no-candidates	contents_2771117582.pak	MicroMachines - Enhanced Storage Edition	MicroMachines - Enhanced Storage Edition	0	0	표시 문자열 후보 0건
exclude-no-candidates	contents_2776815088.pak	pat_fixstarterclothes	starter clothes slot fix thibng	0	0	표시 문자열 후보 0건
exclude-no-candidates	contents_2778441214.pak	MicroMachines - Equivalent Exchange Edition	MicroMachines - Equivalent Exchange Edition	0	0	표시 문자열 후보 0건
exclude-no-candidates	contents_2785206166.pak	Saturnian Player Voice	Saturnian Player Voice	0	0	표시 문자열 후보 0건
exclude-no-candidates	contents_2797442567.pak	FalseHarpiesExtraColours	False Harpies-Extra Colours	0	0	표시 문자열 후보 0건
exclude-no-candidates	contents_2798757981.pak	zcrab_broomresprite	broom resprite	0	0	표시 문자열 후보 0건
exclude-no-candidates	contents_2799920138.pak	BK3KCompat	BK3K-Various Mods Compatibility	0	0	표시 문자열 후보 0건
exclude-no-candidates	contents_2816710537.pak	ManyTabsMapleFurnace	[Many Tabs] Maple32 Furnace Tab	0	0	표시 문자열 후보 0건
exclude-no-candidates	contents_2818770472.pak	ManyTabsKnightfallInventors	[Many Tabs] Project Knightfall Inventor's Table Tab	0	0	표시 문자열 후보 0건
exclude-no-candidates	contents_2823524841.pak	Lunar Base Music Replacer	Lunar Base Music Replacer	0	0	표시 문자열 후보 0건
exclude-no-candidates	contents_2825779796.pak	Aimable Traveling Slash	Aimable Traveling Slash	0	0	표시 문자열 후보 0건
exclude-no-candidates	contents_2835498895.pak	More Canned Food IFD Patch	More Canned Food: Improved Food Descriptions Patch	0	0	표시 문자열 후보 0건
exclude-no-candidates	contents_2836659083.pak	BetterPlatformFalling	Better Platform Falling	0	0	표시 문자열 후보 0건
exclude-no-candidates	contents_2843733950.pak	FU - Fixed Helmets	FU - Fixed Helmets	0	0	표시 문자열 후보 0건
exclude-no-candidates	contents_2845911688.pak	Frackin Universe Legacy Planets	Frackin' Universe - Legacy Planets	0	0	표시 문자열 후보 0건
exclude-no-candidates	contents_2846035010.pak	RPG_Growth_no_particles	RPG Growth - No Particles	0	0	표시 문자열 후보 0건
exclude-no-candidates	contents_2862695403.pak	City.modularpatch.neoncolors2CITY	Apply Neon Pollution Sky colors to Citybound Planets - City Planets modular patch	0	0	표시 문자열 후보 0건
exclude-no-candidates	contents_2862699576.pak	City.modularpatch.terraformerrecipes.citybound	Citybound Terraformer at Terraforge - City Planets modular patch	0	0	표시 문자열 후보 0건
exclude-no-candidates	contents_2862700248.pak	City.modularpatch.WWsfx2Citybound	City Planets Modular Patch - Daytime Sound effects from WW Outpost to Citybound Planets	0	0	표시 문자열 후보 0건
exclude-no-candidates	contents_2862701014.pak	City.modularpatch+dungeons2CITY	City Planets Modular Patch - More Dungeons (8-9) on Citybound Planets	0	0	표시 문자열 후보 0건
exclude-no-candidates	contents_2864852527.pak	precursorracekrakoth_manytabspatch	K'Rakoth Mod: Many Tabs Patch	0	0	표시 문자열 후보 0건
exclude-no-candidates	contents_2865310071.pak	DRG Underground  Music Replace	DRG Underground  Music Replace	0	0	표시 문자열 후보 0건
exclude-no-candidates	contents_2870027331.pak	zcrab_ermcodextabremover	ERM Unused Codex Tab Remover	0	0	표시 문자열 후보 0건
exclude-no-candidates	contents_2871440361.pak	City.modularpatch.neonNightColors2CITY	Neon Night Sky Color to Citybound - City Planets Modular Patch	0	0	표시 문자열 후보 0건
exclude-no-candidates	contents_2871779394.pak	City.modularpatch.AddOther4Colors2City		0	0	표시 문자열 후보 0건
exclude-no-candidates	contents_2871781673.pak	City.modularpatchDefaultColors2CITY	Default Sky Colors for Citybound Parallax Overhauled - City Planets Modular Patch	0	0	표시 문자열 후보 0건
exclude-no-candidates	contents_2871784021.pak	City.modularpatch.LiliacDayColors2CITY	Liliac Day Colors to Citybound - City Planets modular patch	0	0	표시 문자열 후보 0건
exclude-no-candidates	contents_2875152120.pak	FU Total Immunity Augment	FU Total Immunity Augment	0	0	표시 문자열 후보 0건
exclude-no-candidates	contents_2875590555.pak	FrackinGiCRacePatch	Frackin GiC race patch	0	0	표시 문자열 후보 0건
exclude-no-candidates	contents_2876233021.pak	City.modularpatch.AegiOnPopulated	Spawns Aegi colonies on Citybound planets - City Planets modular patch	0	0	표시 문자열 후보 0건
exclude-no-candidates	contents_2876250988.pak	starry.angrystar1noclip.remover	Angry star (Starry Planets) can't cross walls	0	0	표시 문자열 후보 0건
exclude-no-candidates	contents_2876535509.pak	FUBYOSGiCRacePatch	FU BYOS GiC Race Patch	0	0	표시 문자열 후보 0건
exclude-no-candidates	contents_2881835252.pak	FasterFollowers	Simply Faster Followers	0	0	표시 문자열 후보 0건
exclude-no-candidates	contents_2882304309.pak	ESShattered	Enhanced Storage-Shattered Alchemy Compat	0	0	표시 문자열 후보 0건
exclude-no-candidates	contents_2882305339.pak	ESAngels	Enhanced Storage-Angels Compat	0	0	표시 문자열 후보 0건
exclude-no-candidates	contents_2882305990.pak	ESStarry	Enhanced Storage-Starry Planet Compat	0	0	표시 문자열 후보 0건
exclude-no-candidates	contents_2882514643.pak	LessAnnoyingPyreapers	Less Annoying Pyreapers	0	0	표시 문자열 후보 0건
exclude-no-candidates	contents_2893719979.pak	Re-sprited	Fuck original weapon sprites	0	0	표시 문자열 후보 0건
exclude-no-candidates	contents_2894145647.pak	WingedFlightConfigTemplate	Universal Winged Flight Tech[Limitless Vertical Flight]	0	0	표시 문자열 후보 0건
exclude-no-candidates	contents_2898350335.pak	Cosmic Husbandry FU Patches	Cosmic Husbandry FU Patches	0	0	표시 문자열 후보 0건
exclude-no-candidates	contents_2900609045.pak	juuxfullbright	Pharitu Partial Fullbright Support	0	0	표시 문자열 후보 0건
exclude-no-candidates	contents_2902710950.pak	Space Glitters Removal	Space Glitters Removal - FPS Boost in Space	0	0	표시 문자열 후보 0건
exclude-no-candidates	contents_2903240740.pak	raiizysforgeCE	Raiizy's Forge: Corporate Expansion Addon	0	0	표시 문자열 후보 0건
exclude-no-candidates	contents_2913433210.pak	Ringable Large Bell	Ringable Large Bell	0	0	표시 문자열 후보 0건
exclude-no-candidates	contents_2917219987.pak	NPC Mechs Declutter	NPC Mechs Declutter	0	0	표시 문자열 후보 0건
exclude-no-candidates	contents_2919848208.pak	DigitalCraftingFU	DigitalCraftingFU	0	0	표시 문자열 후보 0건
exclude-no-candidates	contents_2920038488.pak	DigitalCraftingArcana	DigitalCraftingArcana	0	0	표시 문자열 후보 0건
exclude-no-candidates	contents_2920040002.pak	DigitalCraftingBetabound	DigitalCraftingBetabound	0	0	표시 문자열 후보 0건
exclude-no-candidates	contents_2920043112.pak	DigitalCraftingBlackArmory	DigitalCraftingBlackArmory	0	0	표시 문자열 후보 0건
exclude-no-candidates	contents_2920282729.pak	DigitalCraftingFUXSMech	DigitalCraftingFUXSMech	0	0	표시 문자열 후보 0건
exclude-no-candidates	contents_2920283346.pak	DigitalCraftingKnightfall	DigitalCraftingKnightfall	0	0	표시 문자열 후보 0건
exclude-no-candidates	contents_2920301629.pak	DigitalCraftingMoreOutpostObjects	DigitalCraftingMoreOutpostObjects	0	0	표시 문자열 후보 0건
exclude-no-candidates	contents_2920301924.pak	DigitalCraftingRPG	DigitalCraftingRPG	0	0	표시 문자열 후보 0건
exclude-no-candidates	contents_2920302042.pak	DigitalCraftingRedemption	DigitalCraftingRedemption	0	0	표시 문자열 후보 0건
exclude-no-candidates	contents_2920302226.pak	DigitalCraftingShellguard	DigitalCraftingShellguard	0	0	표시 문자열 후보 0건
exclude-no-candidates	contents_2920302544.pak	DigitalCraftingVoidedEM	DigitalCraftingVoidedEM	0	0	표시 문자열 후보 0건
exclude-no-candidates	contents_2920302972.pak	DigitalCraftingXSMech	DigitalCraftingXSMech	0	0	표시 문자열 후보 0건
exclude-no-candidates	contents_2920303062.pak	DigitalCraftingXSWeapons	DigitalCraftingXSWeapons	0	0	표시 문자열 후보 0건
exclude-no-candidates	contents_2920554397.pak	DigitalCraftingFUTreeCrops	DigitalCraftingFUTreeCrops	0	0	표시 문자열 후보 0건
exclude-no-candidates	contents_2920684844.pak	pat_techloadoutbinds	Tech Loadout Binds [StarExtensions / OpenSB]	0	0	표시 문자열 후보 0건
exclude-no-candidates	contents_2924963711.pak	am_glitch_no_breath	Glitch No Breath	0	0	표시 문자열 후보 0건
exclude-no-candidates	contents_2927818361.pak	woof race_byos_support	Woof race_BYOS ship remover	0	0	표시 문자열 후보 0건
exclude-no-candidates	contents_2936613366.pak	stutterReducer	Stutter Reducer Stable	0	0	표시 문자열 후보 0건
exclude-no-candidates	contents_2938898485.pak	felin_settlements_on_arcana_planets	Felin Settlements on Arcana Planets	0	0	표시 문자열 후보 0건
exclude-no-candidates	contents_2938914405.pak	avali_settlements_on_arcana_planets	Avali Camps on Arcana Planets	0	0	표시 문자열 후보 0건
exclude-no-candidates	contents_2962464896.pak	pat_actionbarbinds	More Action Bar Binds [StarExtensions]	0	0	표시 문자열 후보 0건
exclude-no-candidates	contents_2965482743.pak	MoreCannedFood_PATCH	MoreCannedFood PATCH	0	0	표시 문자열 후보 0건
exclude-no-candidates	contents_2965496406.pak	EnhancedStorageStarforge	Enhanced Storage-Starforge Patch	0	0	표시 문자열 후보 0건
exclude-no-candidates	contents_2966549181.pak	more_ouch_noises	More Ouch Noises For Species	0	0	표시 문자열 후보 0건
exclude-no-candidates	contents_2967291460.pak	XRC_SWAPAUGMENTS	Swap Augments!	0	0	표시 문자열 후보 0건
exclude-no-candidates	contents_2974524803.pak	zcrab_bombresprite	bomb resprite	0	0	표시 문자열 후보 0건
exclude-no-candidates	contents_2976098002.pak	NekiCity	Neki City	0	0	표시 문자열 후보 0건
exclude-no-candidates	contents_2980872125.pak	manytabsforarcana	Many Tabs for Arcana	0	0	표시 문자열 후보 0건
exclude-no-candidates	contents_2981084223.pak	lofty_savethewhales	Toxic Ocean Fish / Critter Fix	0	0	표시 문자열 후보 0건
exclude-no-candidates	contents_2982938140.pak	astraskitsunedialog	Astra's Kitsune Dialog	0	0	표시 문자열 후보 0건
exclude-no-candidates	contents_2983087701.pak	Titanbound FU Patch 	Titanbound FU Patch 	0	0	표시 문자열 후보 0건
exclude-no-candidates	contents_2988576904.pak	The Cutieverse - Space Navigation Reskin	The Cutieverse - Space Navigation Reskin	0	0	표시 문자열 후보 0건
exclude-no-candidates	contents_2992119945.pak	Fullbright Avali Holograms	Fullbright Avali Holograms	0	0	표시 문자열 후보 0건
exclude-no-candidates	contents_3009306245.pak	ERM FU Meat Chunk patch		0	0	표시 문자열 후보 0건
exclude-no-candidates	contents_3009820691.pak	destiny_ost_repl	test ost mod upload	0	0	표시 문자열 후보 0건
exclude-no-candidates	contents_3010955719.pak	Elithian Energy Weapon FU Patch	Elithian Energy Weapon FU Patch	0	0	표시 문자열 후보 0건
exclude-no-candidates	contents_3014317291.pak	Elithian Craftable Flashlights	Elithian Craftable Flashlights	0	0	표시 문자열 후보 0건
exclude-no-candidates	contents_3015818996.pak	[GIC] FU armor with GIC augment	[GIC] FU armor with GIC augment	0	0	표시 문자열 후보 0건
exclude-no-candidates	contents_3019188957.pak	ES-MatterExtractor_REBALANCED	Enhanced Storage Matter Extractor - REBALANCED	0	0	표시 문자열 후보 0건
exclude-no-candidates	contents_3019677199.pak	nmm_enstorpatch	nuggubs' Mega Mod Enhanced Storage Patch	0	0	표시 문자열 후보 0건
exclude-no-candidates	contents_3029670850.pak	ArcanaTerraforgePatch	Arcana - Terraforge patch (Craftable terraformers)	0	0	표시 문자열 후보 0건
exclude-no-candidates	contents_3030900103.pak	ExtendedGUITerraforge	Extended GUI for Terraforge	0	0	표시 문자열 후보 0건
exclude-no-candidates	contents_3030902631.pak	ManyTabsTerraforge1	Many Tabs for Terraforge (1/2)	0	0	표시 문자열 후보 0건
exclude-no-candidates	contents_3032664993.pak	BK3KCompatAddon	BK3K-Various Mods Compatibility Addon	0	0	표시 문자열 후보 0건
exclude-no-candidates	contents_3037288458.pak	FuzzierNekiFloof	Fuzzier NekiFloof	0	0	표시 문자열 후보 0건
exclude-no-candidates	contents_3046915477.pak	pfstarburst_betasuitpatch	Betabound Suit Patch for Starburst Rework	0	0	표시 문자열 후보 0건
exclude-no-candidates	contents_3058028748.pak	StarboundGoodGamesFixes	Starbound - Good Game's Fixes	0	0	표시 문자열 후보 0건
exclude-no-candidates	contents_3065586024.pak	BookOfSpirits-NamesForAllNPC	Book of Spirits - Names For All NPCs	0	0	표시 문자열 후보 0건
exclude-no-candidates	contents_3071398361.pak	Frackin Patch For U.S.C.M. Alt. Progression mod	Frackin Patch For U.S.C.M. Alt. Progression mod	0	0	표시 문자열 후보 0건
exclude-no-candidates	contents_3077933615.pak	Weather Lag Fix	Weather Lag Fix	0	0	표시 문자열 후보 0건
exclude-no-candidates	contents_3109616623.pak	ExpandedMagnorbsGoodGamesFixes	Expanded Magnorbs - Good Game's Fixes	0	0	표시 문자열 후보 0건
exclude-no-candidates	contents_3126098974.pak	PeacekeepersArsenalGoodGamesFixes	Peacekeeper's Arsenal - Good Game's fixes	0	0	표시 문자열 후보 0건
exclude-no-candidates	contents_3130082417.pak	pat_collectionnumberer	Collection numberer	0	0	표시 문자열 후보 0건
exclude-no-candidates	contents_3138628476.pak	GiC Logo Remover	GiC Logo Remover	0	0	표시 문자열 후보 0건
exclude-no-candidates	contents_3140827067.pak	snipingcrew120	Crew Can Snipe (120)	0	0	표시 문자열 후보 0건
exclude-no-candidates	contents_3145129643.pak	FUBYOSRACESPATCH	FU BYOS RACES PATCH	0	0	표시 문자열 후보 0건
exclude-no-candidates	contents_3164757879.pak	AvaliSFX	Avali sounds	0	0	표시 문자열 후보 0건
exclude-no-candidates	contents_3166013233.pak	antr_cosmeticEffects_utilityEffects	[Cosmetic Effects] Utility Effects	0	0	표시 문자열 후보 0건
exclude-no-candidates	contents_3166567877.pak	ShellguardEngineerFix	Shellguard Engineer Fix	0	0	표시 문자열 후보 0건
exclude-no-candidates	contents_3166606156.pak	ShellguardFullbright	Shellguard Fullbright	0	0	표시 문자열 후보 0건
exclude-no-candidates	contents_3166608545.pak	Elithian Fullbright	Elithian Fullbright	0	0	표시 문자열 후보 0건
exclude-no-candidates	contents_3181091861.pak	Neki Racial Descriptions for Mechineki	Neki Racial Descriptions for Mechineki	0	0	표시 문자열 후보 0건
exclude-no-candidates	contents_3192167067.pak	tdg-gic-enhanced-storage	[GiC] Enhanced Storage Patch	0	0	표시 문자열 후보 0건
exclude-no-candidates	contents_3195444456.pak	nmm_unifiedgold	Unified Gold	0	0	표시 문자열 후보 0건
exclude-no-candidates	contents_3200546118.pak	Double Jump Effect Retexture	Double Jump Effect Retexture	0	0	표시 문자열 후보 0건
exclude-no-candidates	contents_3208283582.pak	OmRaceTraits-DefaultTooltip	Race Traits - Default Tooltip	0	0	표시 문자열 후보 0건
exclude-no-candidates	contents_3222936740.pak	paperwindowpatch	Transluscent Paper Screen Walls	0	0	표시 문자열 후보 0건
exclude-no-candidates	contents_3223894534.pak	reuseBottles	Reusable Bottles	0	0	표시 문자열 후보 0건
exclude-no-candidates	contents_3225377547.pak	spicedMenuMusic	Spicebound:Menu Music	0	0	표시 문자열 후보 0건
exclude-no-candidates	contents_3225378587.pak	spicedMenuMusic_Arcana	Spicebound:Menu Music - Arcana	0	0	표시 문자열 후보 0건
exclude-no-candidates	contents_3225378671.pak	spicedMenuMusic_Betabound	Spicebound:Menu Music - Betabound	0	0	표시 문자열 후보 0건
exclude-no-candidates	contents_3225378740.pak	spicedMenuMusic_Frackin	Spicebound:Menu Music - Frackin' Universe	0	0	표시 문자열 후보 0건
exclude-no-candidates	contents_3225378807.pak	spicedMenuMusic_WeepNot	Spicebound:Menu Music - Weep Not, My Child	0	0	표시 문자열 후보 0건
exclude-no-candidates	contents_3270016569.pak	pat_crazyring	crazyring warp cinematic	0	0	표시 문자열 후보 0건
exclude-no-candidates	contents_3277624648.pak	NFOF	Neki Furniture - Other Floofs	0	0	표시 문자열 후보 0건
exclude-no-candidates	contents_3277732237.pak	nmm_vttp_modpatch	nVTTP - Mod Compat Patch	0	0	표시 문자열 후보 0건
exclude-no-candidates	contents_3277732919.pak	nmm_vttp_omnicrafter	Omnicrafter Resprite	0	0	표시 문자열 후보 0건
exclude-no-candidates	contents_3277803571.pak	cmdr_mechinekiplayervoicepatch	Mechineki + Player Voice Compatibility Patch	0	0	표시 문자열 후보 0건
exclude-no-candidates	contents_3278292921.pak	MyEnterniaEnhancedStorage	My Enternia Enhanced Storage Patch	0	0	표시 문자열 후보 0건
exclude-no-candidates	contents_3287628601.pak	NPCs Keep Quest	NPCs Keep Quest	0	0	표시 문자열 후보 0건
exclude-no-candidates	contents_3293208013.pak	Darker_Celestial_Shadows	Darker Celestial Shadows	0	0	표시 문자열 후보 0건
exclude-no-candidates	contents_3298510103.pak	nmm-priceadjustments	nuggubs' Price Adjustments	0	0	표시 문자열 후보 0건
exclude-no-candidates	contents_3299480450.pak	AAAreuseBottles	Alien Alcohols: Reuse Bottles	0	0	표시 문자열 후보 0건
exclude-no-candidates	contents_3299480629.pak	M32reuseBottles	M32 Drinks: Reuse Bottles	0	0	표시 문자열 후보 0건
exclude-no-candidates	contents_3308976351.pak	CityboundGuardPatch	Citybound Human Guard MicroPatch	0	0	표시 문자열 후보 0건
exclude-no-candidates	contents_3318166719.pak	PlayerVoicePatch	Player Voice w/ More Ouch Noises Patch	0	0	표시 문자열 후보 0건
exclude-no-candidates	contents_3354788395.pak	(Objectively) Less Annoying Low Health Alarm	(Objectively) Less Annoying Low Health Alarm	0	0	표시 문자열 후보 0건
exclude-no-candidates	contents_3356730157.pak	Erchius Girl	Erchius Girl	0	0	표시 문자열 후보 0건
exclude-no-candidates	contents_3359876550.pak	NEONPUNK Title screen [oSB] 	NEONPUNK Title screen[oSB]	0	0	표시 문자열 후보 0건
exclude-no-candidates	contents_3385818446.pak	AnomsOutpostOverhaul_ProjectIrisil	Anom's Outpost Overhaul - Project Irisil Patch	0	0	표시 문자열 후보 0건
exclude-no-candidates	contents_3385966710.pak	AnomsOutpostOverhaul_PixelEquipment	Anom's Outpost Overhaul - Pixel Equipment Reloaded Patch	0	0	표시 문자열 후보 0건
exclude-no-candidates	contents_3534582033.pak	TBWorkaround	tileBroken Workaround	0	0	표시 문자열 후보 0건
exclude-no-candidates	contents_729426797.pak	Extended GUI	Extended GUI	0	0	표시 문자열 후보 0건
exclude-no-candidates	contents_729429377.pak	felinsfurplus	Felin Fur+	0	0	표시 문자열 후보 0건
exclude-no-candidates	contents_729524482.pak	ContainerUITweak	Container UI Tweak	0	0	표시 문자열 후보 0건
exclude-no-candidates	contents_729599895.pak	automaticDoors	Automatic Doors	0	0	표시 문자열 후보 0건
exclude-no-candidates	contents_729626550.pak	Obe Monster Parts	Obe Monster Parts	0	0	표시 문자열 후보 0건
exclude-no-candidates	contents_729746228.pak	Disabled drop for Survival Mode	Disabled drop for Survival Mode	0	0	표시 문자열 후보 0건
exclude-no-candidates	contents_730353842.pak	Desert Music Restored	Desert Music Restored	0	0	표시 문자열 후보 0건
exclude-no-candidates	contents_730360251.pak	Ocean Music Restored	Ocean Music Restored	0	0	표시 문자열 후보 0건
exclude-no-candidates	contents_730378641.pak	PerennialCrops	Perennial Crops	0	0	표시 문자열 후보 0건
exclude-no-candidates	contents_730745660.pak	AnTiMonster	AnTiMonster	0	0	표시 문자열 후보 0건
exclude-no-candidates	contents_730852387.pak	EverFrogg	EverFrogg	0	0	표시 문자열 후보 0건
exclude-no-candidates	contents_731035127.pak	Less Sky (RAM's version)	Less Sky	0	0	표시 문자열 후보 0건
exclude-no-candidates	contents_731044896.pak	CompactCrops	Compact Crops	0	0	표시 문자열 후보 0건
exclude-no-candidates	contents_731489261.pak	Hylotl Voice Fix	Hylotl Voice Fix	0	0	표시 문자열 후보 0건
exclude-no-candidates	contents_732371478.pak	shadowedatmospheres	Shadowed Atmospheres	0	0	표시 문자열 후보 0건
exclude-no-candidates	contents_732985336.pak	felinsobjectplus	Felin Objects+	0	0	표시 문자열 후보 0건
exclude-no-candidates	contents_736040778.pak	Tanz Tweaks - Textures	Tanz Tweaks - Textures	0	0	표시 문자열 후보 0건
exclude-no-candidates	contents_736752766.pak	Monster Part Mod Pack	Monster Part Mod Pack	0	0	표시 문자열 후보 0건
exclude-no-candidates	contents_737195784.pak	Missing Music Addition [Soundtrack]	Missing Music Addition [Soundtrack]	0	0	표시 문자열 후보 0건
exclude-no-candidates	contents_744621236.pak	wvr_crew_lava	Too Dumb to Live: Crew lava/poison immunity	0	0	표시 문자열 후보 0건
exclude-no-candidates	contents_745519873.pak	Compact Crops for New Farmables: Hemp	Compact Crops for New Farmables: Hemp	0	0	표시 문자열 후보 0건
exclude-no-candidates	contents_749382770.pak	EverPenguin	EverPenguin	0	0	표시 문자열 후보 0건
exclude-no-candidates	contents_749386227.pak	EverLana	EverLana	0	0	표시 문자열 후보 0건
exclude-no-candidates	contents_750140864.pak	Action Spawners	Action Spawners	0	0	표시 문자열 후보 0건
exclude-no-candidates	contents_751868467.pak	Magic Labels	Magic Labels	0	0	표시 문자열 후보 0건
exclude-no-candidates	contents_752112050.pak	BetterSleep	BetterSleep	0	0	표시 문자열 후보 0건
exclude-no-candidates	contents_753833699.pak	Geek's Woosh V2	Geek's Woosh V2	0	0	표시 문자열 후보 0건
exclude-no-candidates	contents_771819285.pak	Improved Merchants	Improved Merchants	0	0	표시 문자열 후보 0건
exclude-no-candidates	contents_776078387.pak	Easier Bows	Easier Bows	0	0	표시 문자열 후보 0건
exclude-no-candidates	contents_784179199.pak	Outpost Nebula	Outpost Nebula - Orion	0	0	표시 문자열 후보 0건
exclude-no-candidates	contents_810113582.pak	Dark Souls Sound Mod Quieter Version	Dark Souls Money pick up sound Quieter Version	0	0	표시 문자열 후보 0건
exclude-no-candidates	contents_817468961.pak	meleeaim	Melee Aiming	0	0	표시 문자열 후보 0건
exclude-no-candidates	contents_832872255.pak	Lord of the Rings Music Addition	Lord of the Rings Music Addition	0	0	표시 문자열 후보 0건
exclude-no-candidates	contents_869900472.pak	AvaliPerennialCrops	Avali Perennial Crops	0	0	표시 문자열 후보 0건
exclude-no-candidates	contents_872296411.pak	Dark Souls-like broadsword idle	Dark Souls-like broadsword idle	0	0	표시 문자열 후보 0건
exclude-no-candidates	contents_874199496.pak	galaxy	Starry sky	0	0	표시 문자열 후보 0건
exclude-no-candidates	contents_879789773.pak	darksoulsidlepatch	Dark Souls-like Broadsword idle - Energy Sword Patch	0	0	표시 문자열 후보 0건
exclude-no-candidates	contents_889490070.pak	galaxyFUver	Starry sky(FU)	0	0	표시 문자열 후보 0건
exclude-no-candidates	contents_892426652.pak	Player UI Redone	Player UI Redone	0	0	표시 문자열 후보 0건
exclude-no-candidates	contents_924665383.pak	WhyIsThisNotPrintable	Why is this not printable?!	0	0	표시 문자열 후보 0건
exclude-no-candidates	contents_935934101.pak	CraftableConcoctionsFUAddon	Craftable Concoctions: Frackin Universe Addon	0	0	표시 문자열 후보 0건
exclude-no-candidates	contents_952424668.pak	Furniture Song Replacement mod	Furniture Song Replacement mod	0	0	표시 문자열 후보 0건
exclude-no-candidates	contents_953251013.pak	Atmospheric Entry	Atmospheric Entry	0	0	표시 문자열 후보 0건
exclude-no-candidates	contents_956247051.pak	many_tabs2	Many Tabs (2/2)	0	0	표시 문자열 후보 0건
exclude-no-candidates	contents_960708990.pak	Hop On Shops	Hop On Shops	0	0	표시 문자열 후보 0건
exclude-no-candidates	contents_961347741.pak	crewDontCloseDoors	Crew Don't Close Doors As Much	0	0	표시 문자열 후보 0건
exclude-no-candidates	contents_962379099.pak	speciesreplace	Species Clothing	0	0	표시 문자열 후보 0건
exclude-no-candidates	contents_965461640.pak	Hard impact	Hard impact	0	0	표시 문자열 후보 0건
exclude-no-candidates	Craftable_Seeds_Avali_1.0_compat.pak	craftableseedsavali	Craftable Seeds: Avali Addon	0	0	표시 문자열 후보 0건
exclude-no-candidates	drx_fix_npc_protect_quest_2440281893.pak	fixNPCProtectQuest	Fix protect NPC quest	0	0	표시 문자열 후보 0건
exclude-no-candidates	El_Race_fix_contents_3053738400.pak	ElithianRacesGoodGamesFixes	Elithian Races - Good Game's fixes (Includes Custom Collection UI conflict fix)	0	0	표시 문자열 후보 0건
exclude-no-candidates	enemy_mech_contents_3390666416.pak	enemymechnpc	Real Ferozium (Enemy Mechs)	0	0	표시 문자열 후보 0건
exclude-no-candidates	Font.pak			0	0	표시 문자열 후보 0건
exclude-no-candidates	food_bar_contents_1099450875.pak	food_spoil_bars	Food Spoil Bars	0	0	표시 문자열 후보 0건
exclude-no-candidates	FU_Extraction_Arcana_contents_3350051925.pak	FU Extraction Patch for Arcana (Fixed)	FU Extraction Patch for Arcana (Fixed)	0	0	표시 문자열 후보 0건
exclude-no-candidates	Futara_Shader_contents_2422986190.pak	Futara's Dragon Pixel Full Bright Shader	Futara's Dragon Pixel Full Bright Shader	0	0	표시 문자열 후보 0건
exclude-no-candidates	ganransu_turretNdrone_2905283163.pak	Drone and Turret Reskin	RPG Growth Mechanist's Drone/Turret Reskin	0	0	표시 문자열 후보 0건
exclude-no-candidates	GIC_BK3K_Base_Compat_contents_3700097203.pak	gic_bk3k_inventory_compatible	GIC [v4.0+] bk3k Inventory Compatible	0	0	표시 문자열 후보 0건
exclude-no-candidates	GIC_BK3K_Sorting_Compat_contents_3778034807.pak	BK3K-GIC_Compatibility	BK3K-GIC Compatibility	0	0	표시 문자열 후보 0건
exclude-no-candidates	gic_gl_reskin_contents_3400895443.pak	[GIC]Glitch Reskin patch	[GIC]Glitch Reskin patch	0	0	표시 문자열 후보 0건
exclude-no-candidates	GIC_Otherworlds_Music_contents_3731147091.pak	GiC_Otherworlds_Music	[MUSIC] Galaxy In Conflict: Otherworlds	0	0	표시 문자열 후보 0건
exclude-no-candidates	gic_reskin_contents_3090704586.pak	[GIC] Galaxy in Conflict Reskin patch	[GIC] Galaxy in Conflict Reskin patch	0	0	표시 문자열 후보 0건
exclude-no-candidates	HLib_contents_1189065705.pak	HLib	HLib	0	0	표시 문자열 후보 0건
exclude-no-candidates	HLibPlus_contents_2919826588.pak	HLibPlus	HLibPlus	0	0	표시 문자열 후보 0건
exclude-no-candidates	Improved_Damage_Particles_contents_2451489168.pak	Damage Particles	Improved Damage Particles	0	0	표시 문자열 후보 0건
exclude-no-candidates	inventory180_contents_1410562400.pak	bk3k_inventory_180slots	bk3k's Inventory - 180 Slot Patch	0	0	표시 문자열 후보 0건
exclude-no-candidates	item_filter_yellow_contents_1814789921.pak	JSSFilterByRarityExtended	Filter by Rarity - Extended Edition	0	0	표시 문자열 후보 0건
exclude-no-candidates	Less_Annoying_Weather_rev1_compat.pak	No Annoying Weather	No Annoying Weather	0	0	표시 문자열 후보 0건
exclude-no-candidates	loadtime_2302257069.pak	XRC_LOADTIME	Loading Timer	0	0	표시 문자열 후보 0건
exclude-no-candidates	mech_bar_contents_3390657059.pak	npcmechhealthbars	NPC Mech Healthbars	0	0	표시 문자열 후보 0건
exclude-no-candidates	mech_blueprint_Anomoutpost_contents_3381267540.pak	BuyMechBlueprints	Buyable Mech Blueprints	0	0	표시 문자열 후보 0건
exclude-no-candidates	mech_hitbox_contents_3385308492.pak	mechhitboxfix	Mech Hitbox Fix	0	0	표시 문자열 후보 0건
exclude-no-candidates	mech_load_contents_3371011064.pak	mechcompatload	Mech Compatibility Loader	0	0	표시 문자열 후보 0건
exclude-no-candidates	mechcore_contents_3371002682.pak	mechcompatcore	Mech Compatibility Core	0	0	표시 문자열 후보 0건
exclude-no-candidates	missing_physic_contents_3014571970.pak	missingphysical	Missing Physical Definition	0	0	표시 문자열 후보 0건
exclude-no-candidates	mon_loader_contents_2442873217.pak	monstercompatloader	Monster Compatibility Loader	0	0	표시 문자열 후보 0건
exclude-no-candidates	Monster_Core_contents_2442860690.pak	monstercompatcore	Monster Core : Configuration	0	0	표시 문자열 후보 0건
exclude-no-candidates	nenEKI_Station_contents_3344198231.pak	NEKIStation	NEKIStation	0	0	표시 문자열 후보 0건
exclude-no-candidates	No_Protectorate_Spinner_2497566233.pak			0	0	표시 문자열 후보 0건
exclude-no-candidates	osb_food_stack_contents_3301942276.pak	UnLimitedFoodStacking	[oSB] Unlimited Food Stacking	0	0	표시 문자열 후보 0건
exclude-no-candidates	player_bar_type_contents_3394719204.pak	bl3playerbarspecies	Player Bar - Species Types	0	0	표시 문자열 후보 0건
exclude-no-candidates	Player_Healthbar_Clean_contents_3384559894.pak	blshieldcleanbars	Player Healthbar Clean textures	0	0	표시 문자열 후보 0건
exclude-no-candidates	Quick_Commands_contents_3145473452.pak	XRC_quickCommands	[SE/oSB] Quick Commands!	0	0	표시 문자열 후보 0건
exclude-no-candidates	RemixedStarNames_2986660950.pak	Remixed Star Names	Remixed Star Names	0	0	표시 문자열 후보 0건
exclude-no-candidates	SaveInventoryPosition_contents_3331093074.pak	pat_saveInventoryPosition	Save Inventory Position	0	0	표시 문자열 후보 0건
exclude-no-candidates	size_stat_contents_3218827753.pak	sizeofstats	Size of Life - Stat Modifiers	0	0	표시 문자열 후보 0건
exclude-no-candidates	size_vanilla_contents_3218826863.pak	sizeofspeciesvanilla	Size of Life - Vanilla Species	0	0	표시 문자열 후보 0건
exclude-no-candidates	spookit_knockback_contents_3371072235.pak	kyt_betterspookit	^white;Less ^red;Annoying ^violet;Sp^indigo;ook^black;it!^reset;	0	0	표시 문자열 후보 0건
exclude-no-candidates	Stardust_Monster_Core_contents_2690363974.pak	stardustmonstercore_patch	Stardust | Monster Core patch	0	0	표시 문자열 후보 0건
exclude-no-candidates	SupremeExvoidimus_2441120266.pak	SupremeExvoidimus	Terraria Calamity Mod - Stained, Brutal Calamity final boss music for Extended Story	0	0	표시 문자열 후보 0건
exclude-no-candidates	SxB-Lamia.pak	sexbound_Lamia	Sexbound API - Lamia Species	0	0	표시 문자열 후보 0건
exclude-no-candidates	SxB-POV_Redux_masterbate_420.pak	pov_redux	Sexbound - PoV Redux	0	0	표시 문자열 후보 0건
exclude-no-candidates	SxB-Races_Viera_v3.0.pak	SxB-Races_Viera	SxB Race - Viera Species	0	0	표시 문자열 후보 0건
exclude-no-candidates	SxB-Relayer09.pak	sexbound_relayer	Sexbound - Relayerer	0	0	표시 문자열 후보 0건
exclude-no-candidates	SxB_-_TemTems_Teratoscenes.pak	sexbound_TeratophiliaScenesPack	Sexbound - Teratophilia Scenes Pack	0	0	표시 문자열 후보 0건
exclude-no-candidates	sxb_NekiFloofSxB.pak	NekiFloofSxB	^pink;NekiFloofSxB^reset;	0	0	표시 문자열 후보 0건
exclude-no-candidates	sxb_NekiSxB.pak	NekiSxB	^pink;NekiSxB^reset;	0	0	표시 문자열 후보 0건
exclude-no-candidates	sxb_Sexbound POV Avians.pak			0	0	표시 문자열 후보 0건
exclude-no-candidates	sxb_Sexbound_GiC.pak	SexboundAPI_GiCcute	Sexbound API - GiC Cutebound	0	0	표시 문자열 후보 0건
exclude-no-candidates	sxb_TTPP_Cutebound.pak	TTPP cutebound furnitures	TTPP furnitures	0	0	표시 문자열 후보 0건
exclude-no-candidates	terraliblite_contents_2230165463.pak	terraliblite	TerraLib Lite	0	0	표시 문자열 후보 0건
exclude-no-candidates	Tile_Tweaks_contents_1483622891.pak	TileTweaks	Tile Tweaks	0	0	표시 문자열 후보 0건
exclude-no-candidates	Tooltip_Fix_contents_3355387636.pak	adh_ocd_tooltip_fixes	[oSB] OCD Tooltip Fix	0	0	표시 문자열 후보 0건
exclude-no-candidates	UnderstaffedPeacekeepers_contents_3133450581.pak	ProjectRedemptionPeacekeeperBlocker	Understaffed Peacekeepers	0	0	표시 문자열 후보 0건
exclude-no-candidates	usebathtubs_v1.3_862287085.pak	Usable Bathtubs		0	0	표시 문자열 후보 0건
exclude-no-candidates	useuprighttorturebed_v1.0_1334165490.pak	Improved Upright Torture Bed		0	0	표시 문자열 후보 0건
exclude-no-candidates	vanila_boss_hpdmg_contents_3333222908.pak	Mega Bosses - Health + Damage	Mega Bosses	0	0	표시 문자열 후보 0건
exclude-no-candidates	workingshower_v1.1_894901052.pak	Working Showers		0	0	표시 문자열 후보 0건
exclude-no-candidates	wormlib_contents_2230165463.pak	wormlib		0	0	표시 문자열 후보 0건
existing-translation-source	-2500_trans+FFS_Feast_of_Fire_and_Smoke_heal_fix.pak	FFS	[FFS]Feast of Fire and Smoke	373	1814	활성 번역/병합 pak
existing-translation-source	trans+dmgfix_starforge_contents_2431875552.pak	The Starforge v1.0	The Starforge v1.1.5	391	1640	활성 번역/병합 pak
existing-translation-source	trans+Avali_contents_729558042.pak	Avali	Avali (Triage) Race Mod	237	1391	활성 번역/병합 pak
existing-translation-source	trans+Shellguard_contents_1563376005.pak	Shellguard Expansion 	Shellguard: Starbound Expansion Remastered	319	1298	활성 번역/병합 pak
existing-translation-source	trans+Stargate_Invasion_contents_1195446899.pak	Stargate Invasion	Stargate Invasion 0.8.8a	122	575	활성 번역/병합 pak
existing-translation-source	FU_KO_contents_3166424163.pak	FUlocaleko	Frackin' Universe 한국어화 모드 [BETA] (한글 번역)	425	537	활성 번역/병합 pak
existing-translation-source	Project_Redemption_12.3_FU_SBKor_compat.pak	Project Redemption	Project Redemption	126	271	활성 번역/병합 pak
existing-translation-source	-9998_trans_sbkor_0.98_structfix.pak	sbkor	Starbound Korean Patch	4	12	활성 번역/병합 pak
priority-legacy-alignment	FrackinUniverse_contents_729480149.pak	FrackinUniverse	Frackin' Universe	11360	39118	FU_KO + 백업본
priority-legacy-alignment	Galaxy_in_Conflict_contents_2754886445.pak	Galaxy_in_Conflict	Galaxy in Conflict [v4.3.2 - Roots of the Old Blood]	6492	13885	구 GiC 병합 번역
priority-legacy-alignment	Black_Armory_4.2.5_FU_NEKI_compat.pak	The Black Armory	The Black Armory (Version 4.2.5)	291	1682	구 Black Armory 병합 번역
priority-legacy-alignment	Extended_Story_contents_899795176.pak	Extended Story	^#dbf2ff;Extended St^#c700c7;O^#dbf2ff;ry	522	1608	구 Extended Story 병합 번역
priority-legacy-alignment	NonEKI_9_FU_compat.pak	NonEKI	N.E.K.I. (Non-Essential Kitty Interface)	95	844	구 NonEKI 병합 번역
