1020	''편집증.''

^orange;상호작용해 읽습니다.^reset;
1021	''페르 마레, 페르 테람(바다로, 땅으로).''
  
스텐 건은 역사적으로 9x19mm 파라벨럼을 사용했는데, 이는 독일군과 같은 탄약을 써서 적 보급고에서 보급받으려는 의도였습니다.
1022	''페르 마레, 페르 테람(바다로, 땅으로).''
  
스텐 건은 역사적으로 9x19mm 파라벨럼을 사용했는데, 이는 독일군과 같은 탄약을 써서 적 보급고에서 보급받으려는 의도였습니다.

^orange;해병: 0.6초 패링 창 | 안정성 100HP^reset;
1023	''준비된 채로 우리는 나아가 조상들을 만났다: 정체되어 죽어가는 문명.''
^yellow;명중한 대상에게 돌발 타격을 부여해 이후 사격에 +50% 피해를 줍니다. 대상이 0.5초간 다시 맞지 않으면(통합 억제), 480초간 돌발 타격에 저항합니다.^white;
^orange;각 '진짜' 사격은 50% 확률로 적 보병에게 짧은 공황을 유발합니다.^reset; AS-VAL 9x39mm 탄창을 사용합니다.
^green;"보조 발사"를 길게 누르면 완전 자동과 반자동을 전환합니다.^reset;
1024	''보호국 놈들은 이게 날아오는 걸 보면 미쳐버리지. 못 죽여도 죽어가는 매 순간을 느끼게 해주마. 그래, 도망쳐라 이 쪼잔한 놈들아! 달려!''
^#D96045;회전톱 빙글빙글: 내밀고 있으면 빠른 접촉 피해를 주지만 넉백은 없고 내밀고 있는 동안 조준 회전 불가 | 명중 시 중출혈 부여.
^#D6DFFF;인내: [SHIFT]로 무기의 혼을 불러 근처 적을 순간 기절시킵니다. 20초간 완전한 넉백 저항 획득 | 재사용 대기 30초.^reset;
1025	''사이킥 장벽.''

^orange;상호작용해 읽습니다.^reset;
1026	''사이킥 비명.''

^orange;상호작용해 읽습니다.^reset;
1027	''마음에서 영원을 수확하라. 물이 떨어지는 걸 보아라. 모든 고통이 전부를 덮기 전에 밀어내라.''
^orange;마지막 타격이 5초간 찢김 부여(출혈이 초당 +20 피해 | 출혈 중이 아니면 효과 없음).^reset;
^#D6DFFF;피의 부여 [적에게 점멸]: 3초간 모든 근접 공격에 피의 베기 강화 | 준비 0.5초 | MP 80.^reset;
^#FFEEC6;시노비 이아이주츠 [SHIFT]: 단순하고 빠른 이단 베기 후 거두며 후퇴 | 재사용 대기 20초.^reset;
1028	''나의 원수여, 나를 두고 기뻐하지 말라. 내가 넘어져도 다시 일어서리니, 내가 어둠 속에 앉아 있어도 주께서 내게 빛이 되시리라.''

^orange;창 사거리 위 모든 타격에 더 큰 타격 범위로 베기와 출혈 피해.^reset;
^yellow;패링 [ALT-FIRE]: 0.4초 패링 창 | 안정성 30HP.^white;
^#FFEEC6;찢김 태세 [SHIFT]: 톱을 앞으로 들어 10초간 버팁니다. 기병 같은 높은 회피 유닛을 완화하는 반복 피해 | 재사용 대기 35초.^reset;
1029	''술과 금을 위해 모든 걸 건다.''

바위를 부수도록 설계된 채광 도구입니다. 효과적인 무기는 아니지만 비상용으로 쓸 수 있어 갑옷을 뚫고 ^red;출혈 피해^reset;를 줍니다.

^orange;블록을 파괴합니다.
1030	''떨어져 가는 중.''

^orange;상호작용해 읽습니다.^reset;
1031	''쉿! 소리 내지 마.''

쿠르토비나형 행성의 여러 벙커 콤플렉스 중 하나에서 발견된 변칙적이지만 그 외엔 평범한 유물입니다. 얕은 깊이 RUNDOWN에서 가장 흔하며, 일반적으로 초보거나 손이 굳은 RUNDOWN 작전원의 지표입니다.
1032	''드루플로란에게 '시험'할 새 실험탄 배송이 들어왔지. 포탄엔 'WP'라고 쓰여 있었어. 그전까진 돌파조가 그냥 벅샷을 썼다고. 다음에 나무 요새를 소탕하러 나갔을 때, 돌파조가 오두막에 마구 쐈어. 플로란들이 비명을 지르며 집 밖으로 뛰쳐나왔는데, 화학물질이 피부를 태우고, 진흙에 구르고, 물을 끼얹고, 고통을 멈추려고 별짓을 다했어. 안 됐지만.''
18.50x70mm 산탄을 사용합니다.
1033	''병사는 늘 무리로 오니, 네 탄환도 그래야 한다.''
  
대충 조립했지만 이 임시 반자동 권총은 전투에서 놀랄 만큼 믿음직하며, 녹슨 총열, 조잡한 방아쇠, 이어 붙인 탄창이 매끄럽게 함께 작동해 강한 한 방을 담습니다. 묵직한 7.62x39mm 탄을 사용합니다.

^green;Shift를 두 번 눌러 다용도 한 손 그립으로 전환합니다.^reset;
1034	''군주에 어울리는 힘...''

^#CCD8B6;0.6초 패링 | 안정성 110HP | 내리기-올리기 지연 0.35초 | 방어율 95%.^white;
1035	''힘이란 행동이며, 필요한 것을 쫓는 데 모든 것이 소모될 수 있다는 흔들리지 않는 진실에 기반한다.''
  
가즈리의 잔존 아우그멘티르 군이 흔히 운용하는 극도로 신비하고 고풍스러운 무기입니다. 기관단총처럼 보이지만 총의 반동이 지나치게 큽니다. 희한하게도, 이 총은 탄도 화기처럼 하드라이트 탄을 발사하지만 실제 레이저 무기용 ILWS 야전 배터리로 장전합니다.
1036	''속박된.''

^orange;상호작용해 읽습니다.^reset;
1037	''곤경에서 구해줘서 고마워. 네가 아니었으면 그들이 나한테 뭘 했을지 모르겠어. 그중 하나가 어떤 코드 얘기를 하는 걸 들었어. 0947. 용도는 모르겠지만 도움이 될지도 몰라.''
1038	''AI는 알아. 살인자를 잡으려면 살인자를 보내야 해. 아니... 안 돼, 안 돼! 넌 예전의 네가 아냐! 무엇을 들었든, 무엇을 기억하든, 넌 그게 아니야, 이제는 아니라고.''
  
^#BCBC87;Mk23 SOCOM .45 ACP 탄창을 사용합니다.^reset;

^green;Shift를 두 번 눌러 다용도 한 손 그립으로 전환합니다.^reset;
1039	''비행선''

^orange;상호작용해 읽습니다.^reset;
1040	''산적들은 추락한 우주선에서 무리로 몰려와, 살아남을 수 있는 모든 것을 찾았다. 병들고, 굶주리고, 결핍된. 이곳까지 오기 위해 모든 것을 희생한 자들만이 그녀의 첫 시험을 받을 자격이 있었다.''
위협적일 만큼 날카롭긴 하지만, 할 수 있다면 할버드나 창이 더 나은 선택입니다.
^yellow;패링 [ALT-FIRE]: 0.6초 패링 창 | 안정성 40HP.^white;
^#FFEEC6;반격 태세 [SHIFT]: 공격에 대비해 버틉니다. 피격 시 찌르기와 출혈 피해를 주는 빠른 찌르기로 응수합니다.^white;
1041	''산적들이 우리를 대성당으로 안내했다. 군단에게 버림받은 그들은 음식이나 술을 준 자들에게 충성한다. 술주정이나 무의미한 곰곰 생각으로 시간을 보낸다. 우리를 공격할 만큼 어리석진 않았지만, 찌꺼기를 노려 거리를 두고 따라왔다.''

^yellow;패링 [ALT-FIRE]: 0.4초 패링 창 | 안정성 150HP.^reset;
^#FFEEC6;공중 랜스 [SHIFT]: 뒤로 뛰며 조준된 공중 랜스로 표적을 가격 | 재사용 대기 8초.^reset;
1042	''기독교도와 분리파는 요구를 들이밀며 자기 편을 들라 명한다. 둘 다 불균형을 가져왔고, 그 그림자엔 더 큰 적이 도사린다.''
^orange;첫 타격이 0.25초 비틀거림 부여 | 마지막 타격이 3초 비틀거림 부여.
^yellow;패링 [ALT-FIRE]: 0.6초 패링 창 | 안정성 75HP^white; | ^#FFEEC6;질서 수립 [SHIFT]: 검을 들어 경례해 사이킥 폭발을 내보낸 뒤, 타격 피해와 사이킥 파동을 보내는 전진 분쇄 공격을 자동 시전 | 재사용 대기 35초.^white;
1043	''악마는 선하거나 중립적인 마음의 소유자를 빙의하지 않는다. 어둠의 세력은 스스로 행동으로 자발적으로 사로잡히길 허락한 자들에게 들어간다.''
지하묘지에서 적대적 망령에게서 뺏은 창입니다. 주로 창 설계지만 심연 에너지를 사이킥 구슬로 보낼 수 있습니다.
^orange;마지막 타격이 1.5배 사이킥 피해로 전환.
^#FFEEC6;심연 시전 [SHIFT]: 단순하고 강한 구슬을 시전합니다 | 재사용 대기 15초.^white;
1044	''동쪽은 공물로 달래고 서쪽은 우리의 신앙으로 격파했다.''

^orange;마지막 타격이 4초간 지침 부여(타격 저항과 전사 피해 -25%).
^yellow;패링 [ALT-FIRE]: 0.6초 패링 창 | 안정성 30HP^white;
^#FFEEC6;네프스키의 충성 [SHIFT]: 철퇴를 땅에 내리꽂고 고대 병사를 불러 지닌 자와 함께 근접으로 적을 공격하게 합니다. 지속시간에 최대 HP를 계산 | 지속시간 = 기본 5초 + ((현재 최대 HP - 100)/2) | 거두면 효과 만료 | 재사용 대기 = 30초 + 지속시간.^white;
1045	''참회의 막대는 죄 하나마다 커진다. 비대해지고 뒤틀렸다. 염라의 정의는 눈멀었지만, 그 눈먼 덕에 그녀는 인류의 선하고 자연스러운 모든 것을 잊는다!''
^orange;마지막 타격이 심판의 검 비를 앞으로 보냅니다.
^yellow;패링 [ALT-FIRE]: 0.6초 패링 창 | 안정성 75HP.^reset;
^#FFEEC6;재판관과 배심원 [SHIFT]: 원거리 공격의 엄폐가 되는 심판 석상 두 개를 만듭니다. 기본 지속 25초, 피해 시 감소 | 재사용 대기 25초.^reset;
1046	''막부는 늘 해 없는 하늘에 사는 자들의 자비에 달려 있었다. 우리의 모든 물질적 이득은 헛될 것이다. 결국 우리는 제국인 한 명씩 새롭고 현대적인 방식에 적응할 테니까.''

^orange;마지막 타격이 찌르기 사거리를 대가로 2배 피해.
^yellow;패링 [ALT-FIRE]: 0.6초 패링 창 | 안정성 50HP.^white;
^#FFEEC6;찌르기 강타 [SHIFT]: 자루로 적을 찔러 2초간 비틀거림 부여 후 자동으로 베기-찌르기 연계 | 재사용 대기 30초.^white;
1047	''유니탄들은 무기 개발에 열광했다. 하지만 그런 찬란한 업적 뒤에 그들의 천재성 안에는 무기력이 곪아갔다. 열정과 목적 없이는 혁신도 없다.''
  
유나이티드 시스템즈의 현용 7.62x39mm 제식 소총입니다. 현대화된 AK지만 다른 중간 탄 대신 여전히 7.62x39mm AK 탄창을 급탄합니다.
^green;"보조 발사"를 길게 누르면 완전 자동과 반자동을 전환합니다.^reset;
1048	''칼날이 너무 새 거야. 다시 벼려졌어. 그 반영 속에 다른 무언가의 희미한 빛이 보여. 실체가 있는 무언가.''
^orange;공격 시 지닌 자 근처에 유령 베기를 만들어 연계 공격마다 더 많은 피해 | 마지막 타격이 5초간 찢김 부여(출혈이 초당 +20 피해 | 출혈 중이 아니면 효과 없음).^reset;
^yellow;패링 [ALT-FIRE]: 0.75초 패링 창 | 안정성 45HP^reset;
^#FFEEC6;일심 [SHIFT]: 검을 거둬 칼집을 떠난 것처럼 보이지도 않을 만큼 빠른 원거리 사이킥 베기의 소용돌이를 내뿜습니다 | 재사용 대기 30초.^reset;
1049	''피가 흙을 먹이듯, 흙도 생명을 틔워 인간을 먹인다.''
1050	''산적들이 우리를 대성당으로 안내했다. 신도들에게 버림받은 그들은 음식이나 술을 준 자들에게 충성한다. 술주정이나 잔인한 난동으로 시간을 보낸다. 우리를 공격할 만큼 어리석진 않았지만, 찌꺼기를 노려 거리를 두고 따라왔다.''

^yellow;패링 [ALT-FIRE]: 0.6초 패링 창 | 안정성 100HP.^white;
^#FFEEC6;반격 태세 [SHIFT]: 공격에 대비해 버틉니다. 피격 시 높은 베기 피해를 주는 강력한 내려치기로 응수합니다.^white;
1051	''전투 나이프는 이름이 말하는 용도다: 근접전.'' ^orange;최종 공격 피해 2배.
^#D6DFFF;특수부대 [적에게 점멸]: 200 찌르기 피해 | 6초간 무기 숙련도 +25% | 준비 0.25초 | MP 30.^reset;
^#FFEEC6;후퇴 베기 [SHIFT]: 무적 시간과 함께 고피해 공격 | 재사용 대기 10초.
1052	''준비의 대가. 지금은 화폐로 재고, 나중엔 피로 잰다.''
1053	''준비의 대가. 지금은 화폐로 재고, 나중엔 피로 잰다.''

 식민지 정부와 특정 관리자들의 보조금 덕에, 이들 같은 기술자는 고객이 이전에 생리적·심리적 변화를 겪은 적만 있으면 됩니다. 이 변화의 복제와 발현은 기술적 수단으로 이루어집니다.


1054	''장식은 곧 철거되겠지만, 그 순간을 즐기면 되지 않나?''

^orange;크리스마스 2025 시즌 드롭 활성화 | 처치한 보병과 일부 전사형 적이 30% 확률로 크리스마스 선물 드롭 | 2시간 또는 사망까지 지속.
1055	''사막은 너와 함께 숨 쉰다. 남은 적은 생명은 그 아이들에게 주어진다.
1056	''싸움은 전장의 안개와 함께 시작된다.''

겨우 훈련받은 농민이 감시자 역할을 하는 작은 망루입니다. 실제 방어 유닛으론 매우 비효율적이지만, 이 건물이 생성하는 추가 점수가 안전한 전선과 패배를 가를 수 있습니다.
^orange;야전 감시자: 멀리 있는 적을 발견해 지속적으로 징발 점수 생성 | 근접에 극도로 취약 | 건설 시간 30초.^reset;
1057	''잔존 연대와 처음 접촉한 요정들은, 초기 며칠간 수만의 무고한 이들을 집어삼킨 야성 요괴가 일으킨 유혈 사태를 목격했다. 그 참상을 이해할 수 있던 자들은 그냥 미쳐버렸다. 물결처럼, 환생에 환생을 거듭하며, 그들은 쓰러진 동지의 총을 주워 자발적으로 요괴 떼에 몸을 던졌다.''
^orange;동료는 플레이어로 취급되어 플레이어에 영향을 주는 모든 것의 영향을 받습니다. 보스 HP는 증가시키지 않습니다.
1058	''인간 마음의 개척지가 우리를 다시 시작점으로 이끌었다.''
  
보병 마법사에게 요괴와 싸울 수단을 주는 임시 방편으로 고안된 마법 지팡이입니다.
^orange;마지막 타격이 1.5배 피해.
^#FFEEC6;마법 팔랑크스 [SHIFT]: 물리적으로 약화된 연속 공격을 쏟아내며, 표적을 추적하는 영혼 화살의 방진을 소환합니다 | 재사용 대기 35초.^white;
1059	''늘 네 바로 뒤에 있는 소녀. 지켜보고. 듣고 있지.''
^orange;최종 공격 피해 2배^reset; | ^#D6DFFF;방랑 난동 [적에게 점멸]: 200 찌르기 피해 | 1초간 피해 무적 획득 | 준비 0.75초 | MP 40.^reset;
^#FFEEC6;반응 베기 [SHIFT]: 반격 개시. 공격 중 피격 시 강한 내려베기로 응수해 ^red;6초 출혈과 피해 저항 -100%^#FFEEC6;를 3초간 보장.^reset;
1060	''대약진.''

^orange;상호작용해 읽습니다.^reset;
1061	''총은 누가 쐈는지 신경 쓰지 않는다.''

두꺼운 통나무로 만든 토치카에 흑색화약 소총으로 무장한 농민 몇이 배치되어 있습니다. 한 번에 포수 둘만 쏠 수 있고, 보조 장전수가 재장전된 화기를 포수에게 건넵니다. 재장전 시간이 불규칙합니다.

^orange;건설 건물: 건설 시간 45초.^reset;
1062	''인간은 우리 요괴 같은 정련된 훈련도, 이 세계를 삼킨 생물들의 힘도 없지만, 영리해서 적의 화살과 레이저를 되돌리는 방법, 그 이상도 알아낸다.''

여러 발을 넣을 수 있는 내부 관형 탄창이 있는 펌프액션 유탄발사기입니다. 40x46mm LV 유탄을 사용합니다. 한 발씩 개별 장전합니다.
1063	''철퇴가 대장갑의 영광을 얻을지 몰라도, 그 아래 남자를 죽이는 건 단도다.'' - 이름 없는 지하 검투사
^orange;최종 공격 피해 2배.
^#D6DFFF;집중 관통 [적에게 점멸]: 300 찌르기 + 600 출혈 피해 | 준비 0.75초 | MP 50.^reset;
^#FFEEC6;열린 상처 [SHIFT]: 반격 개시. 공격 중 피격 시 강한 내려베기로 응수해 5초 출혈과 개창(출혈이 초당 +40 피해 | 찢김으로 취급 | 출혈 중이 아니면 효과 없음)을 보장.^reset;
1064	''교도관들은 천사의 미소를 띤 채 매일 잔학하고 외설적인 짓을 저지를 수 있다.''

고전 명기로, 목제 가구 반자동 펌프액션 산탄총의 대표입니다. 12게이지 탄을 사용합니다.
1065	''교도관들은 천사의 미소를 띤 채 매일 잔학하고 외설적인 짓을 저지를 수 있다.''

고전 명기로, 목제 가구 반자동 펌프액션 산탄총의 대표입니다. 18.50x70mm 탄을 사용합니다.
1066	''닿는 탄환만이 의미 있는 사격이다.''

자유 용병단 출신 저격수로, 보통은 어떤 식민지 군대 출신입니다. 잘 가공된 머스킷으로 적 표적에 놀라운 명중률을 냅니다.

^orange;방어 태세: 지정 보병이 위치에서 움직이지 않습니다. 엄폐물 뒤에 두는 게 좋습니다.^reset;
1067	''붉은 저택의 소위 꼬마 악마들은 요정 메이드와 비슷한 부류의 조수였다. 조잡한 대궁으로 급히 무장한 그들은 침입자에게 거대한 창 같은 화살을 퍼붓는 임무를 맡았다. 흩어진 작은 표적엔 별로 먹히지 않는 방식이었다.''

^orange;동료는 플레이어로 취급되어 플레이어에 영향을 주는 모든 것의 영향을 받습니다. 보스 HP는 증가시키지 않습니다.
1068	''창은 인류의 가장 오래된 진짜 무기 중 하나였다. 이 육체 흉물이 인류의 가장 오래된 무기 중 하나를 해석한 방식에는 원초적인 무언가가 있다.''

^orange;마지막 타격이 찌르기 사거리를 대가로 6초간 찢김 부여(출혈이 초당 +20 피해 | 출혈 중이 아니면 효과 없음).
^yellow;패링 [ALT-FIRE]: 0.6초 패링 창 | 안정성 50HP.^white;
^#FFEEC6;육체 관통 [SHIFT]: 공중으로 뛰어 아래로 찔러 엄청난 피해 | 재사용 대기 30초.^white;
1069	''고대 전장의 전차.''

고급 사슬갑옷을 입고 루체른, 즉 할버드의 망치 변형을 든 기사입니다. 루체른병은 한 명만으로도 적을 묶어둘 수 있습니다. 루체른이 엄청난 대방패 능력을 주기 때문입니다.

^orange;돌격 태세: 지정 보병이 적을 향해 이동해 공격합니다.^reset;
1070	''이 세계의 이름은 환상향, 인류가 심연을 상대로 최후의 전투를 이끌 곳. 한 변이 백 리에 달한다. 그래서 이 골짜기가 선택되었네.''

[원형: 오컬티스트]
1071	''이 세계의 이름은 환상향, 인류가 심연을 상대로 최후의 전투를 이끌 곳. 한 변이 백 리에 달한다. 그래서 이 골짜기가 선택되었네.''

[원형: 늑대 텐구]
1072	''전차나 장갑 수송차를 파괴하는 데 쓸 수 있는 무기는 많다. 가장 자주 쓰이는 건 LAW, 드래곤, TOW, 지뢰, M203 유탄발사기의 고폭력양용(HEDP)탄이다. 하지만 이 무기들이 없을 때도 있다. 그럴 땐 야전 즉석 장치를 써야 할 수도 있다. 이 부록은 적절한 장치 몇 가지를 설명한다.''
^#96CBE7;습득 시: 독수리 칵테일 폭발 장치 수제 제작법을 배웁니다.
1073	''껍질을 반복해 죽이는 걸 즐기는 자들이 있다. 껍질은 완벽한 격투 상대니까. 피는 흘리지만 죽을 수 없는.''
^green;[SHIFT]를 누르고 있으면 패링.^reset;
^yellow;연계에 주먹 2개 필요. 효과는 대상을 친 주먹에 따라 다름.^reset;
^orange;서서: 약-약-강^reset; | ^orange;앉아서: 약-강^reset;
^orange;[방어] + [약]으로 [쐐기 베기] 시전^reset;
^yellow;안정성 35HP^reset; | ^green;완벽 패링은 HP를 회복합니다.^reset;
^orange;[강] 공격은 대상에 조준 고정(피해 저항 -100%)을 발동합니다.^reset;
1074	''우려가 있어...''

^orange;상호작용해 읽습니다.^reset;
1075	''농민을 이끄는 데는 기술이 있다.''

농민 창병 사촌들의 원거리 버전으로, 이 석궁병들은 재장전이 느리고 거의 타격을 못 겁니다. 유일한 희망은 엄폐물 뒤에 충분한 수를 두고 순전한 투사 물량으로 적을 압도하는 것입니다.
^orange;방어 태세: 지정 보병이 위치에서 움직이지 않습니다. 엄폐물 뒤에 두는 게 좋습니다.^reset;
1076	''이 타락한 깊이엔 대부분이 생각하는 것보다 훨씬 많은 것이 있다. 불을 가까이 두어라. 어둠은 빛을 혐오하니까.''

몰 가문의 극소수만이 운용하는 총창입니다. 무기 전체에 죽어 잊힌 언어로 명문이 새겨져 있습니다.
^#FFEEC6;돌진 폭발 [SHIFT]: 앞으로 돌진해 빠른 단발 화약 폭발을 발사합니다 | 재사용 대기 15초.^white;
1077	''진흙이 그냥 발밑의 젖은 흙일 뿐이던 때가 있었지, 아무 의미 없는. 이젠 한때였던 세계를 떠올리게 한다.''
진흙, 약초, 대격변 전 이국 화학물질을 섞은 걸쭉한 모래 연고입니다. 약탈자들은 가끔 이 특별한 진흙 혼합물을 발라 화염방사기 효과를 막고 돌격을 조금이나마 쉽게 합니다.
^#7AA8E0;활성 점화 효과를 제거하고 5분간 추가 점화를 막습니다 | 이동 불가 시간: 3초 | 열 저항 +30%.^white;
1078	''사역마와 다른 생물 수비대를 급히 군사화하려던 마술사 몇이 있었다. 이들 중 일부는 박물관 소장품을 건네받고, 점점 군사화되는 환상향에서 주인을 지키길 기대받았다.''

^orange;동료는 플레이어로 취급되어 플레이어에 영향을 주는 모든 것의 영향을 받습니다. 보스 HP는 증가시키지 않습니다.
1079	''너무 많아서 퍼지지도 못했어, 퍼질 자리가 없었거든. 우리 총은 이미 정비됐고 난 총을 잡고 앞뒤로 흔들었지 — 조준도 안 하고 — 근데 아무도 빗맞을 수가 없었어. 너무 많아서 빗나갈 수가 없었거든.''
1, 2차 대전 중 영국군이 운용한 전설적인 총입니다. 고유의 상부 장전 팬 탄창으로 치명적인 .303 브리티시탄을 쏩니다.
^orange;지속 사격을 유지하면 무기 숙련도를 얻습니다.
1080	''그저 소박한 삶을 원한 자들도 있었지만, 그들조차 더 큰 세력의 영향을 피하지 못한 듯하다.''

위협적일 만큼 무겁긴 하지만, 할 수 있다면 도끼나 루체른이 더 나은 선택입니다.
^yellow;패링 [ALT-FIRE]: 0.6초 패링 창 | 안정성 40HP.^white;
^#FFEEC6;더블 스트라이커 [SHIFT]: 집중된 두 번의 공격으로 높은 베기와 출혈 피해 | 재사용 대기 18초.^reset;
1081	''승리에 자부심은 없으리. 명예가 죽으면, 나는 내 역사를 빼앗기리라.''
근거리 피해: 70 베기 | 출혈 발동(베기 저항)
유효 사거리 피해: 110 베기 | 출혈 발동(베기 저항)
치명타 근거리 피해: 125 베기 | 출혈 발동(유리)
치명타 유효 사거리 피해: 175 베기 | 출혈 발동(유리)
^orange;투척 무기는 짧은 거리를 지난 뒤 추가 피해를 얻습니다.^reset; | ^orange;적중 확률이 치명타 확률로 대체됨.^reset;
1082	''하층 식민지 총기 제작엔 일종의 학문이 있어. 봐, 네가 가진 건 부자들이 버린 낡은 금속과 잡동사니뿐이지. 그럼 어떻게 하냐고? 그 잡동사니로 총을 만드는 거야. 그러고 나면 사람들한테 인상을 남기지. 인상을 남기면, 그게 고객이 되는 거고.''
  
^orange;평소보다 재장전이 눈에 띄게 느립니다.^reset;
^green;Shift를 두 번 눌러 안정적인 양손 그립으로 전환합니다.^reset;
1083	''늘 나오는 말이 있지: 피 흘릴 수 있으면, 죽일 수 있다. 그걸 시험하는 데 수십 발의 탄알을 뿌려보는 것만큼 좋은 방법도 없고.''

^yellow;이연발: 20게이지 산탄 사용.

^orange;세 번째 총열: 7.92x57mm 탄 사용. 극도로 정확하지만 피해가 눈에 띄게 낮은 대가. 우클릭으로 발사/재장전.
1084	''이 세계엔 뭔가가 잘못됐어. 뭔가 사악한 것. 느껴져.''

^#96CBE7;습득 시: 탄도 공방에서 .45 ACP 은촉탄과 .45 ACP 화기 탄창 제작법을 배웁니다.
1085	''이 사람들에겐 영감이 필요하다. 고무시켜라.''

^orange;패닝과 속장전: 매우 빠른 주 발사와 동급 최고 수준의 빠른 재장전^reset; | .44 매그넘, 즉 10.9x33mm 사용.
^#E8C445;[ALT-FIRE]를 누르고 있으면 집중 모드. 집중 모드에서 사격하거나 떼면 공황 유발탄을 발사해 적 보병이 화기 사용을 주저하게 합니다. 탄이 빗나가도 적을 관통해 지나가기만 하면 공황은 부여됩니다.^reset;
1086	''이 사람들에겐 영감이 필요하다. 고무시켜라... 미지의 개척지에서 확인된 23킬. 오코너의 연합 저격수 중 하나. '죽음의 별'이라 불렸지. 그가 하는 대로 해, 그는 전설이니까... 아니면 너도 그저 전설뿐인가?''
  
^#E8C445;[ALT-FIRE]를 누르고 있으면 집중 모드. 집중 모드에서 사격하거나 떼면 공황 유발탄을 발사해 적 보병이 화기 사용을 주저하게 합니다. 탄이 빗나가도 적을 관통해 지나가기만 하면 공황은 부여됩니다.^reset;
1087	''이런 게 아직 남아 있었어? 대체 어디서 찾은 거야? 여기 있을 게 맞긴 해, 아님 누구 개인 소장품? 뭐, 어쨌든 줍는 자가 임자지. 그냥 고장만 내지 마.''

^orange;슬램 파이어: 방아쇠를 누른 채로 빠르게 발사할 수 있지만, 반동 회복이 다른 산탄총보다 눈에 띄게 느립니다.^reset;
1088	''이런 게 아직 남아 있었어? 어쨌든 줍는 자가 임자지.''

^orange;슬램 파이어: 방아쇠를 누른 채로 빠르게 발사할 수 있지만, 반동 회복이 다른 산탄총보다 눈에 띄게 느립니다.^reset;

^orange;다른 산탄총과 달리 걸릴 수 있습니다.^reset;
1089	''이 총들이 골든 트레일 항성들에서 우리의 자리를 지켜준 몇 안 되는 총이야. 이것들이 없었으면 제국주의 지구의 손아귀에 있었을 거다.''

더 깔끔하고 정확한 해결을 원하는 총잡이에게 어울리는 균형 잡힌 볼트액션 소총입니다. ^yellow;6x52mm 탄을 발사합니다.^reset;
1090	''그들은 늘 같은 질문을 했지. 합성체의 도덕성은 무엇인가? 지능을 가져야 하는가? 그렇다면 권리를 가져야 하는가? 노예 종족인가, 인류와 동등한가? 우리의 몰락을 가져올까? 이것들이 수백 년 전 인공지능을 불법화한 질문들이야. 마쿠에 대한 내 답은 알아. 이 세계와 다음 세계에서 살아남는 데 필요한 모든 걸 가르쳐 줄 거야.''
^#FFEEC6;파브리카에 [SHIFT]: 공중으로 뛰어 커서를 향해 미사일 발사 | 재사용 대기 20초.^white;
1091	''늘 가르치잖아, 머리 말고 몸통 중심을 노려라. 비디오게임은 치명타를 위해 머리를 노리는 게 낫다는 생각을 퍼뜨렸지만, 애초에 명중시키려면 몸통을 노리는 게 더 가능성이 높아.''

.44 매그넘, 즉 10.9x33mm를 사용하는 더블액션 리볼버입니다. 이 특정 모델은 유명한 신뢰성과 명중률로 비정규군 치안력의 손에서 흔히 보입니다.
1092	''늘 가르치잖아, 머리 말고 몸통 중심을 노려라.''

.44 매그넘, 즉 10.9x33mm를 사용하는 더블액션 리볼버입니다. 이 특정 모델은 유명한 신뢰성과 명중률로 비정규군 치안력의 손에서 흔히 보입니다.

^green;[SHIFT]를 두 번 눌러 한 손 그립으로 전환합니다.^reset;
1093	''농부의 원예 도구에서 파생됐다고들 하지. 암살자에게 완벽하고, 늘 널려 있어.'' ^orange;최종 공격 피해 2배.
^#D6DFFF;닌자 암살자 [적에게 점멸]: 200 찌르기 피해 | 유도 쿠나이 2개 발사 | 준비 0.25초 | MP 40.^reset;
^#FFEEC6;후퇴 베기 [SHIFT]: 무적 시간과 함께 고피해 공격 | 재사용 대기 10초.
1094	''그들은 여왕의 개나 다름없었어, 아첨하며. 나도 영주를 섬겨봤지만 이런 건 아니었어.''
^orange;2번째 타격이 근접 공격을 튕겨냄 | 마지막 타격이 지닌 자 위에 작은 심판의 검을 떨어뜨려 적에게 200 찌르기 피해.^reset;
^yellow;패링 [ALT-FIRE]: 0.75초 패링 창 | 안정성 45HP.^reset;
^#FFEEC6;심판의 검 [SHIFT]: 플레이어 주변에 거대한 검을 소환해 적을 내리쳐 높은 타격 피해. 이어서 단순한 조준 신성 베기를 시전 | 재사용 대기 25초.^reset;
1095	''아른거림과 방주 사이에서 오래전 사라진 이 세계는, 저 너머로 추방되었네.''
1096	''원자의 하늘을 살아남은 불운한 자들은 어둠의 생물이 지배하는 새 지옥 같은 풍경에 단죄됐다. 그들은 끝없이 피 젖은 황야를 행군하며 오지 않을 구원을 빌었다.''
  
^orange;이 아이템을 얻으면 회피 돌진을 사용할 수 있습니다. 무적 시간과 재배치로 적 공격을 회피하는 단순한 능력입니다. 이미 해금했다면 효과가 없습니다.
1097	''건물에 바싹 든 남자 하나랑 한 시간 싸운 뒤엔 최악은 다 봤다고 생각했지. 사람들은 이해 못 하겠지만... 사람들은 죽기 싫어하는 경향이 있어. 우리가 죽이려던 남자는 도망쳤어, 근데 소지품 몇 개를 남기고 갔지. 우리한텐 그걸로 충분했어.'' 
  
20게이지 탄을 사용합니다.
^green;Shift를 두 번 눌러 편안한 양손 그립으로 전환합니다.^reset;
1098	''준비에 쓴 시간은 전투에서 두 배로 돌아온다.''

나머지 군대의 시간을 벌기 위한 목조 벽입니다. 주력 방어시설로 보병엔 효과적이지만 화약 유닛엔 잘 안 통합니다.

^orange;보병 방어: 지나가는 보병을 더 크게 지연시키고 방어 해제 | 건설 시간 30초.^reset;
1099	''다시 별들로.''

^orange;상호작용해 읽습니다.^reset;
1100	''강인한 요괴도 과하면 죽을 양인데, 은하의 슬럼은 이걸로 번창해. 문제가 뭐냐고? 보통 약이 아니야. 일반적인 화학물질이 하나도 없어. 우리가 본 적 없는 거라고.''

^orange;안전핀을 뽑아야 하는 투척 소모품. 충돌하거나 5초 후, 연기에 영향받은 모든 유닛이 20초간 무기 숙련도 +33%.
^#CC8A4D;무기 능력 재사용 대기 초기화 | 이 초기화 자체도 재사용 대기 15초.^reset;
1101	''강인한 요괴도 과하면 죽을 양인데, 은하의 슬럼은 이걸로 번창해. 문제가 뭐냐고? 보통 약이 아니야. 일반적인 화학물질이 하나도 없어. 우리가 본 적 없는 거라고.''

^orange;투척 소모품. 충돌 시 연기에 영향받은 모든 유닛이 20초간 무기 숙련도 +33%.
1102	''이거 써. 어둠을 해결할 도구를 줬으면 불평하지 마. 여분이 있으면 그냥 그 빌어먹을 놈들을 쏴.''
앞을 향한 드릴 헤드가 펴지며 표면에 박히려 하는 첨단 드릴-조명탄 '화살' 자이로제트를 발사해 벽에 박혀 짧은 시간 넓은 빛을 제공합니다.
^orange;적에게 명중해도 조명 효과는 없고 약간의 직접 피해만 줍니다.
1103	''학교 선생이었다고, 있잖아?''
1104	''여기 아래엔 변화를 만들려는 사람이 거의 없어. 내 형제들조차 변화를 원치 않아. 지금 우리가 하는 게 미래를 바꿀 거야.''

측면 장전식 AK형 무기입니다. AK 5.45x39mm 탄창을 사용합니다.

^green;"보조 발사"를 길게 누르면 점사와 반자동을 전환합니다.^reset;
1105	''승리가 네 혈관에 흐른다.''

적 공격을 막는 작은 단도입니다. 막는 힘은 믿기 힘들 정도로 형편없습니다.

^#D6DFFF;고결: 1.5초 패링 창 | 안정성 30HP | 방어율 15%.^white;
1106	''비디오게임은 치명타를 위해 머리를 노리는 게 낫다는 생각을 퍼뜨렸지만, 애초에 명중시키려면 몸통을 노리는 게 더 가능성이 높아.''
.44 매그넘, 즉 10.9x33mm를 사용하는 더블액션 리볼버입니다. 이 특정 모델은 유명한 신뢰성과 명중률로 비정규군 치안력의 손에서 흔히 보입니다.
^orange;평소보다 재장전이 느립니다.^reset;
^green;[SHIFT]를 두 번 눌러 양손 그립으로 전환합니다.^reset;
1107	''경계하는.''

^orange;상호작용해 읽습니다.^reset;
1108	''일제 사격!''

12게이지 산탄을 쓰는 고대 역사 화기의 복제품입니다. 현대 기준으론 원시적이지만, 그렇게 큰 탄을 장거리에 정확히 쏠 수 있는 몇 안 되는 비교적 구하기 쉬운 소총입니다.
1109	''우리는 움직인다.''

^orange;상호작용해 읽습니다.^reset;
1110	''우리는 인류의 수호자다. 수는 적지만, 우리 모두가 지닌 힘은 크다.''
늑대 텐구는 요괴 산 위에 서서, 오지 않을 적을 지켰다. 분리파를 일으켜 기독교 환상향인에 맞선 것은 대텐구 중 하나인 오트니엘이었고, 거짓 신과 그 아들을 숭배하는 인간에게 충성한 텐구는 전부 파괴했다.
^#CCD8B6;0.8초 패링 | 안정성 50HP | 내리기-올리기 지연 0.35초 | 방어율 75%.^white;
1111	''우리는 예언자의 말을 듣는다.''

^orange;상호작용해 읽습니다.^reset;
1112	''오트니엘과 그의 분리파와 싸워야 한다! 그들이 인류와의 동맹을 위협한다!''
''인간의 편을 드는 순간 우리는 더는 우리의 주권을 인정하지 않는다! 그들은 예수라는, 우리 신앙에 자리 없는 사기꾼의 거짓 가르침을 믿는다!''

^orange;마지막 타격이 유리한 출혈 발동과 1.25배 피해.
^#FFEEC6;공중 투창 [SHIFT]: 공중으로 뛰어 600 사이킥 피해 투창 3개를 던집니다 | 재사용 대기 35초.^white;
1113	''평화와 화해의 선언이 있을 때까지 행군해야 한다.''
1114	''앞으로 나가야 해!''

베테랑 RUNDOWN 작전원이나 건방진 불사자들의 궁극의 상입니다. 시설의 얕은 구역 공허 코어는 이전 작전원들이 싹쓸이해 갔기에, 후속 작전원들은 점점 더 깊이 들어가야 해서 공허 코어를 얻으려다 많은 이가 쓰러졌습니다.
1115	''우린 야영지에 앉아 있는 표적을 봤어. 다들 숨긴 총으로 기습하려고 그에게 겨눴는데, 그놈이 더 빨랐지. 엄폐물로 뛰어들어 우리 쪽으로 화염탄을 잔뜩 던지기 시작했어.''

20게이지 탄을 사용합니다.
^green;Shift를 두 번 눌러 다용도 한 손 그립으로 전환합니다.^reset;
1116	''우린 늘 중사랑 지휘관들이 발사 담당으로 뽑았어, 폭발을 보고 싶어했거든, 표적이 맞는 걸 보고 싶었던 거야.''
  
Mk483 견발 다목적 돌격 무기입니다. 파괴 능력이 있는 Mk483 고폭력양용탄이나 대장갑용 Mk483 고폭력대전차탄을 장전합니다.
1117	''우린 늘 중사랑 지휘관들이 발사 담당으로 뽑았어, 폭발을 보고 싶어했거든, 표적이 맞는 걸 보고 싶었던 거야.''
  
^orange;Mk153 HEDP 또는 HEAA 로켓 장전. 실패 확률은 무기 숙련도에 따라 다릅니다.
1118	''우린 통째로 삼켜져, 우리에게서 너무 많은 걸 빼앗아간 그 악의적인 공허 속으로 떨어졌다. 그것이 우리의 영혼마저 짓뭉갰다.''
^orange;첫 타격이 0.25초 비틀거림 부여 | 마지막 타격이 2초 비틀거림 부여.
^yellow;패링 [ALT-FIRE]: 0.6초 패링 창 | 안정성 75HP.^white;
^#FFEEC6;공수 겸비 [SHIFT]: 무거운 연계를 하며 조준하는 곳을 쏘는 유령 궁수 둘을 소환 | 재사용 대기 25초.^white;
1119	''돌아올 때를 위해 표시해 두자.''
1120	''뭘 찾고 있는 거지?''

^orange;상호작용해 읽습니다.^reset;
1121	''내가 도망쳐 온 건 뭐였지?''
  
유니탄 요괴 보조병은 종종 자신들의 사이킥 능력과 개인 기량에 의존해, 유니탄들은 그들을 소규모 팀 특수작전에 보냅니다. 이 총은 고대 ILW 시스템과 아더월드에서 발견된 이국적 재료를 결합합니다. ILWS 야전 배터리로 장전합니다.
1122	''여기서 그들이 이해하는 건 힘이야... 네 힘을 보여줘야 해. 그들의 도시를 날리고, 몇 명 죽이는 걸 보여줘야 해. 어떤 의미에선 우린 교사야, 미국의 힘이 진짜 뭔지 알려주려고 준비 중인.''
존경할 만한 5.56x45mm 탄을 사용합니다. M249 전용 200발 박스를 지원하면서도 5.56x45mm STANAG NATO 탄창을 쓸 수 있는 고유 특성이 있습니다.
^orange;지속 사격을 유지하면 무기 숙련도를 얻습니다.
1123	''술 취한 포경선원을 어쩔까?''

^orange;마지막 타격이 3초간 찢김 부여(출혈이 초당 +20 피해 | 출혈 중이 아니면 효과 없음).^reset;
^#D6DFFF;효율적 제압 [적에게 점멸]: 200 찌르기와 출혈 피해 | 2초 후 5초간 초당 마나 +5 재생 | 준비 0.25초 | MP 20.^reset;
^#FFEEC6;한 손 패링: [SHIFT] 누르기 | 제도의 선풍: 0.6초 패링 창 | 안정성 20.^white;
1124	''술 취한 포경선원을 어쩔까?''

^orange;마지막 타격이 3초간 찢김 부여(출혈이 초당 +20 피해 | 출혈 중이 아니면 효과 없음).^reset;
^#D6DFFF;효율적 제압 [적에게 점멸]: 200 찌르기와 출혈 피해 | 5초간 초당 마나 +5 재생 | 준비 0.25초 | MP 20.^reset;
^#FFEEC6;한 손 패링: [SHIFT] 누르기 | 제도의 선풍: 0.5초 패링 창 | 안정성 20.^white;
1125	''내가 죽으면, 그들이 내 이름을 알았으면 해.''
근거리 피해: 80 베기 | 출혈 발동(베기 저항)
유효 사거리 피해: 120 베기 | 출혈 발동(베기 저항) | 방어 파괴
치명타 근거리 피해: 175 베기 | 25 출혈 | 출혈 발동(유리) | 방어 파괴
치명타 유효 사거리 피해: 250 베기 | 50 출혈 | 출혈 발동(유리) | 방어 파괴
^orange;투척 무기는 짧은 거리를 지난 뒤 추가 피해를 얻습니다.^reset;
1126	'''기관총'이라는 말이 일상어가 될 때, '기관'이라는 단어는 훨씬 불길해진다.''
  
전용 30발 M1A1 스틱 탄창으로 묵직한 .45 ACP 권총탄을 발사합니다.
1127	'''기관총'이라는 말이 일상어가 될 때, '기관'이라는 단어는 훨씬 불길해진다.''
  
전용 30발 M1A1 스틱 탄창으로 묵직한 .45 ACP 권총탄을 발사합니다.

^orange;해병: 0.6초 패링 창 | 안정성 30HP^reset;
1128	''죽음 옆에서 살다 보면... 더는 그걸 생각하지 않게 돼, 그저 최대한 드물게 마주치려 할 뿐이야.''

실제 삽보다 날카롭게 간 검으로 더 많이 쓰인 보병 삽입니다.

^#FFEEC6;회피 패링 [SHIFT]: 무적 시간을 얻어 약한 베기를 하며 패링 | 재사용 대기 없음.
1129	''죽음 옆에서 살다 보면... 더는 그걸 생각하지 않게 돼, 그저 최대한 드물게 마주치려 할 뿐이야.''

실제 삽보다 날카롭게 간 검으로 더 많이 쓰인 보병 삽입니다.
^orange;마지막 타격이 5초간 파쇄 부여(베기와 출혈 발동 저항 -25%).
^#FFEEC6;후퇴 베기 [SHIFT]: 무적 시간과 함께 베는 고피해 공격 | 재사용 대기 10초.
1130	''관광객과 휴가객이 보는 건 고운 파도지만, 난 익사하는 사람들의 얼굴이 보여.''
7.62x51mm NATO탄을 쓰는 극도로 빠른 기관총입니다. 이 모델은 200발 박스 탄창이나 75발 드럼 탄창을 사용합니다. 적을 갈아버리기에 좋지만 빠른 연사력 때문에 점사 이상엔 비효율적입니다. 지면 설치 시 안정성을 더하는 양각대가 붙어 있지만 그 외엔 사용성을 해칩니다.
1131	''힘이 없으면 부처의 적을 물리칠 수 없다.''

^green;[SHIFT]를 누르고 있으면 패링.^reset;
^yellow;연계에 주먹 2개 필요. 효과는 대상을 친 주먹에 따라 다름.^reset;
^orange;서서: 약-약-강^reset; | ^orange;앉아서: 약-강^reset;
^orange;[방어] + [약]으로 [기절 강타] 시전^reset;
^yellow;안정성 35HP^reset; | ^green;완벽 패링은 HP를 회복합니다.^reset;
^orange;[강] 공격은 [기절]한 대상에 [찢김-출혈]을 발동합니다.^reset;
1132	''세계의 노동자들이여, 일어나라! 제국주의 지배를 부수고 일할 우리의 권리를 쟁취하자!''

^orange;3번째 타격이 전사 방어 자세 파괴 | 마지막 타격이 1.5배 피해와 2초 비틀거림.^reset;

^#FFEEC6;전투 함성 [SHIFT]: 망치를 들고 전투 함성을 외칩니다. 5초간 공황을 유발하고 자신과 다른 플레이어에게 15초간 초당 HP +4와 능력 마나 재생 증가를 부여 | 재사용 대기 30초.
1133	''장식은 싸구려지만, 중요한 건 마음이잖아? 좀 재미 좀 보자고, 안 그래?''

^orange;할로윈 2025 시즌 드롭 활성화 | 처치한 보병과 일부 전사형 적이 30% 확률로 간식 주머니 드롭 | 2시간 또는 사망까지 지속.
1134	''밖에서 잘해줬어. 더 큰 건을 목록에 올려놨지만 아케만이 눈앞의 위협 처리에 병력을 더 부르는 동안 그 계획은 보류야. 우리 밑에서 좀 일할 생각 있으면 아케만 일이 다 정리되고 나서 여기로 와. 모두를 위한 게 있을 거야.''
1135	''소총, 화살, 돌, 그런 원거리 잡동사니로 깝치며 사람을 죽이는 게 아니야. 가장 크고 피 묻은 검을 찾아 들고, 가까이 달려가서, 그 멍청한 놈의 목을 쳐서 죽이는 거지.''

^#D6DFFF;[SHIFT]를 눌러 차지 베기를 시작해 앞으로 돌진하며 [GiC] 보스에게 추가 피해.^white;
^red;착용자 최대 생명력 -25%.^white;
^red;무작위 치명타 없음.^white;
1136	''누구의 혁명을 지키는지, '조국의 남쪽 국경'을 지키는지 생각하지 않아. 그냥 너와 네 뒤의 동지에게 쏘는 놈들에게 쏘는 거야 — 어제 네 친구를 날려버린 지뢰를 싼 놈들에게 쏘는 거지.''
AK 5.45x39mm 탄창을 사용합니다.
^orange;방아쇠를 오래 당길수록 명중률과 적중 확률이 상승합니다.

^green;"보조 발사"를 길게 누르면 완전 자동과 반자동을 전환합니다.^reset;
1137	''누구의 혁명을 지키는지, '조국의 남쪽 국경'을 지키는지 생각하지 않아. 그냥 너와 네 뒤의 동지에게 쏘는 놈들에게 쏘는 거야 — 어제 네 친구를 날려버린 지뢰를 싼 놈들에게 쏘는 거지.''
AK 5.45x39mm 탄창을 사용합니다.
^orange;지속 사격을 유지하면 무기 숙련도를 얻습니다.

^green;"보조 발사"를 길게 누르면 완전 자동과 반자동을 전환합니다.^reset;
1138	''너도 다른 많은 이들처럼 혼자라 생각했지. 상상도 못 할 일을 저질렀지만 용서받은 적이 있었어. 근데 넌 일어나지도 않은 사건에 반응했고, 이제 넌 다시 혼자야. 그러니 가라. 마지막 기억을 남긴다.''

^orange;마지막 타격이 증가된 피해를 주는 수명 짧은 에너지 쐐기 발사. 1/2번째 타격은 물리 피해가 더 적습니다.
^#FFEEC6;회피 난무 [SHIFT]: 빠른 타격 세례를 시작해 무적 시간과 사이킥 사거리 획득 | 재사용 대기 20초.^white;
1139	''이 끔찍한 병사의 꿈에서 해방될 거야...''

^orange;탄환 피해가 탄도와 사이킥에 분배. 개조 탄약은 원소 효과를 덮어씁니다.
^#DC4173;총의 혼이 동행합니다. 재장전 시 사이킥 부적을 던집니다.^reset;

AK 5.45x39mm 탄창을 사용합니다. ^green;"보조 발사"를 길게 누르면 사격 모드를 전환합니다.^reset;
1140	''끝났어, 루키우스 안토니우스, 대머리 자식!''

제대로 된 투석탄입니다. 고속으로 가속된 이 비교적 매끄러운 아몬드 모양 돌은 거의 탄환처럼 믿기지 않을 파괴력을 냅니다.
  
피해: 175 찌르기 | 출혈 발동(기본 67%).

^#B4DB72;헤드샷: 치명타가 +100 출혈 피해.
1141	''넌 아직 기계 속 일상이야. 계산 속의 연산자. 백만 개의 뼈다귀를 물어오는 수백만 마리 개 중 하나, 끝없이. 천 번이나 잃은 기억을 찾아.''
  
^#BCBC87;Mk23 SOCOM .45 ACP 탄창을 사용합니다.^reset;

^green;Shift를 두 번 눌러 편안한 양손 그립으로 전환합니다.^reset;
1142	''더 레인저''

^orange;상호작용해 읽습니다.^reset;
1143	'카사파노스' 폭약 가방
1144	(EWS) 수류탄 시연
1145	(EWS) 투창 시연
1146	(레거시 아이템) 마쿠 창의 구 버전입니다. 영혼대장장이에게서 새것을 받으세요.
^orange;집결 [마쿠]: [SHIFT]로 당신을 위해 싸우는 임시 아군을 소환. 피해를 받지 않으면 30초 지속 | 재사용 대기 80초.^white;
1147	*폭발* 어... 내가 실수로 뭘 쏜 것 같은데- 아 됐어요. 우주 해적이에요. 반격해오고 있어요.
1148	*투덜* 왜 이 부품이 이 총에 안 맞지... 아, 다른 부품이네.
1149	---

STANAG NATO 5.56x45mm 탄창만 장전합니다.
1150	---

^#D6DFFF;방패 돌진: 고속으로 이동해 적과 충돌하면 사용자의 속도에 비례한 피해를 줍니다.^white;
1151	---

^orange;조개탐색자: 조준 가능 | 0.75초 패링 창 | 안정성 70HP | 방어율 95%.^white;
1152	---NPC 무기---
1153	...그리고 아무도 내 조난 신호를 못 들었다고! 태양계에서 제일 똑똑한 디지털 네키를 놓친 걸 후회할 거야!
1154	...자세히?
1155	...여보세요?
1156	...흥미롭네. 좋은 소식은, 지질 스캔상 ^orange;이 행성에 코어 파편이 있어^reset;. 나쁜 소식은 꽤 깊은 곳, 세계의 중심에 있다는 거야.
1157	...고향에도 변태는 넘쳐났지.
1158	...오, 네 몸이 그걸 잘 받아들이는 것 같은데? 생체 신호에 이상이 없으니 생물학적으로 날고기를 받아들일 수 있나 봐. 그럼 그대로 계속해.
1159	...아. 상황이... 생각보다 훨씬 심각하네. 우리... 도망쳐야 할 것 같아. 이건 커.
