1874	아기 식물이네.
1875	이게 뭐라고 쓴 건지 전혀 모르겠어. 그래도 포스터 디자인은 괜찮네.
1876	너무 완벽해. 우엑.
1877	헤. 여기 크래시 동영상 삽입. 제대로 한 거 맞나?
1878	탁자래, 뭐, 그렇다고 들었어.
1879	이 로봇 아줌마가 파는 거 전부 눅눅한 냄새가 나. 역겨워.
1880	저거 분명 내가 올라갈 수 있을 것 같은데.
1881	괜찮은 탁자네.
1882	기본형 컴퓨터 화면이네.
1883	이제 원하는 만큼 늦잠 잘 수 있겠어.
1884	허. 요리책 얘기가 나와서 말인데, 진짜 잘 익고 있네.
1885	아니. 어차피 이 책들 다 관심 없었어.
1886	메타적이네. 마음에 들어.
1887	이건 완전히 맛이 갔네. 진짜 아쉬워, 내 청소 로봇 군단을 갖고 싶었는데.
1888	저거 한번 입어봐도 좋을 것 같은데. 편해 보이네.
1889	내가 널 보고, 넌 날 보고. 네 가족을 죽여버릴 거야~
1890	음, 누가 시도는 했네. 근데 확실히 방향을 잘못 잡은 것 같은데.
1891	오, 그래! 이게 바로 길거리 생활이지!
1892	아마 안 하는 게 좋겠지.
1893	오, 이거 완전 입고 싶은데. ...근데 물에 젖을 계획은 없지만.
1894	그래, 저걸론 아무데도 못 가겠네.
1896	이거 초대장인가?
1897	평화, 로워스픽 문자로 쓰여있네.
1898	이거 어느 프리스키에서 나온 건지 알 것 같은데.
1899	안에 뭐가 있든 일단 그대로 놔둘래.
1900	이건 다른 누구랑 헷갈리기 쉽겠는데.
1901	'고양이'!
1902	연료 해치네. 고장 난 게 아쉽고.
1903	수호자 에론.
1904	이걸로 뭔가 할 일이 있으면 좋을 텐데...
1905	'리리스 여기 다녀감. 안녕!'
1906	내가... 뭐, 뭘 하고 있었던 거지?
1913	수도꼭지 핥고 싶은 충동 느껴본 적 있어?
1915	누가 큰 햄 시켰어~?
1916	전형적인 나무에 스펀지 댄 벽 선반이네.
1917	교육은 펠린 사회의 핵심이지.
1918	텐타츄는 균형 잡힌 아침 식사의 일부지.
1919	냐하하하하!
1920	수르히 로미!
1921	펠린 디자인 탁자네.
1923	덜 유명한 최근 영웅 중 하나네.
1924	외계 고기는 담아내는 게 전부지.
1925	으음, 베이컨~
1926	유혹자 미오, 액션 샷이네.
1927	와일드캣츠에 가입해!
1928	패거리를 모아!
1929	'페민은 상냥하고 매력적이다.' 어머.
1931	야! 여기 내 비상금 숨기기 딱 좋은 곳이겠는데.
1932	펠린은 보통 남녀 옷을 구분하지 않아.
1933	레나신의 수염은 스타일링할 수 있어.
1934	손 좀 보면 역대급으로 편안한 벤치가 되겠는데.
1935	콘솔이네, 단순한 터치 기반 제어 장치야.
1936	이거 보니까 발톱이 근질거리네. 엉덩이도 그렇고.
1939	어떤 면에서는 좀 그립네.
1940	그녀잖아! 첼시야!
1941	평범하기 그지없는 보관함이네.
1942	인간들 방송 중 하나에 나오는 거대 로봇이네.
1943	촉수야! 쫄깃하고 맛있어~
1944	'첼시는 섹시해.'
1945	맛있는 초콜릿 케이크야!
1946	A 항목에서 조금, B 항목에서 조금...
1947	기만자 아네라이.
1948	'보라; 신성한 포고스틱을!'
1949	역대급으로 편안한 벤치네.
1950	사냥꾼 굿즈 무기는 항상 실제로 작동하지.
1951	디디 둠둠둠~
1952	기술 단말이네. 고장 났는데, 재부팅하면 고쳐질 거야.
1953	가득 채워줘!
1954	안 그럼 대체 어디다 놓겠어?
1955	퍼스플럼 파이가 더 나았을 텐데.
1956	이런. 이게 뭘 막아주는 건지 궁금하네.
1957	이게 그 위대한 영웅이라고... 잠깐. 이게 누구였더라?
1958	사랑하라. 사냥하라. 위대해져라.
1959	사랑스러운 주황빛이네~
1960	피르나 영사관 로고인데, 외부인들한테는 '캣츠포'로 알려져 있어.
1961	콘솔이네. 이걸로 Ai랑 통신할 수 있어.
1962	신비주의자 레니르시.
1963	암살자 잘민.
1964	그녀가 널 안 좋아하는 건 잔인해서가 아니야, 바보야.
1965	굳이 과일이랑 고기 상인을 따로 둘 필요가 뭐 있어? 이게 훨씬 효율적인데.
1966	픽셀 50개는 챙겼길 바라!
1967	탄산음료 마실 사람?
1968	팔릴 만큼이나 안기 좋기도 하네.
1969	갈비잖아! 먹어치우자, 냠~
1970	다들 이 사람한테서 배울 게 있을 거야. 다른 몇몇한테서도.
1971	하이파이브, 박식한 친구.
1972	펠린은 보통 당근을 안 먹는데, 케이크는 언제나 환영이지.
1973	들여보내줘~
1974	'경고: 교육 시설.'
1975	무희 셰마.
1976	여행자 아엘리르.
1977	이건 거의 죽다 살아난 경험 다음으로 짜릿한 거야.
1978	첼시지, 첼리스가 아니라고. 멍청한 작가 같으니.
1979	'죽으면, 넌 아무것도 아니다.'
1980	맛있는 새애애...
1981	이걸로 누구 눈이라도 찌를 수 있겠어.
1982	더 뛰어난 무대 의사 중 한 명이지. 이걸 만들어줄 자격이 있었어.
1983	웃음 폭탄이네.
1984	탈로스 맙소사, 인간들 취향 정말 끔찍하네.
1986	이 대야는 펠린링 새끼들이 잔뜩 있는 좁은 방에서는 못 버틸 것 같은데.
1987	예쁘긴 한데, 이 그릇은 디너파티에서 제대로 못 버틸 거야.
1988	만티지가 파티 펀치를 고르는 안목은 나랑 안 맞아. 식기류도 마찬가지고.
1989	이 그릇은 어린 펠린링들이 참석하는 디너파티에서는 못 버틸 거야.
1994	인간의 예술 작품은 우리 펠린이 해낼 수 있는 수준의 세련됨에는 절대 못 미쳐.
1995	은하 간 우주 탐사 게임치고는 꽤 예스럽고 시대착오적이지, 안 그래?
1996	비행기라... 조종석(COCK...PIT)이라고... 흐헤헤헤헤헤... 아 젠장, 나 그거 소리 내서 말했나?
1997	비행기라... 조종석(COCK...PIT)이라고... 흐헤헤헤헤헤... 아 젠장, 나 그거 소리 내서 말했나?
1999	언젠가 이 동상을 파티에 데려갈 거야. 얘가 내 윙맨이 되어줄 수 있어.
2001	이상해... 그리고 빛나고...
2003	안녕, 모래 사람!
2004	안녕, 스티브!
2005	비어있네. 하아아암.
2006	이 침대 위에 물컹한 정글 식물이 한 층 깔려있어... 이상하게 상쾌한데~
2007	어? 나 이거 스캔 텍스트 있어야 하나, 냥?
2008	태피야!
2010	음, 음... 이거 좀 소름 끼치네...
2011	이런 바에서 낯선 사람들 만나는 건 항상 재밌어~
2012	오, 이 보관함 작은 가게처럼 보이는데.
2013	금속 책상이네. 꽤 튼튼해.
2014	대신 책상 뒤로 가도 될까? 왠지 항상 그러고 싶었어.
2015	앰프야!
2016	우엑, 먼지투성이네.
2018	그래, 저기서 살 수도 있겠어.
2019	이 생물들은 이렇게 추운 곳에서 대체 왜 뛰어다니는 거야?
2021	이걸로 멋진 요새를 만들 수 있겠는데.
2022	여기 꼭 앉아봐야 해!
2023	누가 귀여운 꼬마 독재자일까? 아, 바로 너야! 히히~
2024	아, 목마르다...
2026	부... 브뉘이...
2027	얘 좀 귀엽네~ ...근데 과학 냄새가 나.
2028	이 기계는 왠지 소름 끼치는데.
2029	여기서 잠들 수도 있겠어.
2030	오, 귀여운 꼬마 페닉스잖아!
2031	이 침대 튼튼하네... 게다가 꽤 편안하기도 하고~ 에헤헤~
2032	헤헤~ 옷장에 갇힌 네코 이야기가 떠오르네...
2033	재밌어 보이는 콘솔이네!
2034	얘 바보같이 생겼어!
2035	이 사람은 해변에서 큰 볼일 봐서 체포됐대. 진짜로? 나는 그거 매일 하는데. 가끔은.
2037	흠, 선반이네.
2038	컴퓨터 맞네, 그래...
