6256	배신자의 기억 - 내부 도시
6257	[중앙 성역]
6262	연합 텐구 원로원과 왕당파 군사령부의 명령에 의해: 도시의 전면 대피령이 발효된다. 모든 잔여 병력은 중앙 성역으로 철수하여 진행 중인 대피 작전 지원을 위해 미상의 적대 세력에 대한 재양동 공격을 시작하라. 헬리콥터들이 최대한 빠르게 민간인을 도시 밖으로 수송 중이다. 어떤 대가를 치르더라도 진지를 사수하라. 신의 가호를.
6275	^orange;이제 [빠른 주문시전]은 [A] 또는 [D]를 두 번 눌러 활성화할 수 있습니다 | 능력 제단에서 능력을 변경할 수 있습니다.
6283	^#FFEEC6;다목적 무기^white;
6284	4장 '최장자의 거처' - 2부: 현관
6285	[연결된 세계들]
6289	살아있어, 친구.
6290	계속 움직여.
6291	계속 움직여, 친구.
6293	늑대-텐구 결투사
6302	^red;거짓된 불사
6317	불쌍한 놈들. 어떻게 봐도 놈들은 다가오는 전투마다 지고 있어. 자, 늘 그렇듯 대금이야. 다음 두 건은 까다로울 수도.
6320	우두머리를 살려준 당신은, 그가 종신토록 구금되는 것을 보게 될 것이다. 제이콥슨은 마지못해 새 조건에 동의한다. 우두머리는 이교의 끔찍한 행위를 목격한 자들의 잔혹한 응징 아래 마지막 세월을 보낼 것이다.
6321	죄수를 목격하라.
6336	공부는 계속하고 있어?
6337	숙제는 기억하고 있지?
6338	노트 필기는 하고 있겠지?
6339	밥은 제대로 챙겨 먹어!
6340	좋은 음식을 먹도록 해. 5분 라멘으로 삶을 살 순 없어!
6341	정보만 먹여주면 배울 수 없어. 공부해야 해.
6342	가끔 그녀 건강이 걱정돼...
6343	필요하면 공부 도와주고 싶어.
6344	요리할 줄 알아? 원하면 도와줄 수 있어.
6345	몸가짐은 단정히 하고 있어?
6346	좋은 음식 해 먹고 있지?
6347	더 많은 사람과 얘기해야 해!
6348	요즘은 하쿠타쿠가 되기 꽤 어려워.
6349	내가 학교를 운영했었어, 알아? 집에서도 국제화할 수 있었는데.
6350	항상 좋은 요리 위생을 실천하는 걸 기억해.
6351	공격적인 음악으로 공부하려 하지 마. 느리고 부드러운 음악을 해봐.
6352	피곤하고 답답하면 쉬는 걸 기억해!
6353	오래 앉아 있으면 15분마다 스트레칭하는 걸 기억해!
6354	삶이 힘들면 어떤 생각도 최종적이지 않다는 걸 기억해.
6355	미래에는 항상 내일이 있어.
6356	어딘가에 너를 사랑하는 사람이 있다는 걸 잊지 마.
6357	사람은 변할 수 있어. 어떤 생각도 최종적이지 않아.
6358	이기는 사람은 약을 안 해!
6359	제대로 공부하고 있어? 벼락치기 하지 마!
6360	피곤하면 제대로 공부할 수 없어.
6361	모든 것은 적당히 해야 해.
6367	^#C67FC6;느린 회복 | 유도 | 장사거리 | 대보병^reset;
6374	^#FFEEC6;72 찌르기 > 72 찌르기 > 72 찌르기 | 사거리+^white;
6375	[연합 조사]
6380	2장 '가즈리' - 3부b: 라디오 탑
6381	5장 '16사단' - 3부: 지옥의 열차
6382	[전쟁 돼지]
6387	[바다의 시신이 땅에 누워 있고, 그의 얼굴은 존경을 담아 덮여 있다. 그 사람을 잘 알진 못했지만 바다에게서 상실감이 느껴진다.]
6388	다음으로, 떠돌이 상인 ^orange;<target>^white;이 얼마 전 ^orange;<spawnPoint>^white;<spawnPoint.direction>에 도착했다. <target.pronoun.capitalSubject>은 ^orange;<givenItems>^white;와 교환으로 우리가 필요한 <receivedItems>을 제공하기로 했다. ^green;물품을 <target>에게 가져다줄 수 있겠나^white;?
6389	다음으로, 플로란이 떠돌이 상인 ^orange;<target>^white;과 거래해야 해 - 플로란이 ^orange;<givenItems>^white;을 주고 ^orange;<receivedItems>^white;을 받을 거야. 상인은 얼마 전 ^orange;<spawnPoint>^white;<spawnPoint.direction> 근처에 도착했어. ^green;플로란 대신 거래하러 가줄 수 있어^white;?
6390	확인. 다음으로, 떠돌이 상인 <target>이 얼마 전 ^orange;<spawnPoint>^white;<spawnPoint.direction>에 도착했다. <target.pronoun.capitalSubject>은 ^orange;<givenItems>^white;와 교환으로 우리가 필요한 ^orange;<receivedItems>^white;을 제공하기로 했다. ^green;물품을 ^orange;<target>에게 가져다줄 수 있겠나^white;?
6391	고마워! <receivedItems>은 내 계획의 다음 단계에 유용할 거야...
6392	고마워! <receivedItems>은 내 계획의 다음 단계에 유용할 거야...
6393	감사. 고마워! <receivedItems>은 내 계획의 다음 단계에 유용할 거야...
6399	^#D6DFFF;진형 장창^white;
6402	원시 잡동사니야. 꼬리가 떨어진 게 당연하지.
6403	기계식 부양 비행기. 불행히도 착륙했다.
6404	심하게 손상된 비기능 비행기 꼬리.
6405	헬리콥터 꼬리. 인류가 이런 원시적 구시대 기술을 그만쓰는 데 얼마나 걸릴까?
6406	음성기록 녹음 개시. 지금이 위험한 시기이므로 이 순간을 기록한다. 언데드가 우리 땅에 닿았고 동쪽의 적들을 괴롭히는 만큼 우리도 괴롭힌다. 모두를 괴롭히는 저주다. 지도자들은 이 저주와의 싸움에 모두를 징집하려 할 수 있는 모든 것을 하고 있고, 더 많은 병력을 위해 모든 도시와 마을을 뒤집고 있다. 언데드로 변할 위험이 있는 더 많은 병력을. 우리에게 돌아설.
6407	즉시 본국으로 귀환하라는 명령이 내렸다. 귀환하는 자들은 가져갈 수 있는 모든 것을 가져가 함선을 과적하고 있다. 폭력이 터지고 있지만 병사들이 상황을 주시하고 있다. 단 한 명도 변하게 할 여유가 없다. 일부는 남아서 징집을 피할 계획이다. 이 섬들이 더 안전해, 싸움에서 멀리. 다른 곳은 어디든 확률이 나빠. 음성기록 종료. 음성기록 종료?... 어떻게... 나 ㅈ-
6410	2장 '가즈리' - 6부B: 동료의 결과
6413	연합 체계. 가장 강력한 인간 세력이지만 보강 장치 없이 어떻게 했는지 모르겠어!
6414	이 세력은 탄도 화약 기반 무기를 유난히 좋아해.
6415	연합 체계는 위험한 세력이니 원거리에서 싸워야 해.
6416	데이터 항목: 테렌 보호단과 그 집결 세력인 충성파에 대항하는 극도로 강력한 인간 세력. 탄도 무기 선호.
6417	연합 체계. 얼마나 폭력적인 무리야. 사회 전체가 전쟁과 권력을 중심으로 돌아가.
6420	^#E2006D;''피의 무관심, 이 녹아내리는 세계의 설계자.''^white;
6425	[진행 상황이 손실됩니다!]
6426	^#FFAD12;한 아이템^white;
6434	변화하는 황야 좌측 끝
6435	[사망 시 아이템 드롭]
6436	[중장갑 산적들이 다시 소탕되었습니다 | 최대 등급 달성 | 다음 회차는 3등급을 유지합니다.]
6442	^#14e903;고위력 매그넘^reset;
6443	놈들은 우리 존재 자체를 비웃어. 우리가 뭘 겪었는지 몰라. 뭘 봤는지. 어떤 세계를 뒤로하고 왔는지. 소총은 이렇게 많은데 절반도 못 써! 때가 올 때까지 아껴둬야 해. 그전까진 놈들 영토 아래의 유황이 절실해.
6444	"[뒷면 페이지 중 하나에 페이지 사이로 급히 붙인 종이 한 장이 있다]

나는 텐구가 이성을 볼 가능성이 낮다는 걸 알면서도 이 외교 사명에 너를 보낸다. 놈들이 환상향의 마지막 인류 잔존자를 이끌도록 나를 이 옥좌에 앉혔을지 몰라도, 그들의 멍에 아래 남는다면 우린 절대 성장하지 못한다. 놈들이 여전히 화약을 거부하면 병사들과 돌아오라. - 마르시안"
6445	막사 구역 출구
6449	"다가오는 종말 대비가 거의 절반 끝났다. 많은 벙커 콤플렉스가 이미 완공됐거나 완공 직전이며 충분한 식량, 의약품, 무기가 비축됐다.

잘 배급하면 약 20년은 버틸 수 있을 거야. 어차피 그렇게 필요하진 않겠지만. 이론가들도 암흑자의 격리실 재건을 끝냈다."
6450	"아직도 이 지경이 됐다는 게 안 믿겨. 우리 행성이 주변에서 천천히 죽어가고 있어. 매일 더 춥고 어두워져. 하지만... 우린 버텨낼 거야. 더 강하고 단결된 민족으로 나올 거야.

벙커에서 길어야 5년쯤이겠지. 그렇게 나쁘진 않아. 다만 지표로 돌아갔을 때 기다리는 난장판은 기대 안 돼."
6451	"책에 쪽지가 붙어 있다:

[편집됨]의 개인 소지품을 압수했다. 그가 살아있었다면 벌써 징계를 받았겠지만, 우리가 아는 여기 내용물은 좀 우려된다. 시설의 영향이 그 경계를 넘는다면 병력 효율 저하를 예상해야 한다. 특수부대를 보내 [편집됨]을 조사할 것을 권고한다."
6457	5장 '16사단' - 2부: 16사단
6458	[전쟁 중인 세계들]
6459	^#C67FC6;느린 회복 | 명중률 불량 | 단사거리 | 대보병^reset;
6468	네 손에 힘이 있는 동안, 선하게 살아라.
6471	^#FFB941;가공된 수확물
6480	스토리 개요 - 출구 샤프트
6481	[세계의 운명]
6487	미니건이야
6489	3장 '이세계' - 3부B: 이단자의 설교단
6490	[이단에 맞선 이단]
6492	^#C67FC6;빠른 회복 | 명중률 높음 | 근거리 | 대비방패^reset;
6493	^#B15C46;회복 물약^white;
6497	일종의 선명하지 않은 소파.
6498	단조로운 직물 소파. 기계로 짠지도 모를 정도다.
6499	꽤 실용적인 직물 소파.
6500	인간은 정말 조급해. 기계로 짰어. 이런 야만인들! 가구를 단순화하다니 감히!
6507	^#D6DFFF;식칼 검^white;
6512	"위협 지정: 1등급

프로젝션-87은 격리실로 기능하도록 개조된 차량 보관실에 잠가둘 것. 시험 목적이 아니면 어떤 개인도 P-87에 진입해선 안 된다. P-87 진입 해치는 열쇠 잠금을 유지할 것."
6513	프로젝션-87은 표식상 유니탄 기원으로 추정되는 믿기 힘들 만큼 거대한 주력전차이나, 그런 전차의 알려진 모델은 존재하지 않는 듯하다. P-87은 현대 탄도 무기에 대한 놀라운 회복탄성 외에 이상 특성을 보이지 않는다. P-87의 특성은 유사 구성의 차량을 조작할 수 있는 개인이 P-87에 착석할 때 발현되며, 이때 강렬한 정신적 피로가 개인을 덮친다.
6514	P-87은 D-22에 대한 서지 시험 중 지상 어느 높이에 나타나 실체화했다. 떨어지는 금속 덩어리가 D-22와 다른 직원 2명을 깔아뭉갰다. 적대 세력이 시설을 공격한다는 가정 하에 보안팀이 투입돼 콤플렉스-[편집됨]이 약 48시간 봉쇄에 들어갔다.
6515	"시험 기록 []/[]/[]

인간 남성, 41세, 반공산주의 사상에 동조하는 전직 전차 승무원. P-87 안에 착석하자 대상이 피로를 호소하며 졸리다고 진술. 30분 후 대상이 잠든 것이 발견됨. 4시간 후 시험 종료, 직원이 대상을 P-87에서 꺼냄. 대상은 곧 의식 회복."
6516	"시험 기록 B [[]/[]/[]

인간 남성, 41세, 이전과 동일 대상. 대상이 P-87 안에 착석. 30분 후 대상이 잠들기 시작. 대상을 P-87 안에 약 3일간 방치. 대상이 탈수로 만기, 시험 종료. 시신 소각."
6517	"무기 시험 []/[]/[]

P-87 장갑에 대한 다양한 무기 시험이 허가됐다. P-87이 [편집됨]의 무기 시험장으로 수송되어 소화기와 각종 대구경 대전차 병기의 사격을 받았다. P-87은 손상 없이 새것 상태를 유지한 것으로 보인다. 시험 종료 후 P-87은 콤플렉스-[편집됨]의 차량 보관실로 복귀."
6518	"쪽지 []/[]/[]

이상현상의 '정신적 피로' 부분만 제거하는 방법을 알아내면, 결정적 전투에서 적과 맞설 무기를 가질 수 있다. 무적의 전차는 모두의 꿈이다.

- 연구원 [편집됨]"
6521	^#FFEEC6;140 타격 > 140 타격 > 140 타격^white;
6522	[5단계: 여파]
6528	^orange;다목적 기관총 | 다루기 힘듦 | 제압+ | 근접-
6533	비행기... 조종... 석이 달렸네... 헤헤헤헤헤... 아 이런, 소리 내서 말했나?
6534	비행기. 푸, 이 원시 잡동사니는 아발리 함선에 흠집도 못 내.
6535	비행체. 우리 아비칸만 열심히 나는 종족이 아니라니 반갑네.
6536	잠긴 비행기. 쓸모없어.
6537	충성파의 평화 노력은 고맙지만 이건... 이건 외교관이 쓸 물건이 아니야.
6538	불탄 숲 [GIC]
6539	"행성 명령: 6
독립 관제소 연합과 지역 연방방위군이 지역 저항 조직에 대한 대반란 작전을 벌이고 있다."
6540	전란 [GIC]
6541	^red;호흡 가능한 대기가 없는^white; 황량한 ^#646464;불모 암석^white;. 쓸 만한 게 아무것도 없이 황량하다.
6542	불모 암석 [GIC]
6543	^blue;주로 물과 기타 생명유지 화학물질로 구성된^white; 황량한 ^#3232C8;불모 암석^white;.
6544	불모 동결 [GIC]
6545	"행성 명령: 5
이 세계는 대격변적 전역 동결을 겪었고, 함선의 진출입을 막는 이상장에 둘러싸여 있다."
6546	쿠르토비나 [GIC]
6547	레거시 행성
6548	식민지화된 풍요
