id	korean
499	아우, 꽤 귀엽네.
500	봉제 인형만 아니었으면 날 수 있을 것 같은데. 좀 부럽다...
501	씹고 싶은... 충동이... 솟아난다...
502	보랏빛 벌레 봉제 인형이다!
503	이게 대체 뭔지 전혀 모르겠는데, 귀엽고 갖고 싶어!
504	이런 건 한 번도 본 적이 없다. 오, 그래도 정말 귀엽다! 그리고 저 눈을 보고 누가 거절할 수 있겠어?
505	음, 아주 말랑말랑하다.
506	이런 건 한 번도 못 봤는데, 그래도 엄청 귀엽구먼.
507	이 색깔 마음에 든다! 꽤 귀엽기도 하고.
508	저건 정말 엄청 긴 봉제 인형이구먼.
509	자기 봉제 인형을 팔 수 있게 됐다니. 참... 이상하네.
510	그 마음 이해가 가. 나도 내 봉제 인형 갖고 싶어!
511	아우... 좀 귀엽네.
512	이상한 상어 여인 봉제 인형이다.
513	궁금함. 왜 자기 봉제 인형을 파는 거지?
514	그 물고기 이상한 애 꽤 마음에 드는데.
515	참 이상한 사람이네. 자기 자신의 봉제 인형을 나한테 팔다니.
516	얘 진짜 완전 귀엽다!
517	그 상어 여인 장난감이네. 뭐, 꽤 귀엽긴 하네.
518	이 생물이 실제로 어딘가 존재하는 건가? 이런 건 한 번도 못 봤어.
519	이 생물 스타일 마음에 든다.
520	진짜를 보고 싶다! 완전... 만지작거리고 싶게 생겼어.
521	다중우주 지도인 것 같다. 한 우주에서 다른 우주로 가는 방법은 잘 모르겠다.
522	지도인 것 같아. 이런 곳들은 그저 꿈에서나 방문해 볼 수 있겠지.
523	나 이거 잘 이해가 안 되는데? 지도인 것 같긴 한데...
524	말 많은 원들을 잇는 선들이네... 지루하다.
525	이거 지도 같은데... 세상에, 스케일이 크네, 이거 전부 우주 하나하나잖아!
526	어디, 음... 어디 있지... GZN-5-에메텍스트라는? ...아니, 이 지도엔 없네.
527	에... 내 작은 머리로 이해하기엔 너무 크다.
528	지도처럼 보이는데. 여기 있는 거 하나도 못 알아보겠어.
529	플로란은 이 그림이 마음에 든다.
530	이 장면, 완전 포스트 아포칼립스 영화에서 그대로 나온 것 같은데.
531	사양할게, 나 이미 충분히 겪어 봤어.
532	다른 사람들이 알맞은 짝을 찾는 게 그렇게 어려울 리가 없는데.
533	나한테는 더 나은 할 일이 있는 것 같은데...
534	오, 유혹적이네. 싫다고는 안 하겠지만, 그래도 다른 사람들이 더 낫다고 생각해.
535	가짜 고기 회사다. 플로란은 인정 안 한다.
536	무덤덤. 이 회사 제품 대부분은 내 종족한테 안 맞는다.
537	오. 그래, 어, 나는 안, 어... 그래, 아니.
538	성인용 "장난감" 회사 광고다. 개인적으로는, 좋은 책 한 권이면 충분히 재밌어.
539	음. 좋은 브랜드네.
540	흠, 어쩌면... 그래도 촉수 쪽이 여전히 훨씬 낫지.
541	포스터는 괜찮은데, 저 회사 제품은 뭘 말하는 건지 모르겠구먼.
542	진짜가 아니야. 내 취향 아니야. 사양할게.
543	미니크노그가 이런 생물을 만드는 법을 알아내려고 말 그대로 살인도 마다 안 할 거야. ...뭐, 정확히 저 사람은 아니지만.
544	음, 어... 이상한... 사람이네.
545	오 이런, 이거 쳐다보다가 들키고 싶지 않은데.
546	재밌게 놀 것 같은 사람이네~
547	반은 고기고 반은 친구네. 플로란은 혼란스럽다.
548	혼란. 포유류에 촉수 팔이라니? ...알고 싶지 않은 것 같기도 하다.
549	거의 인간처럼 보이는데... 음, 촉수 팔만 빼면.
550	이걸 어떻게 느껴야 할지 잘 모르겠다.
551	어머~ ...이 사람 임자 있어?
552	저 사람 정체가 뭐야?
553	노동을 계속하면서도 고도의 영양을 만들어 낼 수 있는 사람이라니, 유전공학의 위업이다. 미니크노그가 시도해 볼 법한 일처럼 들린다.
554	그래, 인정할게. 저 여자 나 좀 질투 나게 만드네...
555	우와, 저 사람 좀 봐. 저 우유 저 사람이 만든 거 아닐까?
556	흠, 갑자기 목이 마르네~ 에헤헤, 왜인지 모르겠지만.
557	소 아줌마가 우유를 팔고 있다. 플로란은 우유를 좋아한다.
558	소처럼 옷 입고, 소처럼 생기고, 소 같은 특징까지... 내가 생각하는 그게 아니었으면 좋겠다.
559	이건 어떤 우유 브랜드 광고인 것 같은데, 저 여자분이 정말 시선을 사로잡네. 아마 의도적인 것 같다.
560	음, 우유라. 좋아, 가슴 큰 소 언니, 살게.
561	으휴, 저 아가씨라면 무시조차 질투하게 만들 것 같은데.
562	플로란은 작은 생물 포스터가 마음에 든다.
563	랄프네.
564	저건 대체 뭘 나타내려는 거지?
565	그래, 랄프 맞네.
566	이게 뭐라 적힌 건지 전혀 모르겠다.
567	저건 전혀 못 읽겠는데. 포스터는 근사하네.
568	오, 맞다. 수상 선박이라는 게 있었지.
569	어, 그래, 내 번역기가 이게 뭔지 전혀 모르겠대. 근데 물이 정말 많으니까, 뭐가 됐든... 사양할게.
570	가라앉은 배 포스터다. 플로란은 글자를 못 읽는다.
571	당혹. 내 기록에는 이런 언어에 대한 지식이 전혀 없다.
572	이게 뭐라 적힌 건지 궁금하다? 뭔가 거품 같아 보이는데...
573	내 번역기는 이 언어를 인식하지 못한다. 혹시 잠수 투어 광고인가?
574	음, 물 음악 포스터네.
575	그래, 아니, 이게 뭐에 관한 건지 하나도 모르겠어.
576	저 사람이 자연적으로 존재할 수 있다고는 생각 안 해. 유전자 변형이 있었던 게 틀림없어. 나도 이해가 가.
577	귀여운 상어이긴 한데, 그렇게 유체역학적으로는 안 보이네.
578	상어치고는... 꽤 귀엽네, 에헤헤~
579	상어인간, 강해 보이는데, 가게에서는 꽤 부드러워 보였다.
580	흥미. 저 "반은 상어, 반은 여우" 같은 게 대체 어떻게 되는 건지 궁금하다.
581	내가 본 상어 중에 아마 제일 귀여운 것 같아.
582	저 종족도 바다에서 나왔던 건가?
583	이거 마음에 든다... 정말 많이~
584	이색 잡화점에 있던 그 물고기 아가씨 사진이구먼.
585	나, 어, 저게 남자인지 여자인지 모르겠어, 냥...
586	흠, 이거 좀 불길한데?
587	어, 저거 그거 아니야..?
588	쉬이이!!!
589	불안함. 어...
590	그래, 어...
591	흠, 저기, 어...
592	오... 오 안 돼, 안 돼.
593	어이쿠.
594	그건, 음...
595	이거 예전에 꿈에서 본 적 있는 것 같은데.
596	저거 정말 무서운 이미지네.
597	알약... 여기 없어. 근데, 저기... 아니면 저기.
598	이거 정말 급하게 만든 것 같은데.
