1751	이걸로 안에 들어갈 수 있겠어!
1752	컬리플라워 같은데 응혈 대신 얼음 같은 수정이 박혀 있네.
1753	제멋대로 <role>
1754	짝 사랑해! 더 세게 박아!
1755	체인에 매달린 메크 부품.
1756	음.. 참지 마! 푸시아는 네가 정액을 주길 바라! 테헤!
1757	음.. 너 정말 푸시아의 엉덩이를 좋아하는구나?
1758	으으응 좋아, 나 싸-싸고 있어~!
1759	이제 누가 주도권을 쥐었나~?
1760	오 이 식물들은 분명 내가 박을 수 있을 것처럼 보여.
1761	오오!.. 푸시아한테 기분 좋아!
1762	오오!.. 네 자지가 푸시아 안에서 너무너무 좋아!!
1763	오오~! 네 총배설강이 내 클리를 문질러!
1764	식물 사람. 플로란 같아. 그런데 온화해. 페네록스 좋아해!
1765	쾌락. 더 나올 게 많아!
1766	예쁜 나무 책장이에엇.
1767	갈대. 흠.
1768	믿음직한 <field> 심복
1769	안도. 더는 참을 수 없어!
1770	고대 문명의 잔해. 부술 수 없다!
1771	고향의 난형체가 떠오르네. 먹을 순 없지만.
1772	^orange;안드로스 갈바넥 사령관^reset;에게 돌아가기
1773	혐오. 땅에서 어떤 살이 움튼 거지?
1774	뿌리내린 촉수 식물
1775	보안 패스
1776	비에라 직업 갑옷 제작용 재봉 도안과 설명서.
1777	함선 텔레포터. 전원을 넣어야 해!
1778	천장에서 작은 뿌리가 삐져나와 있다.
1779	뱀은 자지가 두 개야? 누가 알았겠어?
1780	잘 맞춰진 커튼이네!
1781	누군가 여기 묻혔겠군...
1782	^orange;펠리노어 고대 도시^reset;의 ^orange;미첼 대령^reset;에게 말 걸기
1783	^orange;펠리노어 고대 도시^reset;의 ^orange;틸크^reset;에게 말 걸기
1784	미끈하고 반짝이는 잡초에엇.
1785	진술. 버섯.
1786	경계를 늦추지 마라, 필멸자여!
1787	경계를 늦추지 마세요, 천사 동료!
1788	돌멩이 돌멩이다냥.
1789	도발. 내 보지를 약탈하고 있어!
1790	텔레포트는 빛의 속도로 롤러코스터를 타는 기분이다.
1791	유혹. 눌러달라고 애원하는 버튼.
1792	이 설계도는 그리 복잡하지 않아. 시작하자!
1793	이 문은 우리 모든 함선에 쓰인다. 근데 얜 말을 안 듣네.
1794	이 간헐천은 아무리 잘 막아놨어도 안전 위험이야.
1795	이건 온갖 소름 돋는 거네.
1796	이 기계는 다양한 달콤한 액체를 생산한다.
1797	이 보지는 내 자지 전용으로 설계됐어!
1798	벽을 수납으로 바꿔엇. 영리해엇.
1799	윽, 내 고대 문자 해독표를 어디다 뒀더라? 대체 왜 아직 아무도 넥서스에 올려 두지 않은 거야?
1800	방에 추가 수납 공간을 넣기에 유용하다.
1801	으읏, 오 좋아~! 참을 수 없어~!
1802	베이퍼웨이브 포스터
1803	조심하세요, 천사 동료..
1804	손님이 왔어!
1805	이상한 거, 페네록스 싸게 만들어!
1806	뭘 쳐다봐?
1807	뭘 도와줄까?
1808	왜 멈췄어어? 오오~!
1809	스타사이트 여관에 가서 한잔하는 게 어때?
1810	벌레 보지가 왜 이렇게 섹시한 거야?!
1811	이렇게 흉한 낙서를 왜 액자에 넣었지?
1812	우와... 눈을 뗄 수가 없어...
1813	물건을 만드는 작업장이에엇.
1814	걱정. 내 안에 사정하면... 어떻게 되는 거지?
1815	와, 이거 엄청 커!
1816	와, 네 엉덩이가 꽁꽁 얼었어!
1817	와, 네 보지가 꽁꽁 얼었어!
1818	좋아아~ 푸시아는 물 주는 게 좋아~!
1819	좋아아~! 푸시아에게 아기를 더 줘~!
1820	불렀어?
1821	화석을 찾았어요! 이제 되살리는 방법을 알아내야 해요...
1822	이건 보면 안 돼.
1823	다쳤구나. 도와줄게.
1824	치유가 필요하구나. 잠깐 가만히 있어.
1825	내 엉덩이를 찌릿찌릿하게 하고 있어~!
1826	내 보지를 찌릿찌릿하게 하고 있어~!
1827	림에서는 네 얼라이언스가 힘을 못 써!
1828	네 보지가 김 날 정도로 뜨거워!
1829	^#b0e0fc;알타 바텐더^reset;
1830	^#e43774;업그레이드 가능 도구^reset;
1831	^orange;가구와 블록을 제작하는 작업대!^reset;
1832	^red;NPC 전용!!
1833	귀 스타일
1834	수족관.
1835	기본 이층 침대.
1836	크기가 좀 큰 편이지만, 과일이나 다른 재료가 다 들어가게 하려고 이렇게 만들었다.
1837	이층 침대. 넓진 않지만 의외로 편해.
1838	편안한 가죽 쿠션.
1839	복잡한 티타늄 포드, 안에 예쁜 식물이 자라고 있네요.
1840	검은 가죽 태피스트리. 아비칸 감시자의 문장이 새겨져 있다.
1841	괜찮은 수족관.
1842	장식용 함선 부스터.
1843	깃발엔 더 깊은 금색이나 주황색이 좋았을 거야. 그래도 볼 때마다 미소가 나와.
1844	치명적인 가시가 무성한 관목이네요.
1845	쾌활한 짐승이구나, 초록이여.
1846	평범한 테이블.
1847	아비칸 노마다의 문장이 새겨진 대형 가죽 태피스트리.
1848	사랑스러운 꽃병.
1849	멋진 수족관.
1850	과즙, 주스, 기타 생즙을 만드는 알타 주방 기술.
1851	금속에 잔뜩 싸인 식물. 아주 잘 보호됐어엇.
1852	뿌리 없이 버티는 식물?
1853	식물? 먹을 수 있는 거? 아니, 그럴 리 없어.
1854	상어 인형. 정말 포근해!
1855	저 큰 화분에서 필요한 걸 전부 얻는 예쁜 식물이네!
1856	아주 평범한 벽 조명.
1857	평범한 이층 침대.
1858	귀중품이 든 봉인된 보관함. ^green;[LMB] ^white;를 눌러 열기!
1859	간단한 가죽 쿠션.
1860	일종의 지붕 환기 장치.
1861	아주 큰 운송 컨테이너.
1862	생기 넘치는 조명.
1863	벽 수납장, 높은 곳에 물건을 보관한다.
1864	벽 조명. 기능적이지만 불쾌하네요.
1865	알았어, 그럼 여기 있을게.
1866	가짜 여자랑 춤추는 건 재미없네.
1867	초코보를 돌보는 데 필요한 모든 게 한곳에!
1868	이렇게 오래된 항아리를 부수기 아깝네...
1869	놀람. 이 고대 항아리는 세월의 풍파를 견뎌냈다.
1870	우아한 수납 솔루션이네요.
1871	거대한 촉수, 걸어다니고 기어오를 만큼 크다.
1872	매력 없는 수족관이네요.
1873	고대 항아리는 부숴야 해엇.
1874	아오, 과즙은 다시 어떻게 만들더라?
1875	네 종족은 바나나만 먹니?
1876	별 여행자니, 쿠포?
1877	수정 에너지로 만들어졌니?
1878	네 종족은 고귀한 혈통이니?
1879	네 바다도 우리 숲만큼 생기 넘치니?
1880	몸통 크기의 촉수가 그녀의 구멍을 쉬지 않고 휘젓는 동안 감촉이 그녀의 단단한 젖꼭지를 애태운다.
1881	악, 끼인 것 같다냥.
1882	기본 최대 피해:
1883	기본 나무 판자.
1884	최고의 거래야!
1885	조심하는 게 좋겠어.
1886	중折식 권총
1887	뭐, 동료 기계가 못 해낼 일은 없을 거야! 행운을 빌어!
1888	포획한 민달팽이
1889	조심. 이 식물의 가시에는 약 20가지 독소가 있다.
1890	채널: GDI
1891	채널: PMC 'KYUUTEN' 그룹
1892	또 오세요!
1893	크루 유니폼을 바꾸고 싶으면 나한테 와!
1894	아비안들이 이런 걸 좋아하기나 해?
1895	너 숨 쉬니?
1896	좋은 소식을 가져왔니, 쿠포?
1897	네 빛은 꺼진 적 있니?
1898	으이! 정말 포근한 상어야!
1899	여기에 FTL 연료를 넣어! 고치면...
1900	불굴. 우리 주인이 우리를 지켜준다!
1901	기분 좋다.
1902	^orange;<itemName>^reset; 찾기: ^green;<current> / <required>^reset;
1903	물고기 인형이다냥~
1904	떠다니는 자지, 많이 싼다. 너무 좋아!
1905	플로란은 홀로그램이 뭔지 몰라엇.
1906	플로란이 수족관 좋아해엇.
1907	플로란이 상어 인형 좋아해엇!
1908	플로란이 화려한 깃발이 좋아해엇.
1909	플로란은 가시에서 멀리 있어야 해엇.
1910	플로란이 이층 침대에서 자고 싶어엇.
1911	가구 염색소
1912	모방에 대한 속담 들어봤어?
1913	네 종족은 아직도 부족하니, 흄?
1914	안녕, 이방인.
1915	여기 있네! 모험 중인 로봇 둘!
1916	안녕.
1917	고궤도
1918	어떻게 지내?
1919	털이 그렇게 많은데 어떻게 시원하게 지내니?
1920	흄은 믿을 수 없다. 권력에 굶주렸구나. 우리는 이발리스를 기억한다.
1921	하이로틀은 홀로그램을 정말 좋아해.
1922	이게 누군지 전혀 모르겠네.
1923	여기서 테크를 장착할 수 있어! 편리한 기계야.
1924	아비안이 이런... 것에 탐닉할 줄 몰랐네요.
1925	널 해칠 마음은 없다. 여기서 문제를 일으키지 마라.
1926	여기선 새 얼굴을 잘 못 보는데, 쿠포.
1927	이 항아리가 의식용은 아닌 것 같아. 안에 뭐가 있을지 궁금하네.
1928	아직 이 책을 읽는 사람이 있구나...
1929	이 근처에선 손님이 적어, 쿠포.
1930	보호국 아카데미에서 이런 침대에서 잤던 좋은 추억이 있네요.
1931	네 종족은 모르겠구나. 여기서 뭘 하려는 거지?
1932	너는 친구인 거지, 쿠포?
1933	이 낡은 항아리 안에 어떤 고대 보물이 있을지 궁금하네요.
1934	불필요한... 충돌은 피하는 게 좋을 거야. 할 일 하고 떠나.
1935	다시 살았다! 좋아.
1936	물고기 스트리퍼를 빤히 쳐다보진 않을 거야. ...그렇지?
1937	이걸 어떻게 받아들여야 할지 모르겠어...
1938	클락스에서는 이런 건 본 적 없네.
1939	너 같은 억양은 처음 들어봐.
1940	은하계에서 이런 나무는 본 적 없어, 어디서 온 걸까?
1941	다른 금고에 들어가고 싶고 여분 열쇠가 있다면, 이 열쇠와 여분 금고 열쇠를 고대 기계에 함께 넣기만 하면 설계도가 깨끗이 지워진다.
1942	감탄. 이 조명 기구는 열보다 빛을 더 많이 만든다.
1943	놀라운 패션 감각이야, 선장!
1944	무관심. 물고기 사각형.
1945	당신 같은 분께 뭘 드릴 수 있을까요?
1946	너의 영혼은 네 것이니, 기계여?
1947	이거어 진짜야? 플로란은 절대 몰라엇.
1948	어딘가 아주 먼 곳과 연결된 듯한 포털이다.
1949	그냥 수족관.
1950	그냥 평범해 보이는 나무 판자.
1951	독이 가득한 큰 가시. 조심해야겠다.
1952	레이저 권총
1953	가죽이 플로란을 사냥하고 싶게 만들어엇.
1954	멋진데!
1955	마호가니 패널
1956	목스 펄더
1957	우리 종족 간의 관계가 계속 이렇게 천해야 하겠느냐?
1958	내 재봉 실력으로 크루 유니폼을 바꿔줄 수 있어. 필요하면 말 걸어줘!
1959	중립. 주스 기계.
1960	만나서 반가워, 요원.
1961	비에라의 친구임을 증명한 흄은 많지 않다.
1962	오, 손님이구나, 쿠포.
1963	알겠어, 명령 대기 중.
1964	낙관. 매달린 수납. 유용하다.
1965	어쩌면 우리 종족도 플로란에게서 많이 배울 수 있을 거야.
1966	당혹. 얘네는 늘 흥미로운 무리였다.
1967	당혹. 누가 저걸 여기 뒀지?
1968	네 종족에 대해 말해줘.
1969	각오해라!
1970	현재. 기대. 응답?
1971	^orange;스타페어러의 피난처^reset;의 ^orange;아유린^reset;에게 돌아가기
1972	"거칠고 다듬지 않은 돌.
^green;추출 가능^reset;."
1973	만족. 잘 만들어진 나무 판자다.
1974	스캔 결과 빛나는 마디는 공기를 먹는 공생 박테리아로, 화학 반응으로 빛을 만든대. 과학은 대단해!
1975	감상. 보호국 아카데미의 것과 비슷한 이층 침대.
1976	꼬리 깃털을 흔들어 봐!
1977	상어는 보통 무섭지만... 이건 정말 귀여운 인형이네.
1978	보호막 체력:
1979	함선 부스터
1980	함선 조명
1981	칼리니 수녀
1982	케일린 수녀
1983	코나니 수녀
1984	정말 화려하고 첨단 기술이네요!
1985	식물 하나 키우려고 이렇게 복잡한 알타 기술을 쓰네.
1986	일종의 상어 인형.
1987	맛있는 주스들.
1988	이걸 건드리면 큰일 날 것 같은 예감이 들어.
1989	어떤 식물의 뾰족하고 독한 가시.
1990	가시 많은 나무 판자에엇.
1991	수납장이에엇. 작동 안 해엇.
1992	이상한 음료에엇.
1993	용무를 말해라, 흄.
1994	진술. 선인장.
1995	탱고 격추!
1996	텔레포트는 산꼭대기에서 바다로 다이빙하는 기분이네요.
1997	텔레포트는 엄청난 짜릿함이야.
1998	그 룩이 이번 시즌 유행이야!
1999	호라이즌이 너희에게 심판을 내릴 것이다!
2000	비에라는 흄이 저지를 수 있는 수많은 만행을 알고 있다. 너는 다르냐?
2001	숲이 너와 함께 걷기를, 그녀가 우리와 함께 걷듯이.
2002	숲이 너를 지켜본다, 흄. 평화롭게 오는 게 좋을 거다.
2003	선인장, 진정으로 가장 츤데레한 식물.
2004	함선 수납 시스템.
2005	텔레포터! 이것만 전원이 들어오면 좋을 텐데.
2006	텔레포터! 전원이 안 들어와서 아쉽네.
2007	이 소-플리시티 도안은 비에라 전통 의상의 신중한 유통을 위해 서기관 길드의 존경받는 리데아가 특허를 가지고 있다.
2008	이 이층 침대는 좀 기본적이네.
2009	이 복잡한 기계로 테크를 장착할 수 있다.
2010	이 콘솔로 플로란이 테크를 장착해엇! 새 테크는 언제나 신나엇.
2011	이 옷은 크루를 정말 돋보이게 해줄 거야. 좋은 선택이야, 선장!
2012	이 상어 인형은 인간 문화의 필수품이야.
2013	이 항아리 엄청 오래됐어! 안에 뭐가 남아 있을지도.
2014	이 태피스트리는 아비키안 군사 함대인 뱅가드의 문장을 보여준다.
2015	이 기술은 더 좋은 데 쓸 수 있을 텐데.
2016	타인을 정복하는 것은 힘을 휘두르는 것. 자신을 정복하는 것은 도를 아는 것...
2017	이 가시를 만지면 쉽게 죽을 수 있어.
2018	조심해서 걸어라. 비에라들 사이에서 외부인은 거의 환영받지 못한다.
2019	불확실. 이 식물의 화분은 식물 자체보다 더 큰 것 같다.
2020	이걸로 열어서 내용물을 확인하세요. 두근두근!
2021	비에라는 그동안 본 것들 때문에 흄의 속마음을 의심할 줄 안다.
2022	모방해서 미안해. 우리 생존이 예전엔 그것에 달렸거든. 요즘은 잘 모르겠어.
2023	스타페어러의 피난처에 온 걸 환영해, 이방인!
2024	이 세상 구역에 온 걸 환영해, 쿠포!
2025	환영해, 쿠포!
2026	뭐 때문에 여기 왔니, 쿠포?
2027	네 종족을 이끄는 건 무엇이니?
2028	널 하나로 묶고 있는 건 뭐니, 빛나는 이여?
2029	네 빛을 움직이는 건 뭐니?
2030	넌 어떤 존재니?
2031	이 제단에서 어떤 성적 악행이 저질러졌을까?
2032	네 종족을 만든 건 뭐니, 기계여?
2033	이 고대 항아리 안에 뭐가 있든 오래전에 잊혀졌겠지.
2034	어디서 왔니, 빛나는 이여?
2035	도대체 버튼이 어디 있는 거야?
2036	화이트우드 패널
2037	왜 플로란은 이 새를 못 만져엇?
2038	왜 여기 왔느냐, 흄?
2039	약간의 노하우만 있으면 이 기계로 테크를 장착할 수 있어.
2040	판자로 가공된 나무.
2041	너 꽤 멋진 기계구나.
2042	우리와 별로 다르지 않아 보이지만, 네 마음은 어떠냐?
2043	너도 우리만큼 나무 타기에 익숙해 보이는구나.
2044	해칠 뜻이 없다면 이 길을 지나도 좋다.
2045	너 분명 일류 탐험가겠네. 네 불꽃이 마음에 들어!
2046	들려줄 이야기가 많겠구나, 기계여.
2047	빛과 에너지를 그렇게 많이 내뿜다니. 너 별이니?
2048	수정의 빛처럼 빛나면서 숨도 쉬는구나?
2049	이런 건 보통 좀 더 뒷골목의 하이로틀 클럽에서 볼 수 있네요.
2050	네 빛이 편안해, 빛나는 이여.
2051	네 종족은 강력한 전사들이겠구나.
2052	네 종족은 아주 튼튼하겠구나.
2053	네 종족은 이 우주에 대해 많이 알겠구나.
2054	네 종족도 우리처럼 어두운 과거를 알고 있는 것 같구나.
2055	네 종족은 깊은 바다를 헤엄치고 육지도 걷는구나? 아주 강인하겠네.
2056	^#b9b5b2;스타게이트 유니버스 모드
2057	^orange;변환 도구^reset;
2058	"^orange;세트 보너스^reset;:
^yellow;^reset; +^green;10^reset;% 속도
^yellow;^reset; +^green;1.15^reset;% 신성 피해
^yellow;^reset; ^cyan;면역^reset;: 호흡"
2059	"^orange;세트 보너스^reset;:
^yellow;^reset; +^green;10^reset;% 속도
^yellow;^reset; +^green;1.20^reset;% 신성 피해
^yellow;^reset; ^cyan;면역^reset;: 호흡"
2060	"^orange;세트 보너스^reset;:
^yellow;^reset; 돌격소총/소검: 숙련 +^green;22^reset;%
^yellow;^reset; ^cyan;면역^reset;: 산소"
2061	"^orange;세트 보너스^reset;:
^yellow;^reset; 돌격소총/소검: 숙련 +^green;25^reset;%
^yellow;^reset; ^cyan;면역^reset;: 산소"
2062	"^orange;세트 보너스^reset;:
^yellow;^reset; 카타나/육척봉: 숙련 +^green;22^reset;%
^yellow;^reset; ^cyan;면역^reset;: 광기"
2063	"^orange;세트 보너스^reset;:
^yellow;^reset; 카타나/육척봉: 숙련 +^green;25^reset;%
^yellow;^reset; ^cyan;면역^reset;: 광기"
2064	"^orange;세트 보너스^reset;:
^yellow;^reset; 철퇴/망치/도끼/대형 도끼: 숙련 +^green;22^reset;%
^yellow;^reset; ^cyan;면역^reset;: 감전"
2065	"^orange;세트 보너스^reset;:
^yellow;^reset; 철퇴/망치/도끼/대형 도끼: 숙련 +^green;25^reset;%
^yellow;^reset; ^cyan;면역^reset;: 감전"
2066	"^orange;세트 보너스^reset;:
^yellow;^reset; 마그놉: 숙련 +^green;22^reset;%
^yellow;^reset; 투척: 피해량 x^green;1.22^reset;
^yellow;^reset; ^cyan;면역^reset;: 방사선 화상"
2067	"^orange;세트 보너스^reset;:
^yellow;^reset; 마그놉: 숙련 +^green;25^reset;%
^yellow;^reset; 투척: 피해량 x^green;1.25^reset;
^yellow;^reset; ^cyan;면역^reset;: 방사선 화상"
2068	"^orange;세트 보너스^reset;:
^yellow;^reset; 산탄총,반자동 권총/소총, 저격소총: 숙련 +^green;22^reset;%
^yellow;^reset; ^cyan;면역^reset;: 그림자 오염"
2069	"^orange;세트 보너스^reset;:
^yellow;^reset; 산탄총,반자동 권총/소총, 저격소총: 숙련 +^green;25^reset;%
^yellow;^reset; ^cyan;면역^reset;: 그림자 오염"
2070	"^orange;세트 보너스^reset;:
^yellow;^reset; 창/활: 숙련 +^green;22^reset;%
^yellow;^reset; ^cyan;면역^reset;: 화상"
2071	"^orange;세트 보너스^reset;:
^yellow;^reset; 창/활: 숙련 +^green;25^reset;%
^yellow;^reset; ^cyan;면역^reset;: 화상"
2072	"^orange;세트 보너스^reset;:
^yellow;^reset; 완드/스태프: 숙련 +^green;22^reset;%
^yellow;^reset; ^cyan;면역^reset;: 중독"
2073	"^orange;세트 보너스^reset;:
^yellow;^reset; 완드/스태프: 숙련 +^green;25^reset;%
^yellow;^reset; ^cyan;면역^reset;: 중독"
2074	<field> 조수
2075	<field> 애호가
2076	균형 잡힌 식사.
2077	기본 우주선 문. 하지만 이건 작동하지 않는다.
2078	커다란 알루미늄 마스코트.
2079	커다란 수정.
2080	크고 차가운 수정.
2081	책장.
2082	고장 난 FTL 연료 해치. 이래선 안 돼!
2083	부서진 벽 상자는 자기에 안전하지 않다냥.
2084	거품 해치. 가운데를 누르면 거품이 터져.
2085	전선 다발. 지저분해 보여.
2086	정해진 지연 후 신호를 중계하는 회로에엇.
2087	차가운 수정 조각.
2088	콘솔.
2089	벽 수납장 두 개. 공간 절약에 좋아.
2090	새 눌리스 그릇에 적합한 수정.
2091	마른 조개껍데기. 픽셀이 들었을 수도 있고 아닐 수도.
2092	내가 빠져나갈 바닥 문이다냥.
2093	분명 깨지기 쉬워 보이는 껍데기야. 까보자!
2094	끝이 빛나는 풀 같은 식물.
2095	정보를 표시하는 홀로그램.
2096	커다란 얼어붙은 수정.
2097	크고 차가운 수정.
2098	사랑새의 둥지. 사랑새들은 아비안 성지에서 하기 좋아한다.
2099	어떤 것을 다른 것으로 변환할 수 있는 기계.
2100	고장 난 조명.
