64743	플로란이 인형을 찌르고 싶다!
64744	플로란이 금속 인간을 깨우고 싶다!
64745	플로란이 비단 깜짝을 원한다!
64747	플로란이 이 맛있는 냄새 나는 수액을 먹고 싶다.
64748	플로란이 먹고 싶다.
64749	플로란이 거-물건을 부수고 싶다.
64750	플로란이 저런 가면을 원한다.
64751	플로란이 큰 총을 원한다.
64752	플로란이 로봇을 부수고 싶다.
64753	플로란이 우주를 탐험하고 싶다. 그러면 플로란이 사냥할 먹이가 더 많아진다!
64754	플로란이 꽃에 숨고 싶다.. 하지만 꽃이 너무 많다!
64755	플로란이 매트리스 위에서 뛰고 싶다.
64757	플로란이 초록 모래에서 놀고 싶다.
64758	플로란이 크레인을 타고 싶다.
64760	플로란이 큰 물고기를 찌르고 싶다.
64761	플로란이 큰 로봇을 찌르고 싶다.
64762	플로란이 거대 금속 바위를 함정으로 쓰고 싶다.
64763	플로란이 레일을 무기로 쓰고 싶다.
64764	플로란이 화살을 쓰고 싶다.
64765	플로란이 폭발을 원한다!
64766	플로란도 어둠 속에서 빛나는 잎을 원한다.
64768	플로란이 이 사나운 짐승 같은 충성스러운 동료를 원한다!
64770	플로란이 이 무기들을 원한다.
64771	플로란이 노란 탁자를 물고 싶다. 치즈처럼 생겼다.
64772	플로란이 거-물건을 태우고 싶다!
64773	플로란이 분홍 오징어를 먹고 싶다.
64775	플로란이 고양이 인간들을 찾아 잡아 고기를 맛보고 싶다.
64776	플로란이 전리품을 찾고 싶다!
64778	플로란이 큰 초록 화살표를 따라가고 싶다.
64780	플로란이 프로자가 뭔지 알고 싶다.
64781	플로란이 엄청난 폭발을 만들고 싶다!
64782	플로란이 모든 버튼을 한꺼번에 누르고 싶다.
64783	플로란이 무기가 만들어지는 걸 보고 싶다.
64785	플로란이 이 초록 오징어를 찌르고 싶다.
64788	플로란이 검을 가지고 싶지만, 플로란이 충분히 강하지 않다...
64789	플로란이 이 셔츠를 입고 싶다.
64790	플로란이 이 치마를 입고 싶다.
64791	플로란이 이 스웨터를 입고 싶다.
64792	플로란이 이 짜증나는 조명들을 때리고 싶다!
64795	플로란이 탁자 조명을 보고 있다...
64798	플로란이 여기서 누군가를 매복할 거다.
64803	플로란이 뚱뚱한 작은 망보는 자 때문에 패스트푸드 건물에 몰래 들어가기 힘들 거다.
64804	플로란이 별 아가씨를 도울 거다.
64808	플로란이 오직 이 특별한 별 책상에만 앉을 거다..
64809	플로란이 다 밀어버릴 거다!
64813	플로란이 갈색 가방에서 훔칠 거다.
64818	플로란이 바보 같은 거-물건을 가져갈 거다.
64820	플로란이 그걸 만질 거다.
64824	플로란이 오래된 총이 작동했으면 좋겠다... 슬프다.
64825	플로란이 탁자로 천사 날개를 만들 수 있으면 좋겠다..
64826	플로란이 그걸 열지 않을 거다.
64828	플로란이 독성 거-물건을 만지지 않을 거다.
64833	플로란이 이게 뭔지 궁금하다...
64834	플로란이 작은 금속 인간의 머리에 어떤 생각이 스치는지 궁금하다...
64835	플로란이 지붕이 왜 뾰족한지 궁금하다...
64836	플로란이 이 의자가 왜 매달려 있는지 궁금하다.
64837	플로란이 문이 어떻게 저절로 여는지 궁금해?
64840	플로란이 큐브가 뭔지 궁금하다...
64841	플로란이 빛나는 거-물건이 뭔지 궁금하다...
64842	플로란이 안에 뭐가 있는지 궁금해?
64843	플로란이 뭘 자를 수 있는지 궁금하다...
64844	플로란이 이 천이 뭘 숨기는지 궁금해?
64845	플로란이 작은 총이 뭘 할 수 있는지 궁금하다.
64847	플로란이 문이 어디로 가는지 궁금하다...
64848	플로란이 궁금해, 오를라가 인형을 과녁 연습으로 쓸까?
64849	플로란이 궁금하다. 에롤이 커서 무법자 그린핑거가 될까?
64850	플로란이 밀주 냄새가 걱정돼.
64853	플로란이 게임하느라 콘솔에서 익는 고기에 너무 집중할 거다.
64855	플로란이 고기를 요리하고 싶다.
64858	플로란이 고양이 귀 달린 이 인간을 쓰다듬어주고 싶다. 귀엽다.
64861	플로란이 사냥용으로 쓰고 싶다.
64862	플로란이 찌르기 막대를 여기 보관하고 싶다.
64870	플로란이 이걸 보면 심장이 이상하다.
64885	플로란이 빛나는 덩구울이 좋다.
64888	플로란들은 정말 놀라운 일을 할 수 있지, 내 생각엔!
64889	이 개체 같은 플로란들이 내 종족을 거의 멸종시킨 거다.
64890	이 개체 같은 플로란들이 내 종족을 거의 멸종시킨 거다.
64895	플로란들은 재투성이 행성이 싫다. 재랑 먼지가 너무 많아서 플로란들이 집을 더 자주 청소해야 해.
64896	플로란들은 텐리가 한 짓을 영원히 용서 못 할지도.
64921	꽃이 말해, 죽이거나 죽거나!
64925	이런 꽃은 선천적인 아발리에게 맞지 않는 곳에서만 자랄 수 있어.
64926	이런 꽃은 선천적인 러스틀링에게 맞지 않는 곳에서만 자랄 수 있다.
64928	사랑으로 감싼 꽃들, 하늘 위로 날아올라 자취를 남긴 이들에게 바치는 헌사야.
64934	포근하고 삑삑? 플로란이 뭘 생각해야 할지 모르겠다...
64936	포근한 토끼가 유물을 다른 유물과 교환해.
64939	돌로 만든 포근한 거-물건. 플로란이 뭔지 모르겠다.
64942	포근한 장난감이 플로란을 쳐다봐. 플로란이 데려가는 게 좋겠다.
64965	나는 침대는 바보 같다.
64966	작은 우주선으로 날면 플로란이 멀미해.
64967	무지개를 지나 나는 건 정말 즐거운 꿈처럼 들린다!
64968	거푸미, 예이~~
64977	집중. 알록달록한 커튼이 달린 천사풍 침대다. 왕족용 같다!
64978	집중. 이 의자의 판독치를 보면 생크틸라이트로 만들어졌지만, 그 이상은 모른다.
64979	집중. 어떤 장치를 보여주는 듯하지만 그 용도는 모른다.
64983	집중. 오케스트라 음악 같다.
65036	식품 가공기
65039	음식 배달이다냥!
65042	남은 음식 보관소다냥?
65043	위에 불 조금 얹은 남은 음식이다냥.
65044	외계 성질의 음식이다.
