assetPath	legacyPointer	status
/ai/missionapex1.aimission.patch	/0/0/value	skip-test-op
/ai/missionavian1.aimission.patch	/0/0/value	skip-test-op
/ai/missionfloran1.aimission.patch	/0/0/value	skip-test-op
/ai/missionglitch1.aimission.patch	/0/0/value	skip-test-op
/ai/missionhuman1.aimission.patch	/0/0/value	skip-test-op
/ai/missionhuman1.aimission.patch	/1/0/value	skip-test-op
/ai/missionhylotl1.aimission.patch	/0/0/value	skip-test-op
/ai/missionpenguin1.aimission.patch	/0/0/value	skip-test-op
/ai/missionpenguin2.aimission.patch	/0/0/value	skip-test-op
/radiomessages/exploration.radiomessages.patch	/0/0/value	skip-test-op
/radiomessages/exploration.radiomessages.patch	/1/0/value	skip-test-op
/radiomessages/exploration.radiomessages.patch	/3/0/value	skip-test-op
/radiomessages/missions.radiomessages.patch	/0/0/value	skip-test-op
/radiomessages/missions.radiomessages.patch	/1/0/value	skip-test-op
/radiomessages/sb_tutorial.radiomessages.patch	/2/value/text	no-candidate
/radiomessages/sb_tutorial.radiomessages.patch	/6/value/text	no-candidate
/radiomessages/sb_tutorial.radiomessages.patch	/10/value/text	no-candidate
/radiomessages/sb_tutorial.radiomessages.patch	/11/value/text	no-candidate
/radiomessages/ship.radiomessages.patch	/0/0/value	skip-test-op
/radiomessages/techchallenge.radiomessages.patch	/0/value	skip-test-op
/radiomessages/tutorial.radiomessages.patch	/0/0/value	skip-test-op
/radiomessages/tutorial.radiomessages.patch	/1/0/value	skip-test-op
/radiomessages/tutorial.radiomessages.patch	/2/0/value	skip-test-op
