en	count	sample_asset	ko
Trash	2	/interface/windowconfig/playerinventory.config.patch	
Head Armour	1	/interface/windowconfig/playerinventory_gic_original.config.patch	
Chest Armour	1	/interface/windowconfig/playerinventory_gic_original.config.patch	
Leg Armour	1	/interface/windowconfig/playerinventory_gic_original.config.patch	
Back Armour	1	/interface/windowconfig/playerinventory_gic_original.config.patch	
Head Cosmetic	1	/interface/windowconfig/playerinventory_gic_original.config.patch	
Chest Cosmetic	1	/interface/windowconfig/playerinventory_gic_original.config.patch	
Leg Cosmetic	1	/interface/windowconfig/playerinventory_gic_original.config.patch	
Back Cosmetic	1	/interface/windowconfig/playerinventory_gic_original.config.patch	
Mechanics	1	/interface/scripted/v-settings/v-settings.config.patch	
