2980	그는 살아남으려 했습니다. 삼가 고인의 명복을.
2981	에이크만 항구로 향합니다, 나리.
2982	치유수는 몸을 담그고 즐기기 좋습니다. 몸이 회복되고 재건되는 게 느껴질 거예요.
2983	치유는 언제나 반가운 광경입니다.
2984	프리즘 기술 들어봤어요? 프리즘으로 빛을 굴절시켜 그 빛으로 뭘 죽이는 능력이요? 그 아이디어는 이 펠린에게 감사하세요.
2985	옛날 보호단과 공존했던 피스키퍼 조직 들어봤어요? 노블 대위가 그걸 아주 잘 유지하고 있대요. 잘하는군요.
2986	중형 성벽
2987	중형 성벽입니다.
2988	중형 콤보
2989	중독 - 문자 그대로 아무것도 못 하길 빌어요. 탄이 너무 엉터리로 빗나가서 탄환이 어떻게 그런 각도로 나가는지 의문이 들 겁니다.
2990	중형 정비 잭
2991	적 함선에 중형 근접방어 체계가 있습니다. 빠르게 움직이며 신속히 접근하세요.
2992	헤비 스터버 NPC 승무원
2993	중형 찌르기
2994	중화기 교리 - ^orange;LMG 또는 중량급 무기 발사 시 후속 사격에 무기 숙련도 +20% | 발사 중 이동 불가.^reset;
2995	예언자를 따르라
2996	헤헤, 이 행성에서 바람에 귀가 움찔하는 게 계속 느껴져요. 거슬리지만 동시에 간지러워요.
2997	헤이안 우박폭풍
2998	고통 역치 상승 [펜타닐] - 다음 피격에 피해 저항 +40% | 재사용 대기 4초.
2999	고통 역치 상승 [모르핀] - 다음 피격에 피해 저항 +33% | 재사용 대기 6초.
3000	고통 역치 상승 [아편] - 다음 피격에 피해 저항 +25% | 재사용 대기 7.5초.
3001	후계자 병사 동상입니다.
3002	헬륨-3 연료봉
3003	지옥까마귀 갑옷 꾸러미
3004	지옥의 외투
3005	지옥의 열차
3006	지옥불 스터버
3007	다시 안녕하세요!
3008	다시 안녕하세요! 함선은 늘 그렇듯 상태 양호합니다. 
>추진기 정상. 
>FTL 추진기 정상. 
>함선 텔레포터 작동. 
>^green;우주 어디든 갈 수 있습니다!
3009	다시 안녕하세요. 부탁할 게 있습니다. 또 다른 일이에요. 인정하기 어렵지만, 여러 해 전 저는 당신 같은 인간 모험가에게 장비를 만드는 큰 실수를 저질렀습니다. 줄리안이라는 남자였죠. 그는 제가 무엇인지 정확히 알고 있었습니다, 제대로 된 인간이 아니란 걸요. 그는 막대한 돈과 영지 안전 통행을 제안해 제가 쉽게 받아들였습니다. 대가로 이 땅 최고의 갑옷을 만들어주기로 했죠. 그의 자신감이 두려웠습니다.
3010	다시 안녕하세요. 이곳은... 여기 많은 사람을 알아요. 나즈린... 미스티아... 니토리... 내내 그들이 바로 여기 있었어요. 여기가 꽤 편한 집이 될 것 같아요.
3011	안녕하세요, 처음 뵙는 분이네요. 성함이?
3012	안녕, 셸.

당신은 하부 식민지의 회랑을 걷습니다. 버려진 자와 빈자가 죽은 세계의 표면 아래서 살아가는 곳입니다.

이 세계의 주민은 무자비합니다. 동포 인간보다 무심한 범죄 조직의 이익을 추구하죠.
3013	안녕하세요, 아저씨. 오늘 어떠세요? 저 밖이 어떤지 아세요? 그 차갑고 어두운 현실이요? 이제 아저씨를 따라갈게요, 알겠죠? 지켜보고 있을 거예요. 언니도요.
3014	안녕하세요. 저는 MAIA, 미라주 인공지능 비서입니다. 만나서 반갑습니다.
3015	지옥까마귀 대검
3016	도와주세요! 개가 쫓아와요! 아- 아... 핥고 있네... 그만해, 간지러워... 음, 도와주세요?
3017	온다!
3018	자, 부서에서 ''분실'' 보급품을 좀 가져오세요. 법의 제복과 제 총입니다. 이 궁핍한 처지에 드릴 최고의 감사예요. 도움이 필요하면 아야 양을 통해 연락하죠. 이제 가세요, 더 중요한 일이 있을 테니까요.
3019	자, 기록보관소에서 줄 게 있어요. 폭발물 편람의 일부입니다. 작업대 없이 야전에 있을 때 유용할 겁니다.

나즈린과 얘기해보세요, 쥐 아가씨요. 얘기할 게 있다네요.
3020	자기야. 아름다운 걸 보여주려고 데려왔어요.

제가 천 살이라고 한 거 기억하죠? 엄밀히 맞으면서도 거짓이에요. 저는 지구에서 1000년대에 태어났지만, 지금까지의 마지막 기억은... 아마 2001년이었어요. 그런데... 그 이후가 기억 안 나요. 통째로 천 년이 사라진 것 같았어요.

보여주고 싶은 사진이 있어요.
3021	이단의 소굴
3022	이단의 설교단
3023	안녕, 동지! 한 번 겪었고 또 해낼 겁니다! 우리가 어떻게 처리하는지 보여줍시다! 앞으로! 선두에 선 자에게 영광을!
3024	이봐요! 지붕 부서진 집에 적이 있어요! 여기 지원 좀 부탁해요!? 여기서 갈기갈기 찢기고 있어요!
3025	이봐요! 제가 한동안 만지작거린 레시피를 얻으셨네요.
3026	이봐요, 무기 상자네요!
3027	이봐요, 코어 파편이네요! 에너지가 가득이에요. 20개면 필요한 용도로 충분해요.
3028	이봐요, 저기 누구 살아있어요?!
3029	이봐요, 라나예요! 그녀의 대의에 물건을 팔았던 게 기억나네요. 잘 지내서 다행이에요.
3030	이봐요, 참고로 여기 공기가 없어요. 대책이 있으시겠죠?
3031	이봐요, 보세요! 레시피예요! 이건 몰락체가 파괴된 후부터 만들고 싶던 무기예요. 노력하면 희귀한 무기가 될 수 있어요.
3032	이봐요, 보세요. 보호단은 진짜 좋은 검을 만들어요, 알죠? 저 상자에서 가져오길 강력 추천해요. 수리해줄 사람을 찾을 수 있을 거예요.
3033	이봐요, 들으세요. 여기서 나갈 방법을 알아요 - 특히 저는 정말 나가고 싶어요. 제 SAIL 칩을 이 컴퓨터에서 빼주실래요?
3034	이봐요, 그러니까 여기가 아늑한 건 아는데... 당신 메크는 아직 ^#00BFFF;추위^reset;에 그다지 내성이 없어요. 추위 보호가 있다면 지금은 걸어가는 게 나을 거예요.
3035	이봐요, 그러니까 여기가 아늑한 건 아는데... 당신 메크는 아직 ^cyan;추위^reset;에 그다지 내성이 없어요. 추위 보호가 있다면 지금은 걸어가는 게 나을 거예요.
3036	이봐요, 좋네요. 기술 결속대잖아요? 이걸로 어디서든 장착할 기술 카드를 만들 수 있어요.
3037	이봐요, 오셨군요.

음식은 이미 주문했으니 앉으세요. 어차피 별일 없고요. 그래서, 오늘 어땠어요?
3038	이봐요, 우린 이 전투에서 이길 거예요. 그 도적 놈들한테 했듯 제대로 때려눕힐 겁니다. 이 나라 전체의 지원을 받으니 더 세게요. 필요하면 뭐든 목을 조를 수 있다고 이 세계에 증명할 거예요.

건배 어때요, 친구? 지옥으로 뛰어들기 전 한잔 정도야. 건강을 위하여, 동지. 그리고 신을 위하여.
3039	이봐요, 방금 먹은 게 당신 생체와 안 맞는 것 같네요, 안타깝게도. 약을 좀 챙기고... 다시는 드시지 마세요.
3040	이봐요, 전에 본 얼굴은 아니지만 좋은 후보 같네요. 에이크만 항구 여정에 동행할 사람을 찾고 있어요. 전 가본 적 없지만 곧 있을 작전용 화물 보급 명령이 있어서요. 병사들은 다 바빠서 당신 같은 분을 찾고 있어요.
3041	이봐요, 악보를 얻으셨네요! 찾은 노래는 라디오에서 연주할 수 있고, 도구 작업대에서 만들 수 있어요.
3042	이봐요, 거기요! 도움이 필요해요!

여기서 나가야 해요! 제-제가 바보짓을 해서 지금 다들 절 죽이려 해요!
3043	이봐요, 거기요! ^#71f2f6;A 또는 D를 눌러 일어나세요^white;. 괜찮을 거예요, 하지만 움직여야 해요.
3044	이봐요, 당신! 당신은... 당신이... 우리 병사 수십을 죽인 그자군요! 당신 손에 수십이 죽었고... 그런데 어쩌면... 당신에게 제안이 있습니다. 잠깐 들어주기만 하면 됩니다.
3045	이봐요, 젊은이, 어디 가시나요?
3046	이봐요. 이봐요! 제 말 들으세요. 무언가가 당신 정신을 교란하고 있고 ^red;당신은 미쳐가고 있어요^reset;. 이걸 일으키는 것에서 벗어나야 해요.
3047	이봐요... 봐요, 아직 여기 있잖아요. 요괴의 규칙은 바뀌었지만 우리가 당장 어디 가는 건 아니에요. 그저 우리가 더... 인간다워졌다는 거죠. 겪었을 어떤 공포도 이제 끝났어요. 겪은 모든 게 우릴 강하게 했고, 이겨낼 거예요. 전 환상향에서 가장 빨리 나는 존재였지만, 지금은 아무 쓸모 없는 날개뿐이에요. 이제 새 목적이 있어요. 사는 거요.
3048	이봐요... 당신 세키반키가 아니잖아!
3049	안녕, 어떻게 지내요? 오랜만이에요.
3050	중장갑 차량 파괴 또는 깊은 요새 관통용 고폭 대전차탄입니다.
  
이 로켓은 HEDP 대비 폭약량이 훨씬 적지만, 한 블록 벽을 뚫거나 물리적으로 두꺼운 목표에 추가 피해를 줍니다.

^orange;실패 확률 유형: 불량 기폭장치 | 추진기 정렬 불량
3051	고품질 음식 - 의료 키트와 일부 소모품이 추가 생명력 회복 | 출혈 저항 +35%.
3052	화염방사기용 고압 연료 탱크 체계입니다.
3053	ROKS-2 화염방사기용 고압 연료 탱크 체계입니다.
3054	히나, 어미 보호자 (해안선)
3055	히나타 ''미티어 Mk2''
3056	엉덩이 화살통 - ^orange;화살/볼트 발사 시 나무 화살/볼트 1개 50% 확률 회수.^reset;
3057	이름이 브래들리라는군요. 그의 집에 가봅시다.
3058	역사적으로 스나이더-엔필드는 미국 발명가 제이컵 스나이더가 만들었고, 영국은 기존 패턴 1853 엔필드에 그 개조 방식을 채택했습니다. 에스카토안 마키나리우스 군은 이 소총의 표준화를 아직 시도 중이지만, 일부는 구형 드라이제 소총을 계속 씁니다. 막부는 자체 복제품을 더 많이 생산합니다. .577 엔필드 장전.
3059	로마의 역사 - ^orange;투척 무기가 이제 전장화기로 간주되어 그 효과 발동.^reset;
3060	적중 확률은 탄환이 근접 거리보다 먼 거리에서도 치명력을 유지할 확률입니다(아니면 '빗나감'). 화기 사용엔 큰 반동이 따르고, 모든 탄이 항상 신뢰할 만하진 않습니다.

총에는 반동이 있고 무모한 자동 사격 시 성능이 떨어집니다. 조심스러운 반자동과 웅크린 사격이 정확한 탄을 줍니다.
3061	흠, 절반은 하는군요. 좋아요, 빠르게 말할게요. 할 말이 있어요.

밖에서 뛰어난 사람을 만나면... 마법 대장장이라든가... 뭐랄까, 삼연발 석궁을 들고 다니는 사람이라든가... 여기로 데려올 수 있는지 보세요. 요즘 온갖 이상한 사람이 있고 우린 추가 인력이 필요해요. 반쯤 죽은 세계에 앉아있는 것보다 여기 오는 게 낫죠, 안 그래요?

그렇게 해주면 우리 모두 훨씬 나아질 겁니다. 큰 부탁 아니지만 의미가 클 거예요.
3062	흠, 공허 함선이 있군요. 제가 할 수 있는 걸 말씀드리죠. 은하를 누빌 수 있게 함선을 고쳐드리겠습니다. 체계 내 이동과 다른 항성으로의 워프가 가능해집니다. 일종의 선금으로 생각하세요.

충격파형 모듈 주변엔 보통 여분 연료봉이 있으니, 남아 있다면 복잡한 건 필요 없습니다. 토륨 연료 꾸러미를 가져오시면 기꺼이 상점을 열겠습니다.

잘 부탁하면 함선을 더 업그레이드해드릴지도요. 고통받는 식민지에서 연료봉을 구하면 다시 오세요.
3063	흠. 이건 그냥 무작위 ^orange;예비 부품^reset;이군요. 맞는 곳을 찾을 방법이 없어요. 추출해서 텅스텐을 좀 얻을 수 있겠네요.
3064	흠... (3초)
3065	홀벡 짐승 전투
3066	홀벡 묘지
3067	^yellow;[Shift]^reset;를 눌러 "절대 모드" 진입 - Shift를 누르는 동안 모든 움직임이 최고 속도 또는 정지.
3068	진형 유지! 진형 유지!
3069	전선을 지켜라!
3070	눌러라! 눌러라!
3071	막아라! 그들을 묶어둬야 해!
3072	전선을! 지켜라!
3073	탄환 12개 수용. 20게이지는 상징적인 12게이지보다 약하지만 반동이 훨씬 적습니다. 이는 20게이지 탄을 너무 큰 위력 희생 없이 정확도와 지속 사격에 더 적합하게 합니다.
3074	12개 대신 탄환 24개 수용, 총 피해는 표준 벅샷과 동일.
3075	공허의 고백 꽃
3076	공허의 반지 - ^orange;회피 돌진 능력의 무적 프레임이 0.5초에서 0.7초로 증가.^reset;
3077	공허 외피 방패
3078	공허 마술사
3079	홀로그램 기술은 나름 독특합니다.
3080	유도 사격
3081	명예 베레모 - 재사용 대기.
3082	명예 베레모 - 장신구 자체를 참조하세요.
3083	타세요! 당신이 운전해요! 길 안내는 제게 맡기고!
3084	적응은 어떠세요? 흠, 아직은요...

그럼 셸, 드릴 게 있습니다. 저는 한때 ''식민지화된 불모지''라 불리는 행성에 살았어요. 식민 도시 깊은 곳에 누추한 집을 꾸렸죠. 하지만 다른 셸들이 힘을 찾아 오자 떠났습니다.

표면에선 인류가 해 없는 하늘 아래 그 꿈에 매달립니다. 지하에선 절박한 자들이 몸을 강화하는 심연의 의식을 행하죠.
3085	버티고 있나요, 젊은이? 제 눈엔 잘하고 있군요.

드릴 게 있습니다. 마음에 드실 거예요.
3086	버티고 있나요, 젊은이? 글쎄, 잘하고 있군요.

딱히 할 일 없다면 드릴 게 있습니다.
3087	우리 두 번째 신께서 관대하시군요.
3088	몇 행성이 몰락체의 파괴적 분노에 무너졌을까요? 그 모든 사람들이... 사라졌어요.
3089	참 독특하네요.
3090	하지만... 당신은 혼자가 아닙니다. 생체 신호가 안에 익숙한 얼굴을 보여요.
3091	허브월드: 에스더의 함선
3092	휴이 헬리콥터
3093	허... 저도요. 요괴의 산 일부만 흡수된 게 아니었네요. 전 도시 근처 숲에 던져져 노숙하며 이미 상처 입었어요. 옛 동료가 근처에 있어 다행이었죠. 살아갈 수 있게 일으켜줬어요. 다른 누구였으면 어땠을지 모르겠어요...
3094	인간권 식민지 커피 테이블. 절반은 아비안 가게 싸구려인 커피를 즐기세요.
3095	인간권 식민지 탁자. 100% 소행성 채굴 금속입니다.
3096	인류 자체 컴퓨터. 이건 인간권 전역에서 대히트했어요. 군용 소프트웨어를 돌릴 수 있습니다.
3097	인류는 이 기술을 오래 가졌지만, 이 형태는 아니었어요.
3098	배고픔과 사망 아이템 드롭이 비활성화됩니다.
3099	배고픔과 사망 아이템 드롭 완전 비활성화.
3100	코지로 추적
3101	사냥꾼의 섬 롯지
3102	사냥용 석궁
3103	사냥용 석궁 NPC
3104	화차 화포 진지
3105	화차주카 상자
3106	초분광 소총
3107	초분광 소총 NPC
3108	과잉경계 [베테랑 특성] - 수면으로 생명력 회복 불가.
3109	이렇게 추운 곳에서 꽁꽁 어는 물에 젖으면 느껴져요!!! 그리고 ^red;더 빨리 얼 거예요!!!^reset;
3110	이들은 못 들어봤지만 이 간판은 상태가 좋군요. 군사 저항을 예상해야겠어요.
3111	라나 블레이크가 제게 무기를 판다던 그 에이펙스임을 확신합니다. 필요할 때 도운 걸 알아 기뻐요.
3112	여기 많은 이가 순수한 인간이 아니란 걸 눈치채셨을 겁니다. 우리 다수가 물려받은 여러 동물 신체 부위가 별로 은근하진 않아요. 하지만 이미 이 새 영역에 터를 잡은 이들도 있습니다.

환상향을 떠돌던 야수가 아닌 요괴들이 여기서 사는 모습에 안도합니다. 하지만 상실감도 느껴져요. 여기 사는 작은 설치류처럼, 인간과 요괴 모두 이제 똑같이 무력합니다.
3113	이 텔레비전의 경고가 걱정됩니다. 대피해야 할까요?
3114	나중에 도움될 기술 작품을 개발 중입니다. 지켜봐주세요.
3115	당신을 완전히 신뢰하기에 이걸 드립니다. 친구가 되어주고 제 등을 봐줘서 고마워요. 이 드라이브의 내용이 가치 있길 바랍니다.
3116	당신과 함께해 기뻐요... 적어도 마음으론요. 누군가를 친구이자 믿을 만한 동료라 부를 수 있게 된 지 오래됐어요.
3117	건강한 모습을 봐서 기쁩니다. 제 창조자를 존중해주고 우정을 선물해줘서 고마워요.
3118	드린 라디오의 수신 범위에 감탄합니다. 어떤 이유로든 친구와 연락 유지는 좋은 일이에요.
3119	혼자 먹는 게 두렵지 않아요. 제가 식탁에 가져오는 게 뭔지 아니까요.
