old_korean	new_korean
아주 기뻐하는. 이 화려한 플랫폼은 정밀하게 샌딩되고 마감되었습니다.	기쁨. 이 화려한 플랫폼은 정밀하게 샌딩되고 마감되었다.
중립. 고대 금속 발판입니다.	중립. 고대 금속 발판이다.
중립. 외계의 방사영양성 목재 조각입니다.	중립. 외계의 방사영양성 목재 조각이다.
진술. 고대 금속 발판입니다.	진술. 고대 금속 발판이다.
중립. 나무 발판이에요.	중립. 나무 발판이다.
관찰 중. 이 벽돌들은 극도로 뜨거운 돌로 만들어졌습니다.	관찰. 이 벽돌들은 극도로 뜨거운 돌로 만들어졌다.
주눅 드네요. 이 돌 석판들은 섬뜩한 초록 빛을 냅니다.	위압. 이 돌 석판들은 섬뜩한 초록 빛을 낸다.
혼란. 이걸 어떻게 걸어다녀요?	혼란. 이걸 어떻게 걸어다니지?
분석 중. 이 블록은 매우 조밀합니다.	분석. 이 블록은 매우 조밀하다.
매혹. 이 자갈돌은 자연스럽게 매끄럽고 으스스해요.	매혹. 이 자갈돌은 자연스럽게 매끄럽고 으스스하다.
무관심. 기본적이고 으스스한 흙이네요.	무관심. 기본적이고 으스스한 흙이다.
관찰. 이 얼음 같은 재질은 표준 얼음보다 훨씬 단단하네요.	관찰. 이 얼음 같은 재질은 표준 얼음보다 훨씬 단단하다.
놀랍네요. 이 벽돌 멋있어 보여요.	놀람. 이 벽돌 멋있어 보인다.
분석 중. 치명적 폐기물 더미입니다.	분석. 치명적 폐기물 더미다.
놀람. 이 작은 돌벽돌은 방사능에도 온전하네요.	놀람. 이 작은 돌벽돌은 방사능에도 온전하다.
고풍스럽네요. 타이탄강 바닥입니다.	고풍스러움. 타이탄강 바닥이다.
관찰. 타이탄스틸 건물용 유리판이네요.	관찰. 타이탄스틸 건물용 유리판이다.
감탄. 강도를 높이는 두꺼운 강철보가 지나가는 벽돌이네요.	감탄. 강도를 높이는 두꺼운 강철보가 지나가는 벽돌이다.
중립. 영구동토 재질이에요.	중립. 영구동토 재질이다.
분석. 이 센서는 손상됐습니다.	분석. 이 센서는 손상됐다.
호기심. 이 게임은 지구 공중전을 충격적으로 사실적으로 그렸네요.	호기심. 이 게임은 지구 공중전을 충격적으로 사실적으로 그렸다.
호기심. 이 게임은 지구 공중전을 재밌게 그렸네요.	호기심. 이 게임은 지구 공중전을 재밌게 그렸다.
감사해요. 멋진 기계네요. 이건 군사 소프트웨어를 다룰 수 있어요.	감사. 멋진 기계다. 이건 군사 소프트웨어를 다룰 수 있다.
사려 깊게. 이 사물함은 정말로 잠겨 있네요.	사려. 이 사물함은 정말로 잠겨 있다.
흥미. 미확인 종류 연료를 받는 터빈이네요. 안에 뭐가 있을 수 있어요.	흥미. 미확인 종류 연료를 받는 터빈이다. 안에 뭐가 있을 수 있다.
주의. 이 금속 탐지기는 장비와 무관하게 저를 탐지할 겁니다.	주의. 이 금속 탐지기는 장비와 무관하게 나를 탐지할 것이다.
흥미. 이 책장엔 소금으로 음식 보존하는 법부터 무기 청소까지 다양한 인간 책이 있네요.	흥미. 이 책장엔 소금으로 음식 보존하는 법부터 무기 청소까지 다양한 인간 책이 있다.
지루하네요. 서류 말고는 흥미로운 게 없습니다.	지루함. 서류 말고는 흥미로운 게 없다.
흥미. 이 기계는 신호를 차단하는 무선 잡음을 내보내네요.	흥미. 이 기계는 신호를 차단하는 무선 잡음을 내보낸다.
혼란. 글리치 금전등록기처럼 생겼는데 종이가 튀어나와 있어요.	혼란. 글리치 금전등록기처럼 생겼는데 종이가 튀어나와 있다.
충격. 벽에 아직 선혈이 남아있어요!	충격. 벽에 아직 선혈이 남아있다!
주의. 뭔가 갖고 있을지도요.	주의. 뭔가 갖고 있을지도 모른다.
혼란. 이 무기들을 부품으로 만들어야 해요?	혼란. 이 무기들을 부품으로 만들어야 하나?
신남. 이미 강력한 무기를 여기서 업그레이드할 수 있어요!	신남. 이미 강력한 무기를 여기서 업그레이드할 수 있다!
당황. 할 말이 없습니다!	당황. 할 말이 없다!
분석 중. 핵심 부품 제련에 쓰는 고대 용광로입니다.	분석. 핵심 부품 제련에 쓰는 고대 용광로다.
주의. 보호국에서 미국인이 사악한 사람들이라 들었습니다.	주의. 보호국에서 미국인이 사악한 사람들이라 들었다.
주의. 보호국에서 러시아인이 역사상 가장 끔찍한 사람들이라 들었습니다.	주의. 보호국에서 러시아인이 역사상 가장 끔찍한 사람들이라 들었다.
혐오. 플로란 해방 전선은 내가 아는 플로란이 아니에요!	혐오. 플로란 해방 전선은 내가 아는 플로란이 아니다!
진술. 십자가가 있는 깃발이네요.	진술. 십자가가 있는 깃발이다.
관찰 결과. 아발리의 깃발은 원 아이콘에 날개를 모티브로 한 것 같습니다.	관찰. 아발리의 깃발은 원 아이콘에 날개를 모티브로 한 것 같다.
진술. 이 위에서 자도 제게는 아무 영향이 없습니다.	진술. 이 위에서 자도 나에게는 아무 영향이 없다.
편안하네요. 이 환기구에서 나오는, 엄밀히 숨 쉴 수 없는 공기가 깨끗해요.	편안함. 이 환기구에서 나오는, 엄밀히 숨 쉴 수 없는 공기가 깨끗하다.
흥미롭네요. 단순한 배기구를 터빈과 결합한 건 꽤 독창적인 발상입니다.	흥미. 단순한 배기구를 터빈과 결합한 건 꽤 독창적인 발상이다.
사려 깊어요. 이 안구 스캐너는 각 개별 종의 눈 스캔에 맞춤 설정이 있어요.	사려. 이 안구 스캐너는 각 개별 종의 눈 스캔에 맞춤 설정이 있다.
치명적. 이런 포탑 꼭대기의 해치는 설계상 결함입니다.	치명적. 이런 포탑 꼭대기의 해치는 설계상 결함이다.
감탄. 이 의자의 각 다리가 나노미터까지 완벽하게 잘렸어요.	감탄. 이 의자의 각 다리가 나노미터까지 완벽하게 잘렸다.
빈정. 네, 아주 흥미로운 커피 테이블이네요.	빈정. 그래, 아주 흥미로운 커피 테이블이군.
흥미. 이 냉장고는 외부 냉각 방식을 지원하네요.	흥미. 이 냉장고는 외부 냉각 방식을 지원한다.
빈정. 네, 아주 흥미로운 금속 탁자네요.	빈정. 그래, 아주 흥미로운 금속 탁자군.
감동 없네요. 그냥 플라스틱 벽 수납장입니다.	무감동. 그냥 플라스틱 벽 수납장이다.
주의. 이 '텔레비전'들의 배선 불량 소문을 들었습니다.	주의. 이 '텔레비전'들의 배선 불량 소문을 들었다.
사실. 문의 경보가 울리지 않게 이걸 꺼야 해요.	사실. 문의 경보가 울리지 않게 이걸 꺼야 한다.
지루하네요. 지루한 파이프로군요.	지루함. 지루한 파이프로군.
이 상자들은 세력 표장이 찍혔어요 — 절도를 피하는 게 바람직해요.	이 상자들은 세력 표장이 찍혔다 — 절도를 피하는 게 바람직하다.
걱정됨. 글리치식으로 말하면 분해되는 것과 같아요.	걱정. 글리치식으로 말하면 분해되는 것과 같다.
걱정됨. 조심 안 하면 이렇게 될지 몰라요.	걱정. 조심 안 하면 이렇게 될지 모른다.
안심했어요. 이 차량을 조종하는 사람은 없네요. 아쉽게도 문이 잠겨 있어서 훔칠 수가 없어요.	안심. 이 차량을 조종하는 사람은 없다. 아쉽게도 문이 잠겨 있어서 훔칠 수가 없다.
안심했어요. 이 차량을 조종하는 사람은 없네요.	안심. 이 차량을 조종하는 사람은 없다.
위압. 이 바퀴 달린 차량이 어떻게 두려움을 심어주네요.	위압. 이 바퀴 달린 차량이 어떻게 이런 두려움을 주는지.
재밌네요. 이 위협적인 기계가 실은 비상용이었어요.	재미. 이 위협적인 기계가 실은 비상용이었다.
관찰. 이 묘비는 최근 것이네요.	관찰. 이 묘비는 최근 것이다.
관찰 중. 이런 표지 수천 개가 들판을 채웁니다. 하나하나가 쓰러진 병사를 나타냅니다.	관찰. 이런 표지 수천 개가 들판을 채운다. 하나하나가 쓰러진 병사를 나타낸다.
사려 깊어요. 인간 군사 전술은 많은 허세와 정예 훈련을 포함해요.	사려. 인간 군사 전술은 많은 허세와 정예 훈련을 포함한다.
향수. 이 대포가 글리치 성의 것들을 떠올리게 해요.	향수. 이 대포가 글리치 성의 것들을 떠올리게 한다.
진술. 별이 그려진 깃발입니다.	진술. 별이 그려진 깃발이다.
호기심. 그래, 파벌 안에 파벌이 있다고? 흥미롭네요.	호기심. 그래, 파벌 안에 파벌이 있다고? 흥미롭군.
불안. 중앙의 눈이 소름 끼쳐요.	불안. 중앙의 눈이 소름 끼친다.
분석 중. 심연 포털입니다.	분석. 심연 포털이다.
위압. 주변의 뭐든 빨아들이는 소용돌이를 만들어요.	위압. 주변의 뭐든 빨아들이는 소용돌이를 만든다.
만족. 포획한 생물을 이 장치에 넣으면 근처에 머물게 됩니다.	만족. 포획한 생물을 이 장치에 넣으면 근처에 머물게 된다.
호기심. 누구세요?	호기심. 누구지?
지루함. 그냥 캐비닛입니다.	지루함. 그냥 캐비닛이다.
정보. 표준 선박 문입니다.	정보. 표준 선박 문이다.
스머그. 텔레포터. 순간이동 중에 절전 모드로 들어갈 수 있어요.	거만함. 텔레포터다. 순간이동 중에 절전 모드로 들어갈 수 있다.
매혹적. 상단 또는 'Enable' 노드는 래치가 하단 또는 'Data' 노드를 기준으로 상태를 변경할 수 있는지 여부를 제어합니다.	매혹. 상단 또는 'Enable' 노드는 래치가 하단 또는 'Data' 노드를 기준으로 상태를 변경할 수 있는지 여부를 제어한다.
인상적. 물이 쉽게 빠지네요.	인상적. 물이 쉽게 빠진다.
분석 중. 일반 수단으로 얻을 수 없는 재료로 만든 고대 대장간입니다.	분석. 일반 수단으로 얻을 수 없는 재료로 만든 고대 대장간이다.
겁나요. 이 문 안엔 마주하고 싶지 않은 게 있어요.	두려움. 이 문 안엔 마주하고 싶지 않은 게 있다.
혼란. 이것 근처에서 제 고대 구체가 작동을 멈춰요.	혼란. 이것 근처에서 내 고대 구체가 작동을 멈춘다.
섹스용 간단한 침대네요. 역할은 다 해요!	섹스용 간단한 침대다. 역할은 다 한다!
친절. 애니무스 영역은 영혼이 깃들어 있어도 숨 막히게 아름답습니다.	친절. 애니무스 영역은 영혼이 깃들어 있어도 숨 막히게 아름답다.
친절. 긴 우주 여행 뒤에 신비로운 나무 꼭대기 마을에 머무르면 상쾌하겠군요.	친절. 긴 우주 여행 뒤에 신비로운 나무 꼭대기 마을에 머무르면 상쾌하겠군.
반성적. 예전에 저는 한 사이클의 직공으로 일한 적이 있습니다.	반성. 예전에 나는 한 사이클의 직공으로 일한 적이 있다.
멜랑콜리. 고향의 휘날리는 깃발을 떠올리게 합니다.	우울. 고향의 휘날리는 깃발을 떠올리게 한다.
분석 결과 90% 이상 암모니아에 알코올을 포함한 미량의 불순물이 섞여 있습니다.	분석. 90% 이상 암모니아에 알코올을 포함한 미량의 불순물이 섞여 있다.
관찰. 이 선반은 너무 과하게 설계됐어요.	관찰. 이 선반은 너무 과하게 설계됐다.
관찰. 금속 방화문이네요.	관찰. 금속 방화문이다.
진술서. 관목입니다.	진술. 관목이다.
불안. 이 제단은 무고한 사람들의 피, 아니 어쩌면 새들의 피로 얼룩져 있습니다.	불안. 이 제단은 무고한 사람들의 피, 아니 어쩌면 새들의 피로 얼룩져 있다.
분석. 이 빛은 일종의 유기 액체로 작동하는 것 같아요.	분석. 이 빛은 일종의 유기 액체로 작동하는 것 같다.
흥미롭네요. 펠린제 3D 프린터입니다.	흥미. 펠린제 3D 프린터다.
호기심. 작은 동물입니다.	호기심. 작은 동물이다.
감탄. 이 등불의 불꽃이 밝게 타오르네요.	감탄. 이 등불의 불꽃이 밝게 타오른다.
인상적. 강한 탄성력으로 물체를 밀어냅니다.	인상적. 강한 탄성력으로 물체를 밀어낸다.
경계. 이 불타는 문이 안 열려도 놀랍지 않겠어요.	경계. 이 불타는 문이 안 열려도 놀랍지 않겠군.
분석 중. 불타는 포털입니다.	분석. 불타는 포털이다.
관찰. 이 석상은 수많은 겁 전에 만들어진 것 같아요.	관찰. 이 석상은 수많은 겁 전에 만들어진 것 같다.
호기심. 이 사원에 뭐가 있을까요?	호기심. 이 사원에 뭐가 있을까?
호기심. 이 구슬을 만지면 뭘 하기라도 하나요?	호기심. 이 구슬을 만지면 뭘 하기라도 하나?
호기심. 이런 원시 문명이 어떻게 이런 걸 만들었을까요?	호기심. 이런 원시 문명이 어떻게 이런 걸 만들었을까?
분석 중. 얼어붙은 포털입니다.	분석. 얼어붙은 포털이다.
호기심. 고대인들은 어떻게 영구동토로 문을 만들었을까요?	호기심. 고대인들은 어떻게 영구동토로 문을 만들었을까?
기대되네. 다음은 어디로 갈까요?	기대. 다음은 어디로 갈까?
경고. 이건 들이마시지 마세요!	경고. 이건 들이마시지 마!
진술. 이 기술 스테이션을 재부팅하면 내 함선 AI와의 통신이 복구됩니다.	진술. 이 기술 스테이션을 재부팅하면 내 함선 AI와의 통신이 복구된다.
전시용입니다.	전시용이다.
역겹네요. 썩어가는 물질입니다.	혐오. 썩어가는 물질이다.
혐오. 이 상자는 구역질나는 썩은 재료로 만들어졌어요.	혐오. 이 상자는 구역질나는 썩은 재료로 만들어졌다.
중립. 송신기예요.	중립. 송신기다.
관찰. 'OR'/ 게이트. 작동하려면 최소 1개의 입력이 /'켜져'/ 있어야 합니다.	기쁨. 'OR'/ 게이트. 작동하려면 최소 1개의 입력이 /'켜져'/ 있어야 한다.
편안하죠. 누구나 이런 의자를 가져야 합니다.	편안. 누구나 이런 의자를 가져야 한다.
편안하죠. 누구나 이런 소파를 가져야 해요.	편안. 누구나 이런 소파를 가져야 한다.
걱정. 여보세요? 여기 누구 있나요?	걱정. 여보세요? 여기 누구 있나?
낙관적. 매달린 수납장. 유용합니다.	낙관. 매달린 수납장. 유용하다.
중립. 낯익은 구릉 지대입니다.	중립. 낯익은 구릉 지대다.
중립. 바람이라는 자연 원소의 상징이 그려진 커다란 색판입니다.	중립. 바람이라는 자연 원소의 상징이 그려진 커다란 색판이다.
중립. 대지라는 자연 원소의 상징이 그려진 커다란 색판입니다.	중립. 대지라는 자연 원소의 상징이 그려진 커다란 색판이다.
중립. 불이라는 자연 원소의 상징이 그려진 커다란 색판입니다.	중립. 불이라는 자연 원소의 상징이 그려진 커다란 색판이다.
중립. 물이라는 자연 원소의 상징이 그려진 커다란 색판입니다.	중립. 물이라는 자연 원소의 상징이 그려진 커다란 색판이다.
감사. 텔레비전은 진정 인류의 가장 위대한 업적 중 하나입니다.	감사. 텔레비전은 진정 인류의 가장 위대한 업적 중 하나다.
중립. 보호국 협회의 저수조입니다.	중립. 보호국 협회의 저수조다.
당황. 화살표는 여러 가지 가능성을 나타낼 수 있습니다.	당황. 화살표는 여러 가지 가능성을 나타낼 수 있다.
안심. 이 문은 매우 무겁기 때문에 수밀해야 합니다.	안심. 이 문은 매우 무겁기 때문에 수밀해야 한다.
좋아 은하계 최신 뉴스를 받아볼까요?	기쁨. 은하계 최신 뉴스를 받아볼까.
안타까움. 기계의 운명이 안타깝네요.	안타까움. 기계의 운명이 안타깝다.
숙고. 누가 그런 기술을 만들어서 버릴 수 있을까요?	숙고. 누가 그런 기술을 만들어서 버릴 수 있을까.
혐오. 이 상자는 압축 유독 폐기물로 만들어졌어요.	혐오. 이 상자는 압축 유독 폐기물로 만들어졌다.
분석 중. 방사능 오염 포털입니다.	분석. 방사능 오염 포털이다.
불안. 이 횃불이 사악한 기운을 뿜어요.	불안. 이 횃불이 사악한 기운을 뿜는다.
호기심. 읽을 게 있을지도요.	호기심. 읽을 게 있을지도 모른다.
정보 제공. 이 기호의 이미지는 기계 스테이션을 나타냅니다.	정보. 이 기호의 이미지는 기계 스테이션을 나타낸다.
쾌활함. 임무 보고합니다!	쾌활. 임무 보고한다!
장난기. 예, 선장님, 갑판을 티끌 하나 없이 닦아놨습니다!	장난기. 예, 선장님, 갑판을 티끌 하나 없이 닦아놨다!
분석적. 대기 간섭은이 패널이 낮은 고도에서 더 적은 전력을 생성한다는 것을 의미합니다.	분석. 대기 간섭 때문에 이 패널은 낮은 고도에서 더 적은 전력을 생성한다는 의미다.
결론. 이 구체가 이 치유 총 용도임에 틀림없어요.	결론. 이 구체가 이 치유 총의 용도임에 틀림없다.
관찰. 이 치유 구체 소켓의 빨간 표시는 구체의 생명력을 빼야 함을 의미해요.	관찰. 이 치유 구체 소켓의 빨간 표시는 구체의 생명력을 빼야 함을 의미한다.
겁남. 저 함정에서 멀리 있어야 해요. 전 너무 약해요.	겁남. 저 함정에서 멀리 있어야 한다. 나는 너무 약하다.
경계. 이 기구가 발사하지 못하게 막아야겠어요.	경계. 이 기구가 발사하지 못하게 막아야겠다.
안도. 방출된 구체로 즉시 회복할 수 있어요.	안도. 방출된 구체로 즉시 회복할 수 있다.
관찰. 이 상자엔 중요한 도구가 있을 거예요.	관찰. 이 상자엔 중요한 도구가 있을 것이다.
흥미롭네요. 이 수수께끼의 문은 어디로 통할까요?	호기심. 이 수수께끼의 문은 어디로 통할까?
쾌활합니다. 수제 문으로 보입니다.	쾌활. 수제 문으로 보인다.
놀랍다. 이 사다리는 구리로 만들어졌어요.	놀람. 이 사다리는 구리로 만들어졌다.
감탄. 금속 프레임 안의 유리와 빛이네요.	감탄. 금속 프레임 안의 유리와 빛이다.
관찰. 이 고유 표지의 소형 위치 모듈로 순간이동용 북마크가 가능하네요.	관찰. 이 고유 표지의 소형 위치 모듈로 순간이동용 북마크가 가능하다.
놀랍네요. 거대한 로고가 홀로그램으로 렌더링됐어요.	놀람. 거대한 로고가 홀로그램으로 렌더링됐다.
관찰: 이 기술은 홀로그램을 생성합니다.	관찰. 이 기술은 홀로그램을 생성한다.
놀랐습니다. 이 장갑 드론은 공격을 버텨내고 되돌려주기도 합니다.	놀람. 이 장갑 드론은 공격을 버텨내고 되돌려주기도 한다.
관찰 중. 짧은 분석 결과, 이 연료통은 연료를 안전하게 저장하도록 만들어졌습니다.	관찰. 짧은 분석 결과, 이 연료통은 연료를 안전하게 저장하도록 만들어졌다.
호기심. 의료 용기 - 안에 뭐든 있을 수 있어요.	호기심. 의료 용기 - 안에 뭐든 있을 수 있다.
관찰. 이 풍력 터빈은 꽤 첨단이네요.	관찰. 이 풍력 터빈은 꽤 첨단이다.
호기심. 위험물 용기 - 안에 뭐든 있을 수 있어요.	호기심. 위험물 용기 - 안에 뭐든 있을 수 있다.
중립. 방탄 카메라예요.	중립. 방탄 카메라다.
주의. 경고가 프로그래밍되고 있습니다.	주의. 경고가 프로그래밍되고 있다.
호기심. 뭔가를 스캔하려 하네요.	호기심. 뭔가를 스캔하려 한다.
관찰: 이 텔레포터는 외계 양식으로 지어졌네요.	관찰. 이 텔레포터는 외계 양식으로 지어졌다.
짜증나네요. 이 텔레포터가 완전히 멈췄어요.	짜증. 이 텔레포터가 완전히 멈췄다.
확신. 처음부터 다시 안 해도 돼요.	확신. 처음부터 다시 안 해도 된다.
겁먹음. 텅 빈 공허예요.	겁먹음. 텅 빈 공허다.
관찰. 이 고드름은 곧 떨어질 것 같아요.	관찰. 이 고드름은 곧 떨어질 것 같다.
겁남. 이 함정은 쉽게 죽일 수 있는 고드름을 쏴요.	겁남. 이 함정은 쉽게 죽일 수 있는 고드름을 쏜다.
겁남. 그냥 작은 구체 함정이에요, 못 이길 건 없어요.	겁남. 그냥 작은 구체 함정이고, 못 이길 건 없다.
경고. 이 통 라벨은 내부에 폭발성이 강한 물질이 있음을 경고합니다.	경고. 이 통 라벨은 내부에 폭발성이 강한 물질이 있음을 경고한다.
만족. 더 큰 FTL 드라이브는 훨씬 더 나은 우주 비행을 의미합니다.	만족. 더 큰 FTL 드라이브는 훨씬 더 나은 우주 비행을 의미한다.
중립. 메탈릭한 선박 사물함이에요.	중립. 메탈릭한 선박 사물함이다.
분석 중. 전기 포털입니다.	분석. 전기 포털이다.
주의. 활성화된 지뢰입니다. 이건 특히 치명적입니다.	주의. 활성화된 지뢰다. 이건 특히 치명적이다.
오두막에 이렇게 놓여 있는 통나무를 보는 것은 드문 일이 아닙니다.	오두막에 이렇게 놓여 있는 통나무를 보는 건 드문 일이 아니구만.
나무로 만든 플랫폼일 뿐이죠.	나무로 만든 플랫폼일 뿐이구만.
두꺼운 금속 도금으로 매우 견고해 보입니다.	두꺼운 금속 도금으로 매우 견고해 보이는구만.
불타는 바위입니다.	불타는 바위구만.
아주 뜨거운 돌로 만든 벽돌입니다.	아주 뜨거운 돌로 만든 벽돌이구만.
이걸 만지는 자는 죽을 거예요.	이걸 만지는 자는 죽을 거구만.
정말 어두운 흑요석 바위들입니다.	정말 어두운 흑요석 바위들이구만.
보기 드문 자갈돌입니다.	보기 드문 자갈돌이구만.
더럽고 소름 끼치는 흙입니다.	더럽고 소름 끼치는 흙이구만.
분명 바위처럼 단단해요.	분명 바위처럼 단단하구만.
진정 좀 해야 할 벽돌입니다.	진정 좀 해야 할 벽돌이구만.
멋진 금속으로 만든 멋진 발판이네요.	멋진 금속으로 만든 멋진 발판이구만.
루나크리트? 이거 무슨 웃긴 이름 농담이에요?	루나크리트? 이거 뭔 웃긴 이름 농담이지?
저런 것에 갇히고 싶진 않아요.	저런 것에 갇히고 싶진 않구만.
인상적인 출입문입니다. 이런 건 분명 싸지 않을 텐데, 인간들은 어쨌든 싸게 만들죠.	인상적인 출입문이구만. 이런 건 분명 싸지 않을 텐데, 인간들은 어쨌든 싸게 만드는구만.
개인 소지품용 사물함입니다. 잠겨 있습니다.	개인 소지품용 사물함이구만. 잠겨 있구만.
이 터빈은 먼지투성이예요. 영원히 여기 있던 것 같아요.	이 터빈은 먼지투성이구만. 영원히 여기 있었던 것 같군.
서류 몇 장이 든 금속 서류함입니다. 뒤져보진 않겠어요.	서류 몇 장이 든 금속 서류함이구만. 뒤져보진 않겠어.
뭔가 기계입니다.	뭔가 기계구만.
타이핑으로 종이를 만드는 기계입니다.	타이핑으로 종이를 만드는 기계구만.
이게 뭐죠? 이건? 피예요?	이게 뭐지? 이건? 피인가?
좋은 징조가 아닙니다.	좋은 징조가 아니구만.
이런 건 어디에서도 찾기 힘들죠.	이런 건 어디에서도 찾기 힘들구만.
단 음료 자판기입니다.	단 음료 자판기구만.
이 복제기를 사용해 멋진 장비를 만들 수 있습니다.	이 복제기를 사용해 멋진 장비를 만들 수 있구만.
보호국 말로는 미국인들이 끔찍한 사람들이랍니다.	보호국 말로는 미국인들이 끔찍한 사람들이라는구만.
브리튼? 위대했었나? 모르겠네요.	브리튼? 위대했었나? 모르겠구만.
러시아인은 끔찍한 사람들이래요, 보호국에 따르면요.	러시아인은 끔찍한 사람들이라는군, 보호국에 따르면.
식물로는 위압적인 깃발이 안 되네요.	식물로는 위압적인 깃발이 안 되는구만.
충성하지 않는 자들이 그리 똑똑하진 않다고 할 수 있겠네요.	충성하지 않는 자들이 그리 똑똑하진 않다고 할 수 있겠구만.
이 과일에는 너무 많은 맛이 있습니다. 어느 것 하나 제대로 맛볼 수가 없네요.	이 과일에는 너무 많은 맛이 있구만. 어느 것 하나 제대로 맛볼 수가 없군.
질긴 매트리스가 든 벽속 구멍입니다. 제가 보기에도 무척 불편해 보이네요. 담요조차 없어요!	질긴 매트리스가 든 벽속 구멍이구만. 내가 보기에도 무척 불편해 보이는군. 담요조차 없구만!
이건 공기를 많이 뿜어냅니다.	이건 공기를 많이 뿜어내는구만.
어떤 갑옷도 뚫지 못하는 한심한 소형 플라즈마 포탑입니다!	어떤 갑옷도 뚫지 못하는 한심한 소형 플라즈마 포탑이구만!
유리 상판 금속 테이블입니다.	유리 상판 금속 테이블이구만.
이 수납장은 물건 보관용으로 작동합니다.	이 수납장은 물건 보관용으로 작동하는구만.
그 멋진 '채널 전환' 물건들을 어떻게 쓰는지 도통 모르겠어요.	그 멋진 '채널 전환' 물건들을 어떻게 쓰는지 도통 모르겠구만.
그냥 어떤 서비스 패널이에요. 경보 끄기에 유용해요.	그냥 어떤 서비스 패널이구만. 경보 끄기에 유용하구만.
저걸 훔치지 않는 게 좋겠네요.	저걸 훔치지 않는 게 좋겠구만.
추락해 불탄 일종의 기계식 비행조입니다.	추락해 불탄 일종의 기계식 비행조구만.
바퀴 달린 금속 상자입니다.	바퀴 달린 금속 상자구만.
좌석이 하나뿐인데 거의 작은 우주선만 해요!	좌석이 하나뿐인데 거의 작은 우주선만 하구만!
소형 수송 차량입니다. 병사를 싣습니다.	소형 수송 차량이구만. 병사를 싣는구만.
이거야말로 속도와 스타일 양쪽에서 진짜 기술을 보여주네요.	이거야말로 속도와 스타일 양쪽에서 진짜 기술을 보여주는구만.
소형 수송 차량입니다. 사람 수송용인 것 같네요.	소형 수송 차량이구만. 사람 수송용인 것 같군.
떠돌이 상인처럼 생긴 화려한 금속 상자입니다.	떠돌이 상인처럼 생긴 화려한 금속 상자구만.
마차 같지만 금속으로 만들었네요.	마차 같지만 금속으로 만들었구만.
작은 탈것입니다. 무시가 끄는 짐마차가 이보다 더 많이 실을 수 있겠네요.	작은 탈것이구만. 무시가 끄는 짐마차가 이보다 더 많이 실을 수 있겠군.
이 묘비는 누군가의 무덤을 표시해요.	이 묘비는 누군가의 무덤을 표시하는구만.
이 십자가는 누군가의 무덤을 표시해요.	이 십자가는 누군가의 무덤을 표시하는구만.
이 별은 누군가의 무덤을 표시해요.	이 별은 누군가의 무덤을 표시하는구만.
이들은 못 들어봤지만 이 간판은 상태가 좋군요. 군사 저항을 예상해야겠어요.	이들은 못 들어봤지만 이 간판은 상태가 좋구만. 군사 저항을 예상해야겠군.
이상한 대포들이네요.	이상한 대포들이구만.
제가 기억하는 밝은 보호국 깃발이 아니네요.	내가 기억하는 밝은 보호국 깃발이 아니구만.
무슨 뜻인지 모르겠지만 좋아요.	무슨 뜻인지 모르겠지만 좋구만.
눈 달린 으스스한 문입니다.	눈 달린 으스스한 문이구만.
낮잠을 자기에 좋은 곳입니다.	낮잠을 자기에 좋은 곳이구만.
이제 튼튼해 보이는 문입니다!	이제 튼튼해 보이는 문이구만!
그냥 쓰레기일 뿐이죠.	그냥 쓰레기일 뿐이구만.
배에서 볼 수 있는 해치입니다.	배에서 볼 수 있는 해치구만.
심으면 큰 나무로 자랄 거예요.	심으면 큰 나무로 자랄 거구만.
상태 표시기! 오늘이 행운의 날이었으면 좋겠네요!	상태 표시기! 오늘이 행운의 날이었으면 좋겠구만!
순간이동기치고는 정말 멋지네요!	순간이동기치고는 정말 멋지구만!
배에서나 볼 수 있는 문입니다.	배에서나 볼 수 있는 문이구만.
이 스테이션을 통해 SAIL과 대화할 수 있습니다.	이 스테이션을 통해 SAIL과 대화할 수 있구만.
SAIL과 대화할 수 있도록 이 스테이션을 재부팅할 시간입니다.	SAIL과 대화할 수 있도록 이 스테이션을 재부팅할 시간이구만.
FTL 연료는 여기로 들어갑니다!	FTL 연료는 여기로 들어가는구만!
우주선의 텔레포터. 전원을 켜야겠어요!	우주선의 텔레포터. 전원을 켜야겠군!
반짝이는 조명을 한데 묶어 놓았어요.	반짝이는 조명을 한데 묶어 놓았구만.
이런 문이 왜 여기 있을까요?	이런 문이 왜 여기 있을까?
제 고대 구체처럼 보이는 기술이네요.	내 고대 구체처럼 보이는 기술이구만.
냄비는 예나 지금이나 그냥 냄비일 뿐입니다.	냄비는 예나 지금이나 그냥 냄비일 뿐이구만.
인상적인 문이군. 이건 확실히 싸구려가 아니네요.	인상적인 문이군. 이건 확실히 싸구려가 아니구만.
단순하지만 치명적이죠. 제가 가장 좋아하는 종류입니다.	단순하지만 치명적이구만. 내가 가장 좋아하는 종류구만.
이 깃발은 누군가에게 어떤 의미가 있을 것입니다.	이 깃발은 누군가에게 어떤 의미가 있을 것이구만.
개봉하지 않은 상자를 발견하는 건 언제나 짜릿한 일이죠.	개봉하지 않은 상자를 발견하는 건 언제나 짜릿한 일이구만.
이상한 얼굴이야. 하지만 행복해 보이네요.	이상한 얼굴이야. 하지만 행복해 보이는군.
뭔가 유용하게 쓰일 것 같아요.	뭔가 유용하게 쓰일 것 같구만.
이 문이 저를 감시하고 있어요.	이 문이 나를 감시하고 있구만.
이 크고 오래된 장치가 총 같은 걸 만든다고요?	이 크고 오래된 장치가 총 같은 걸 만든다고?
이 어두운 제단은 으스스하고 불안하네요.	이 어두운 제단은 으스스하고 불안하구만.
벽에 박힌 얼어붙은 불꽃입니다. 내 눈엔 말이 안 되네요.	벽에 박힌 얼어붙은 불꽃이구만. 내 눈엔 말이 안 되는군.
어두운 빨간색 전등입니다.	어두운 빨간색 전등이구만.
이 문은 유물이에요.	이 문은 유물이구만.
이 신은 만날 만한 흥미로운 사람 같아요.	이 신은 만날 만한 흥미로운 사람 같구만.
별로 멋진 입구는 아니네요.	별로 멋진 입구는 아니구만.
흥미로운 꼬마들이네요.	흥미로운 꼬마들이구만.
중요해 보이는 구슬로, 만지면 켜집니다.	중요해 보이는 구슬로, 만지면 켜지는구만.
이 문은 이상한 광경이에요.	이 문은 이상한 광경이구만.
잠기지 않은 창고라면 충분히 안전해 보입니다.	잠기지 않은 창고라면 충분히 안전해 보이는구만.
여기에는 물건을 보관할 공간이 많이 있습니다.	여기에는 물건을 보관할 공간이 많이 있구만.
퇴적암입니다.	퇴적암이구만.
썩은 끈적이로 만든 상자입니다.	썩은 끈적이로 만든 상자구만.
이상하게 생긴 송신기입니다	이상하게 생긴 송신기구만
그냥 사물함이면 제 역할을 하는 것 같네요.	그냥 사물함이면 제 역할을 하는 것 같구만.
이 화면은 그냥 멈춰 있습니다.	이 화면은 그냥 멈춰 있구만.
문이 고장나서 곧 열리지 않을 것입니다.	문이 고장나서 곧 열리지 않을 것이구만.
좋은 옛날 텔레비전이군요. 저는 치밀한 미스터리가 펼쳐지는 것을 보는 것을 좋아합니다.	좋은 옛날 텔레비전이구만. 치밀한 미스터리가 펼쳐지는 걸 보는 게 좋더군.
멋지게 생긴 진열대입니다.	멋지게 생긴 진열대구만.
책을 많이 읽지는 않지만 이 코스 책은 읽었습니다.	책을 많이 읽진 않지만 이 교재는 읽어봤구만.
보호국 협회의 저수조입니다.	보호국 협회의 저수조구만.
테이블을 좋아하진 않지만 이 테이블은 멋진 것 같아요.	테이블을 좋아하진 않지만 이건 멋져 보이는구만.
너무 부드러운 것도 있죠.	너무 부드러운 것도 있구만.
제가 아는 한 좋은 뉴스는 없습니다.	무소식이 희소식이지.
이제 이 침대에서 정말 푹 잘 수 있을 것 같아요.	이 침대라면 정말 푹 잘 수 있겠구만.
폐품으로 상자를 만드는 건 좀 무의미한 것 같아요.	폐품으로 상자를 만드는 건 좀 무의미한 것 같구만.
으스스하게 생긴 횃불입니다.	으스스하게 생긴 횃불이구만.
이 표지판은 이 근처에 기계 스테이션이 있다는 뜻입니다.	이 표지판을 보니 이 근처에 메크 스테이션이 있다는 뜻이겠구만.
그는 하루 종일 무언가를 고치는 것이 행복해 보입니다.	저 녀석 하루 종일 뭘 고치는 게 행복해 보이는구만.
체력을 없애야 할 것 같네요.	체력을 없애야 할 것 같구만.
일발 기적은 예쁘지 않아요.	일발 기적은 예쁘지 않구만.
이걸 작동 안 하게 조심해야겠어요.	이걸 작동 안 하게 조심해야겠구만.
진짜요? 진행하려면 소중한 치유 총을 버려야 해요?	진짜냐? 진행하려면 소중한 치유총을 버려야 한단 말이야?
이 문은 치유와 관련된 것 같네요.	이 문은 치유와 관련된 것 같구만.
이 문은 채광과 관련된 것 같네요.	이 문은 채광과 관련된 것 같구만.
금속 방화문이네요.	금속 방화문이구만.
책상에 앉아있을 시간이 없어요.	책상에 앉아있을 시간이 없구만.
약간 소박해 보이지만 괜찮을 것입니다.	좀 투박해 보이지만 그럭저럭 쓸 만하겠구만.
저건 참 이상한 예술 작품이네요.	저건 참 이상한 예술 작품이구만.
저건 정말 멋진 검이네요.	저건 정말 멋진 검이구만.
톡 쏘는 에너지 드링크 한 캔입니다.	톡 쏘는 에너지 드링크 한 캔이구만.
이 홀로그램을 북마크해 빠른 순간이동을 할 수 있겠네요.	이 홀로그램을 북마크해두면 빠르게 순간이동 할 수 있겠구만.
어떤 다이아몬드 모양 물건의 거대한 홀로그램입니다.	어떤 다이아몬드 모양 물건의 거대한 홀로그램이구만.
이거 좋은데요.	이거 좋은데.
이 드론은 꽤 강한 화력을 자랑하네요!	이 드론은 꽤 강한 화력을 자랑하는구만!
안에 뭐가 있을까요.	안에 뭐가 있을지 궁금하구만.
여기 이 풍력 터빈은 마을 것과 비슷해 보여요.	이 풍력 터빈은 마을에 있던 것과 비슷해 보이는구만.
여기 이 카메라는 방탄이에요. 기가 막혀요.	이 카메라는 방탄이구만. 기가 막히는구만.
오, 이거 별거 아니에요.	오, 이거 별거 아니구만.
자외선 전기 랜턴이라 충전이 다할 일 없어요.	자외선 전기 랜턴이라 충전 떨어질 일 없구만.
빨간 화면 말곤 아무것도 안 보여요.	빨간 화면 말곤 아무것도 안 보이는구만.
외계 양식으로 지어진 텔레포터입니다.	외계 양식으로 지어진 텔레포터구만.
엄청나게 화려합니다.	엄청나게 화려하구만.
이걸 부수는 건 덜 귀찮을 거예요.	이걸 부수는 게 덜 귀찮겠구만.
저 밑에 서지 않는 게 좋겠네요.	저 밑에 서지 않는 게 좋겠구만.
거대한 얼음 가시입니다. 험상궂게 생긴 함정이네요.	거대한 얼음 가시구만. 험상궂게 생긴 함정이구만.
가끔씩 뜨거운 목욕을 즐기기도 하죠.	가끔씩 뜨거운 목욕을 즐기기도 하지.
안에 뭐가 있을까요?	안에 뭐가 있으려나?
이 대장간은 금속으로 장비를 만들 때 유용하게 쓰일 거예요.	이 대장간은 금속으로 장비 만들 때 유용하게 쓰이겠구만.
그냥 협탁입니다.	그냥 협탁이구만.
더 크고 가벼운 드라이브, 우주선의 성능을 높여줍니다.	더 크고 빠른 초광속 드라이브구만, 우주선 성능을 높여주지.
